Unnamed: 0,nframe_31213245800,absframe_31213245800,x0_31213245800,y0_31213245800,area_31213245800,yadj_31213245800,flower_31213245800,visit_num_31213245800,sx_31213245800,sy_31213245800,speeds_31213245800
0,0,275135,1854.0,724.0,990.0,724.0,,,1854.0,724.0,47.762432936357
1,1,275136,1760.0,707.0,1652.0,707.0,,,1807.0,715.5,45.56344782583709
2,2,275137,1675.0,680.0,1014.0,680.0,,,1763.0,703.6666666666666,93.51945727434943
3,3,275138,1586.0,641.0,586.0,641.0,,,1673.6666666666667,676.0,92.48723635663956
4,4,275139,1504.0,600.0,1573.0,600.0,,,1588.3333333333333,640.3333333333334,92.7463686021662
5,5,275140,1419.0,571.0,1372.0,571.0,,,1503.0,604.0,84.12952976082634
6,6,275141,1348.0,557.0,821.0,557.0,,,1423.6666666666667,576.0,77.29668671927523
7,7,275142,1282.0,533.0,2105.0,533.0,,,1349.6666666666667,553.6666666666666,70.92562614770817
8,8,275143,1214.0,514.0,844.0,514.0,,,1281.3333333333333,534.6666666666666,69.09333461983779
9,9,275144,1149.0,499.0,1012.0,499.0,,,1215.0,515.3333333333334,64.10581530216699
10,10,275145,1101.0,468.0,768.0,468.0,,,1154.6666666666667,493.6666666666667,55.454686206147
11,11,275146,1065.0,440.0,1211.0,440.0,,,1105.0,469.0,49.4615451077344
12,12,275147,1026.0,416.0,1573.0,416.0,,,1064.0,441.3333333333333,38.53425604431585
13,13,275148,1009.0,398.0,729.0,398.0,,,1033.3333333333333,418.0,24.28762830926248
14,14,275149,1015.0,387.0,1033.0,387.0,,,1016.6666666666666,400.3333333333333,11.080513425729738
15,15,275150,1017.0,384.0,748.0,384.0,,,1013.6666666666666,389.6666666666667,7.340905181848484
16,16,275151,1026.0,384.0,1672.0,384.0,,,1019.3333333333334,385.0,3.7267799624995903
17,17,275152,1025.0,382.0,1515.0,382.0,,,1022.6666666666666,383.3333333333333,2.0275875100995155
18,18,275153,1023.0,383.0,1205.0,383.0,,,1024.6666666666667,383.0,3.1622776601683795
19,19,275154,1029.0,375.0,1406.0,375.0,,,1025.6666666666667,380.0,5.185449728701255
20,20,275155,1036.0,371.0,795.0,371.0,,,1029.3333333333333,376.3333333333333,6.599663291074471
21,21,275156,1037.0,369.0,680.0,369.0,,,1034.0,371.6666666666667,2.8284271247461903
22,22,275157,1035.0,369.0,1041.0,369.0,,,1036.0,369.6666666666667,1.6996731711975983
23,23,275158,1035.0,366.0,907.0,366.0,,,1035.6666666666667,368.0,1.4142135623730951
24,24,275159,1040.0,366.0,720.0,366.0,,,1036.6666666666667,367.0,1.9436506316149704
25,25,275160,1040.0,366.0,756.0,366.0,3.0,1.0,1038.3333333333333,366.0,1.6996731711976654
26,26,275161,1040.0,365.0,684.0,365.0,3.0,1.0,1040.0,365.6666666666667,0.4714045207910048
27,27,275162,1041.0,365.0,681.0,365.0,3.0,1.0,1040.3333333333333,365.3333333333333,0.4714045207910048
28,28,275163,1039.0,367.0,699.0,367.0,3.0,1.0,1040.0,365.6666666666667,0.4714045207909647
29,29,275164,1039.0,366.0,761.0,366.0,3.0,1.0,1039.6666666666667,366.0,1.2018504251546736
30,30,275165,1038.0,367.0,856.0,367.0,3.0,1.0,1038.6666666666667,366.6666666666667,0.7453559924999638
31,31,275166,1038.0,369.0,873.0,369.0,3.0,1.0,1038.3333333333333,367.3333333333333,0.7453559924999129
32,32,275167,1038.0,368.0,818.0,368.0,3.0,1.0,1038.0,368.0,0.3333333333332575
33,33,275168,1037.0,367.0,759.0,367.0,3.0,1.0,1037.6666666666667,368.0,1.0540925533894538
34,34,275169,1041.0,368.0,726.0,368.0,3.0,1.0,1038.6666666666667,367.6666666666667,0.3333333333332575
35,35,275170,1039.0,368.0,753.0,368.0,3.0,1.0,1039.0,367.6666666666667,0.9428090415820902
36,36,275171,1035.0,369.0,856.0,369.0,3.0,1.0,1038.3333333333333,368.3333333333333,1.0540925533894718
37,37,275172,1038.0,369.0,763.0,369.0,3.0,1.0,1037.3333333333333,368.6666666666667,0.3333333333332575
38,38,275173,1038.0,368.0,785.0,368.0,3.0,1.0,1037.0,368.6666666666667,1.3743685418724891
39,39,275174,1039.0,368.0,721.0,368.0,3.0,1.0,1038.3333333333333,368.3333333333333,0.4714045207911254
40,40,275175,1039.0,368.0,757.0,368.0,3.0,1.0,1038.6666666666667,368.0,0.3333333333332575
41,41,275176,1039.0,368.0,801.0,368.0,3.0,1.0,1039.0,368.0,0.0
42,42,275177,1039.0,368.0,666.0,368.0,3.0,1.0,1039.0,368.0,0.4714045207909647
43,43,275178,1040.0,369.0,728.0,369.0,3.0,1.0,1039.3333333333333,368.3333333333333,0.3333333333333712
44,44,275179,1039.0,369.0,643.0,369.0,3.0,1.0,1039.3333333333333,368.6666666666667,0.3333333333334849
45,45,275180,1040.0,368.0,619.0,368.0,3.0,1.0,1039.6666666666667,368.6666666666667,0.3333333333333712
46,46,275181,1040.0,368.0,606.0,368.0,3.0,1.0,1039.6666666666667,368.3333333333333,0.3333333333334849
47,47,275182,1038.0,369.0,673.0,369.0,3.0,1.0,1039.3333333333333,368.3333333333333,0.9428090415819697
48,48,275183,1038.0,370.0,745.0,370.0,3.0,1.0,1038.6666666666667,369.0,1.201850425154705
49,49,275184,1038.0,371.0,807.0,371.0,3.0,1.0,1038.0,370.0,0.3333333333333144
50,50,275185,1038.0,370.0,683.0,370.0,3.0,1.0,1038.0,370.3333333333333,0.0
51,51,275186,1038.0,370.0,634.0,370.0,3.0,1.0,1038.0,370.3333333333333,0.3333333333333144
52,52,275187,1038.0,370.0,635.0,370.0,3.0,1.0,1038.0,370.0,0.3333333333332575
53,53,275188,1039.0,370.0,592.0,370.0,3.0,1.0,1038.3333333333333,370.0,0.3333333333334849
54,54,275189,1039.0,370.0,605.0,370.0,3.0,1.0,1038.6666666666667,370.0,0.6666666666665151
55,55,275190,1040.0,370.0,641.0,370.0,3.0,1.0,1039.3333333333333,370.0,0.7453559924999892
56,56,275191,1041.0,369.0,810.0,369.0,3.0,1.0,1040.0,369.6666666666667,1.666666666666697
57,57,275192,1042.0,366.0,638.0,366.0,3.0,1.0,1041.0,368.3333333333333,1.490711984999877
58,58,275193,1042.0,366.0,639.0,366.0,3.0,1.0,1041.6666666666667,367.0,1.374368541872517
59,59,275194,1042.0,365.0,582.0,365.0,3.0,1.0,1042.0,365.6666666666667,0.6666666666666856
60,60,275195,1042.0,364.0,499.0,364.0,3.0,1.0,1042.0,365.0,0.6666666666666856
61,61,275196,1042.0,364.0,498.0,364.0,3.0,1.0,1042.0,364.3333333333333,0.6666666666666288
62,62,275197,1042.0,363.0,447.0,363.0,3.0,1.0,1042.0,363.6666666666667,0.4714045207910048
63,63,275198,1043.0,363.0,437.0,363.0,3.0,1.0,1042.3333333333333,363.3333333333333,0.4714045207911254
64,64,275199,1043.0,363.0,437.0,363.0,3.0,1.0,1042.6666666666667,363.0,0.4714045207909647
65,65,275200,1043.0,364.0,457.0,364.0,3.0,1.0,1043.0,363.3333333333333,0.4714045207910048
66,66,275201,1042.0,364.0,422.0,364.0,3.0,1.0,1042.6666666666667,363.6666666666667,0.4714045207911254
67,67,275202,1042.0,364.0,432.0,364.0,3.0,1.0,1042.3333333333333,364.0,0.3333333333332575
68,68,275203,1042.0,364.0,430.0,364.0,3.0,1.0,1042.0,364.0,0.0
69,69,275204,1042.0,364.0,404.0,364.0,3.0,1.0,1042.0,364.0,0.3333333333332575
70,70,275205,1043.0,364.0,370.0,364.0,3.0,1.0,1042.3333333333333,364.0,0.3333333333334849
71,71,275206,1043.0,364.0,371.0,364.0,3.0,1.0,1042.6666666666667,364.0,0.3333333333332575
72,72,275207,1043.0,364.0,327.0,364.0,3.0,1.0,1043.0,364.0,0.0
73,73,275208,1043.0,364.0,343.0,364.0,3.0,1.0,1043.0,364.0,0.0
74,74,275209,1043.0,364.0,326.0,364.0,3.0,1.0,1043.0,364.0,0.3333333333332575
75,75,275210,1042.0,364.0,350.0,364.0,3.0,1.0,1042.6666666666667,364.0,0.3333333333334849
76,76,275211,1042.0,364.0,399.0,364.0,3.0,1.0,1042.3333333333333,364.0,0.7453559924997859
77,77,275212,1041.0,363.0,452.0,363.0,3.0,1.0,1041.6666666666667,363.6666666666667,0.6666666666666856
78,78,275213,1042.0,362.0,441.0,362.0,3.0,1.0,1041.6666666666667,363.0,1.201850425154579
79,79,275214,1044.0,361.0,438.0,361.0,3.0,1.0,1042.3333333333333,362.0,2.3570226039552256
80,80,275215,1046.0,358.0,465.0,358.0,3.0,1.0,1044.0,360.3333333333333,1.943650631615068
81,81,275216,1045.0,357.0,456.0,357.0,3.0,1.0,1045.0,358.6666666666667,1.6996731711975983
82,82,275217,1045.0,356.0,466.0,356.0,3.0,1.0,1045.3333333333333,357.0,0.6666666666666856
83,83,275218,1046.0,356.0,443.0,356.0,3.0,1.0,1045.3333333333333,356.3333333333333,0.4714045207911254
84,84,275219,1046.0,356.0,409.0,356.0,3.0,1.0,1045.6666666666667,356.0,0.3333333333333144
85,85,275220,1045.0,355.0,408.0,355.0,3.0,1.0,1045.6666666666667,355.6666666666667,0.3333333333333712
86,86,275221,1046.0,355.0,394.0,355.0,3.0,1.0,1045.6666666666667,355.3333333333333,0.6666666666666288
87,87,275222,1046.0,354.0,415.0,354.0,3.0,1.0,1045.6666666666667,354.6666666666667,0.7453559924999129
88,88,275223,1046.0,353.0,420.0,353.0,3.0,1.0,1046.0,354.0,1.374368541872517
89,89,275224,1047.0,351.0,329.0,351.0,3.0,1.0,1046.3333333333333,352.6666666666667,1.201850425154705
90,90,275225,1048.0,351.0,317.0,351.0,3.0,1.0,1047.0,351.6666666666667,1.4907119849999275
91,91,275226,1048.0,349.0,323.0,349.0,3.0,1.0,1047.6666666666667,350.3333333333333,0.9428090415819294
92,92,275227,1049.0,349.0,319.0,349.0,3.0,1.0,1048.3333333333333,349.6666666666667,0.6666666666666856
93,93,275228,1048.0,349.0,313.0,349.0,3.0,1.0,1048.3333333333333,349.0,0.3333333333334849
94,94,275229,1049.0,349.0,313.0,349.0,3.0,1.0,1048.6666666666667,349.0,0.7453559925000147
95,95,275230,1048.0,347.0,271.0,347.0,3.0,1.0,1048.3333333333333,348.3333333333333,0.7453559924999638
96,96,275231,1049.0,347.0,266.0,347.0,3.0,1.0,1048.6666666666667,347.6666666666667,0.6666666666666856
97,97,275232,1049.0,347.0,254.0,347.0,3.0,1.0,1048.6666666666667,347.0,0.3333333333332575
98,98,275233,1049.0,347.0,246.0,347.0,3.0,1.0,1049.0,347.0,0.0
99,99,275234,1049.0,347.0,246.0,347.0,3.0,1.0,1049.0,347.0,0.3333333333333144
100,100,275235,1049.0,346.0,260.0,346.0,3.0,1.0,1049.0,346.6666666666667,0.7453559925000147
101,101,275236,1051.0,346.0,315.0,346.0,3.0,1.0,1049.6666666666667,346.3333333333333,0.4714045207909647
102,102,275237,1050.0,346.0,289.0,346.0,3.0,1.0,1050.0,346.0,0.4714045207909647
103,103,275238,1048.0,345.0,317.0,345.0,3.0,1.0,1049.6666666666667,345.6666666666667,1.2018504251546736
104,104,275239,1048.0,344.0,301.0,344.0,3.0,1.0,1048.6666666666667,345.0,1.2018504251546736
105,105,275240,1047.0,344.0,282.0,344.0,3.0,1.0,1047.6666666666667,344.3333333333333,0.3333333333333144
106,106,275241,1048.0,344.0,272.0,344.0,3.0,1.0,1047.6666666666667,344.0,0.7453559924999129
107,107,275242,1049.0,346.0,299.0,346.0,3.0,1.0,1048.0,344.6666666666667,0.7453559924998622
108,108,275243,1048.0,346.0,325.0,346.0,3.0,1.0,1048.3333333333333,345.3333333333333,0.7453559925000147
109,109,275244,1049.0,346.0,325.0,346.0,3.0,1.0,1048.6666666666667,346.0,0.3333333333332575
110,110,275245,1050.0,346.0,305.0,346.0,3.0,1.0,1049.0,346.0,1.0540925533894538
111,111,275246,1051.0,345.0,318.0,345.0,3.0,1.0,1050.0,345.6666666666667,0.9428090415821304
112,112,275247,1051.0,344.0,329.0,344.0,3.0,1.0,1050.6666666666667,345.0,0.3333333333333144
113,113,275248,1050.0,345.0,330.0,345.0,3.0,1.0,1050.6666666666667,344.6666666666667,0.3333333333334849
114,114,275249,1050.0,345.0,338.0,345.0,3.0,1.0,1050.3333333333333,344.6666666666667,0.4714045207909647
115,115,275250,1050.0,345.0,352.0,345.0,3.0,1.0,1050.0,345.0,0.4714045207909647
116,116,275251,1049.0,346.0,317.0,346.0,3.0,1.0,1049.6666666666667,345.3333333333333,0.4714045207911657
117,117,275252,1049.0,346.0,333.0,346.0,3.0,1.0,1049.3333333333333,345.6666666666667,0.3333333333333144
118,118,275253,1050.0,346.0,347.0,346.0,3.0,1.0,1049.3333333333333,346.0,0.4714045207911254
119,119,275254,1050.0,347.0,337.0,347.0,3.0,1.0,1049.6666666666667,346.3333333333333,0.4714045207910048
120,120,275255,1050.0,347.0,381.0,347.0,3.0,1.0,1050.0,346.6666666666667,0.7453559924998622
121,121,275256,1049.0,348.0,361.0,348.0,3.0,1.0,1049.6666666666667,347.3333333333333,0.7453559925000147
122,122,275257,1049.0,349.0,396.0,349.0,3.0,1.0,1049.3333333333333,348.0,0.0
123,123,275258,1050.0,347.0,392.0,347.0,3.0,1.0,1049.3333333333333,348.0,1.374368541872572
124,124,275259,1050.0,344.0,360.0,344.0,3.0,1.0,1049.6666666666667,346.6666666666667,2.8480012484391946
125,125,275260,1046.0,341.0,329.0,341.0,3.0,1.0,1048.6666666666667,344.0,2.6034165586356
126,126,275261,1045.0,341.0,356.0,341.0,3.0,1.0,1047.0,342.0,2.134374745810917
127,127,275262,1046.0,339.0,271.0,339.0,3.0,1.0,1045.6666666666667,340.3333333333333,1.054092553389436
128,128,275263,1047.0,338.0,294.0,338.0,3.0,1.0,1046.0,339.3333333333333,1.374368541872517
129,129,275264,1046.0,337.0,285.0,337.0,3.0,1.0,1046.3333333333333,338.0,1.0
130,130,275265,1046.0,336.0,304.0,336.0,3.0,1.0,1046.3333333333333,337.0,0.3333333333333144
131,131,275266,1047.0,337.0,297.0,337.0,3.0,1.0,1046.3333333333333,336.6666666666667,0.0
132,132,275267,1046.0,337.0,287.0,337.0,3.0,1.0,1046.3333333333333,336.6666666666667,0.3333333333333144
133,133,275268,1046.0,337.0,302.0,337.0,3.0,1.0,1046.3333333333333,337.0,0.4714045207909647
134,134,275269,1046.0,336.0,300.0,336.0,3.0,1.0,1046.0,336.6666666666667,0.6666666666666856
135,135,275270,1046.0,335.0,330.0,335.0,3.0,1.0,1046.0,336.0,0.6666666666666856
136,136,275271,1046.0,335.0,321.0,335.0,3.0,1.0,1046.0,335.3333333333333,1.201850425154642
137,137,275272,1043.0,334.0,369.0,334.0,3.0,1.0,1045.0,334.6666666666667,2.108185106778925
138,138,275273,1040.0,333.0,390.0,333.0,3.0,1.0,1043.0,334.0,3.0731814857643
139,139,275274,1037.0,333.0,435.0,333.0,3.0,1.0,1040.0,333.3333333333333,2.333333333333257
140,140,275275,1036.0,334.0,394.0,334.0,3.0,1.0,1037.6666666666667,333.3333333333333,1.2018504251546736
141,141,275276,1037.0,335.0,363.0,335.0,3.0,1.0,1036.6666666666667,334.0,0.6666666666666856
142,142,275277,1037.0,335.0,380.0,335.0,3.0,1.0,1036.6666666666667,334.6666666666667,0.4714045207909647
143,143,275278,1037.0,335.0,383.0,335.0,3.0,1.0,1037.0,335.0,0.3333333333332575
144,144,275279,1036.0,335.0,364.0,335.0,3.0,1.0,1036.6666666666667,335.0,0.0
145,145,275280,1037.0,335.0,360.0,335.0,3.0,1.0,1036.6666666666667,335.0,0.7453559924999892
146,146,275281,1035.0,336.0,376.0,336.0,3.0,1.0,1036.0,335.3333333333333,0.0
147,147,275282,1036.0,335.0,398.0,335.0,3.0,1.0,1036.0,335.3333333333333,0.7453559924999129
148,148,275283,1036.0,337.0,401.0,337.0,3.0,1.0,1035.6666666666667,336.0,0.0
149,149,275284,1035.0,336.0,380.0,336.0,3.0,1.0,1035.6666666666667,336.0,0.4714045207911254
150,150,275285,1035.0,336.0,389.0,336.0,3.0,1.0,1035.3333333333333,336.3333333333333,0.6666666666666288
151,151,275286,1036.0,335.0,383.0,335.0,3.0,1.0,1035.3333333333333,335.6666666666667,0.3333333333332575
152,152,275287,1034.0,336.0,316.0,336.0,3.0,1.0,1035.0,335.6666666666667,1.0
153,153,275288,1032.0,336.0,264.0,336.0,3.0,1.0,1034.0,335.6666666666667,1.490711984999775
154,154,275289,1032.0,337.0,240.0,337.0,3.0,1.0,1032.6666666666667,336.3333333333333,1.3743685418727098
155,155,275290,1030.0,337.0,242.0,337.0,3.0,1.0,1031.3333333333333,336.6666666666667,1.201850425154642
156,156,275291,1029.0,338.0,220.0,338.0,3.0,1.0,1030.3333333333333,337.3333333333333,1.0540925533894718
157,157,275292,1029.0,338.0,220.0,338.0,3.0,1.0,1029.3333333333333,337.6666666666667,0.9428090415819294
158,158,275293,1028.0,339.0,193.0,339.0,3.0,1.0,1028.6666666666667,338.3333333333333,1.7950549357114098
159,159,275294,1031.0,333.0,429.0,333.0,3.0,1.0,1029.3333333333333,336.6666666666667,1.4907119849999275
160,160,275295,1031.0,334.0,395.0,334.0,3.0,1.0,1030.0,335.3333333333333,1.943650631615068
161,161,275296,1031.0,334.0,403.0,334.0,3.0,1.0,1031.0,333.6666666666667,1.0540925533894538
162,162,275297,1028.0,334.0,402.0,334.0,3.0,1.0,1030.0,334.0,1.3743685418724754
163,163,275298,1027.0,333.0,449.0,333.0,3.0,1.0,1028.6666666666667,333.6666666666667,1.3743685418727098
164,164,275299,1027.0,333.0,477.0,333.0,3.0,1.0,1027.3333333333333,333.3333333333333,0.0
165,165,275300,1028.0,334.0,481.0,334.0,3.0,1.0,1027.3333333333333,333.3333333333333,0.9428090415821304
166,166,275301,1029.0,335.0,509.0,335.0,3.0,1.0,1028.0,334.0,1.3333333333333144
167,167,275302,1027.0,337.0,479.0,337.0,3.0,1.0,1028.0,335.3333333333333,1.201850425154705
168,168,275303,1026.0,337.0,439.0,337.0,3.0,1.0,1027.3333333333333,336.3333333333333,1.201850425154579
169,169,275304,1027.0,338.0,345.0,338.0,3.0,1.0,1026.6666666666667,337.3333333333333,2.603416558635564
170,170,275305,1033.0,342.0,396.0,342.0,3.0,1.0,1028.6666666666667,339.0,2.5385910352879
171,171,275306,1033.0,340.0,263.0,340.0,3.0,1.0,1031.0,340.0,1.7950549357115788
172,172,275307,1032.0,336.0,234.0,336.0,3.0,1.0,1032.6666666666667,339.3333333333333,3.5901098714230413
173,173,275308,1029.0,332.0,359.0,332.0,3.0,1.0,1031.3333333333333,336.0,7.866949147470526
174,174,275309,1019.0,321.0,282.0,321.0,3.0,1.0,1026.6666666666667,329.6666666666667,9.66666666666672
175,175,275310,1012.0,315.0,278.0,315.0,2.0,1.0,1020.0,322.6666666666667,13.068197189275136
176,176,275311,998.0,308.0,221.0,308.0,2.0,1.0,1009.6666666666666,314.6666666666667,13.920408678547329
177,177,275312,979.0,309.0,209.0,309.0,2.0,1.0,996.3333333333334,310.6666666666667,17.003267659809133
178,178,275313,961.0,314.0,252.0,314.0,2.0,1.0,979.3333333333334,310.3333333333333,21.262904578422823
179,179,275314,936.0,323.0,1024.0,323.0,2.0,1.0,958.6666666666666,315.3333333333333,30.47220956142751
180,180,275315,893.0,340.0,984.0,340.0,,,930.0,325.6666666666667,36.81334299166845
181,181,275316,855.0,345.0,616.0,345.0,,,894.6666666666666,336.0,42.7551166528639
182,182,275317,810.0,347.0,682.0,347.0,,,852.6666666666666,344.0,41.03386135593112
183,183,275318,770.0,345.0,1226.0,345.0,,,811.6666666666666,345.6666666666667,45.34436140371925
184,184,275319,719.0,348.0,1099.0,348.0,,,766.3333333333334,346.6666666666667,46.35251401548312
185,185,275320,671.0,351.0,1054.0,351.0,,,720.0,348.0,51.35172830587107
186,186,275321,617.0,363.0,1791.0,363.0,,,669.0,354.0,47.13691641260481
187,187,275322,580.0,374.0,1299.0,374.0,,,622.6666666666666,362.6666666666667,46.49611692269454
188,188,275323,535.0,382.0,1673.0,382.0,,,577.3333333333334,373.0,40.11095721731027
189,189,275324,501.0,395.0,1220.0,395.0,,,538.6666666666666,383.6666666666667,42.7720053825448
190,190,275325,461.0,422.0,577.0,422.0,,,499.0,399.6666666666667,40.862914455258526
191,191,275326,433.0,450.0,696.0,450.0,,,465.0,422.3333333333333,38.42019145073477
192,192,275327,420.0,477.0,1008.0,477.0,,,438.0,449.6666666666667,30.73362255829197
193,193,275328,406.0,496.0,1815.0,496.0,,,419.6666666666667,474.3333333333333,24.186773244895647
194,194,275329,397.0,513.0,1465.0,513.0,,,407.6666666666667,495.3333333333333,23.52539998479192
195,195,275330,395.0,543.0,1413.0,543.0,,,399.3333333333333,517.3333333333334,26.459612829954832
196,196,275331,380.0,571.0,699.0,571.0,,,390.6666666666667,542.3333333333334,24.698178070456937
197,197,275332,370.0,582.0,758.0,582.0,,,381.6666666666667,565.3333333333334,16.934514394507353
198,198,275333,365.0,584.0,1213.0,584.0,,,371.6666666666667,579.0,11.35292424395097
199,199,275334,346.0,573.0,1690.0,573.0,,,360.3333333333333,579.6666666666666,12.481096817899354
200,200,275335,339.0,561.0,1899.0,561.0,,,350.0,572.6666666666666,13.207741837439311
201,201,275336,336.0,557.0,1062.0,557.0,,,340.3333333333333,563.6666666666666,6.749485577105476
202,202,275337,335.0,556.0,888.0,556.0,,,336.6666666666667,558.0,4.346134936801806
203,203,275338,338.0,548.0,587.0,548.0,,,336.3333333333333,553.6666666666666,4.123105625617661
204,204,275339,339.0,545.0,496.0,545.0,,,337.3333333333333,549.6666666666666,4.176654695380522
205,205,275340,341.0,545.0,498.0,545.0,1.0,1.0,339.3333333333333,546.0,0.6666666666666288
206,206,275341,336.0,548.0,799.0,548.0,1.0,1.0,338.6666666666667,546.0,1.0
207,207,275342,342.0,545.0,551.0,545.0,1.0,1.0,339.6666666666667,546.0,2.027587510099403
208,208,275343,342.0,539.0,448.0,539.0,1.0,1.0,340.0,544.0,3.1446603773521797
209,209,275344,341.0,540.0,560.0,540.0,1.0,1.0,341.6666666666667,541.3333333333334,2.3333333333333712
210,210,275345,342.0,538.0,606.0,538.0,1.0,1.0,341.6666666666667,539.0,3.299831645537276
211,211,275346,335.0,546.0,956.0,546.0,1.0,1.0,339.3333333333333,541.3333333333334,2.603416558635528
212,212,275347,336.0,546.0,912.0,546.0,1.0,1.0,337.6666666666667,543.3333333333334,3.282952600598717
213,213,275348,338.0,547.0,962.0,547.0,1.0,1.0,336.3333333333333,546.3333333333334,1.054092553389436
214,214,275349,338.0,547.0,979.0,547.0,1.0,1.0,337.3333333333333,546.6666666666666,0.7453559924999638
215,215,275350,338.0,547.0,948.0,547.0,1.0,1.0,338.0,547.0,0.4714045207910451
216,216,275351,339.0,546.0,858.0,546.0,1.0,1.0,338.3333333333333,546.6666666666666,0.7453559924999129
217,217,275352,340.0,546.0,831.0,546.0,1.0,1.0,339.0,546.3333333333334,0.7453559924999638
218,218,275353,340.0,546.0,805.0,546.0,1.0,1.0,339.6666666666667,546.0,0.6666666666666288
219,219,275354,339.0,544.0,818.0,544.0,1.0,1.0,339.6666666666667,545.3333333333334,0.0
220,220,275355,340.0,546.0,788.0,546.0,1.0,1.0,339.6666666666667,545.3333333333334,0.0
221,221,275356,340.0,546.0,732.0,546.0,1.0,1.0,339.6666666666667,545.3333333333334,1.490711984999877
222,222,275357,335.0,546.0,813.0,546.0,1.0,1.0,338.3333333333333,546.0,2.8480012484391413
223,223,275358,332.0,543.0,800.0,543.0,1.0,1.0,335.6666666666667,545.0,2.134374745810944
224,224,275359,336.0,541.0,676.0,541.0,1.0,1.0,334.3333333333333,543.3333333333334,2.8674417556808844
225,225,275360,330.0,539.0,689.0,539.0,1.0,1.0,332.6666666666667,541.0,1.666666666666697
226,226,275361,329.0,539.0,734.0,539.0,1.0,1.0,331.6666666666667,539.6666666666666,1.7950549357115049
227,227,275362,331.0,539.0,780.0,539.0,1.0,1.0,330.0,539.0,0.3333333333333712
228,228,275363,330.0,538.0,752.0,538.0,1.0,1.0,330.0,538.6666666666666,0.94280904158205
229,229,275364,331.0,537.0,712.0,537.0,1.0,1.0,330.6666666666667,538.0,0.3333333333333712
230,230,275365,331.0,538.0,692.0,538.0,1.0,1.0,330.6666666666667,537.6666666666666,0.4714045207910451
231,231,275366,331.0,539.0,671.0,539.0,1.0,1.0,331.0,538.0,0.6666666666666288
232,232,275367,331.0,539.0,641.0,539.0,1.0,1.0,331.0,538.6666666666666,0.7453559924998875
233,233,275368,330.0,536.0,679.0,536.0,1.0,1.0,330.6666666666667,538.0,2.357022603955193
234,234,275369,332.0,532.0,368.0,532.0,1.0,1.0,331.0,535.6666666666666,2.333333333333257
235,235,275370,331.0,532.0,386.0,532.0,1.0,1.0,331.0,533.3333333333334,1.3743685418725855
236,236,275371,331.0,532.0,414.0,532.0,1.0,1.0,331.3333333333333,532.0,0.6666666666666288
237,237,275372,330.0,532.0,394.0,532.0,1.0,1.0,330.6666666666667,532.0,0.4714045207910853
238,238,275373,330.0,533.0,403.0,533.0,1.0,1.0,330.3333333333333,532.3333333333334,0.4714045207909647
239,239,275374,330.0,533.0,411.0,533.0,1.0,1.0,330.0,532.6666666666666,0.3333333333333144
240,240,275375,331.0,532.0,382.0,532.0,1.0,1.0,330.3333333333333,532.6666666666666,0.3333333333332575
241,241,275376,330.0,532.0,377.0,532.0,1.0,1.0,330.3333333333333,532.3333333333334,0.3333333333333712
242,242,275377,330.0,532.0,440.0,532.0,1.0,1.0,330.3333333333333,532.0,0.3333333333333144
243,243,275378,330.0,532.0,447.0,532.0,1.0,1.0,330.0,532.0,0.3333333333333144
244,244,275379,329.0,532.0,473.0,532.0,1.0,1.0,329.6666666666667,532.0,0.3333333333333712
245,245,275380,330.0,531.0,431.0,531.0,1.0,1.0,329.6666666666667,531.6666666666666,1.3743685418724891
246,246,275381,329.0,528.0,409.0,528.0,1.0,1.0,329.3333333333333,530.3333333333334,1.6996731711976654
247,247,275382,328.0,527.0,454.0,527.0,1.0,1.0,329.0,528.6666666666666,2.403700850309316
248,248,275383,326.0,525.0,456.0,525.0,1.0,1.0,327.6666666666667,526.6666666666666,1.2018504251546736
249,249,275384,327.0,525.0,489.0,525.0,1.0,1.0,327.0,525.6666666666666,0.7453559924998875
250,250,275385,327.0,525.0,468.0,525.0,1.0,1.0,326.6666666666667,525.0,0.7453559924999129
251,251,275386,328.0,526.0,496.0,526.0,1.0,1.0,327.3333333333333,525.3333333333334,0.3333333333333712
252,252,275387,327.0,524.0,445.0,524.0,1.0,1.0,327.3333333333333,525.0,0.3333333333333712
253,253,275388,327.0,524.0,445.0,524.0,1.0,1.0,327.3333333333333,524.6666666666666,0.7453559924998875
254,254,275389,327.0,524.0,438.0,524.0,1.0,1.0,327.0,524.0,0.6666666666666288
255,255,275390,327.0,526.0,479.0,526.0,1.0,1.0,327.0,524.6666666666666,0.6666666666667425
256,256,275391,327.0,526.0,519.0,526.0,1.0,1.0,327.0,525.3333333333334,0.7453559924998875
257,257,275392,326.0,526.0,504.0,526.0,1.0,1.0,326.6666666666667,526.0,0.3333333333333712
258,258,275393,326.0,526.0,489.0,526.0,1.0,1.0,326.3333333333333,526.0,0.7453559924999129
259,259,275394,325.0,525.0,476.0,525.0,1.0,1.0,325.6666666666667,525.6666666666666,1.0540925533894718
260,260,275395,325.0,523.0,461.0,523.0,1.0,1.0,325.3333333333333,524.6666666666666,2.0
261,261,275396,326.0,520.0,397.0,520.0,1.0,1.0,325.3333333333333,522.6666666666666,2.0
262,262,275397,325.0,519.0,428.0,519.0,1.0,1.0,325.3333333333333,520.6666666666666,1.6666666666666288
263,263,275398,325.0,518.0,427.0,518.0,1.0,1.0,325.3333333333333,519.0,0.4714045207910451
264,264,275399,325.0,519.0,397.0,519.0,1.0,1.0,325.0,518.6666666666666,0.0
265,265,275400,325.0,519.0,398.0,519.0,1.0,1.0,325.0,518.6666666666666,0.4714045207910451
266,266,275401,326.0,519.0,376.0,519.0,1.0,1.0,325.3333333333333,519.0,0.3333333333333712
267,267,275402,326.0,519.0,419.0,519.0,1.0,1.0,325.6666666666667,519.0,1.0
268,268,275403,328.0,519.0,378.0,519.0,1.0,1.0,326.6666666666667,519.0,0.3333333333333144
269,269,275404,327.0,519.0,377.0,519.0,1.0,1.0,327.0,519.0,0.3333333333333144
270,270,275405,327.0,519.0,376.0,519.0,1.0,1.0,327.3333333333333,519.0,0.3333333333333144
271,271,275406,327.0,519.0,373.0,519.0,1.0,1.0,327.0,519.0,0.0
272,272,275407,327.0,519.0,384.0,519.0,1.0,1.0,327.0,519.0,0.0
273,273,275408,327.0,519.0,371.0,519.0,1.0,1.0,327.0,519.0,0.0
274,274,275409,327.0,519.0,350.0,519.0,1.0,1.0,327.0,519.0,0.7453559924999638
275,275,275410,329.0,518.0,345.0,518.0,1.0,1.0,327.6666666666667,518.6666666666666,0.7453559924998875
276,276,275411,328.0,517.0,326.0,517.0,1.0,1.0,328.0,518.0,1.666666666666697
277,277,275412,330.0,515.0,273.0,515.0,1.0,1.0,329.0,516.6666666666666,1.3743685418724754
278,278,275413,330.0,514.0,300.0,514.0,1.0,1.0,329.3333333333333,515.3333333333334,1.2018504251546736
279,279,275414,330.0,514.0,268.0,514.0,1.0,1.0,330.0,514.3333333333334,0.4714045207910451
280,280,275415,329.0,514.0,287.0,514.0,1.0,1.0,329.6666666666667,514.0,0.0
281,281,275416,330.0,514.0,284.0,514.0,1.0,1.0,329.6666666666667,514.0,0.4714045207910853
282,282,275417,329.0,513.0,275.0,513.0,1.0,1.0,329.3333333333333,513.6666666666666,0.3333333333332575
283,283,275418,329.0,513.0,264.0,513.0,1.0,1.0,329.3333333333333,513.3333333333334,0.3333333333333712
284,284,275419,330.0,513.0,258.0,513.0,1.0,1.0,329.3333333333333,513.0,1.0540925533894718
285,285,275420,332.0,512.0,158.0,512.0,1.0,1.0,330.3333333333333,512.6666666666666,1.0
286,286,275421,332.0,513.0,163.0,513.0,1.0,1.0,331.3333333333333,512.6666666666666,0.0
287,287,275422,330.0,513.0,185.0,513.0,1.0,1.0,331.3333333333333,512.6666666666666,0.4714045207910853
288,288,275423,333.0,513.0,178.0,513.0,1.0,1.0,331.6666666666667,513.0,0.6666666666666288
289,289,275424,334.0,513.0,167.0,513.0,1.0,1.0,332.3333333333333,513.0,1.699673171197621
290,290,275425,335.0,512.0,148.0,512.0,1.0,1.0,334.0,512.6666666666666,0.3333333333333144
291,291,275426,334.0,513.0,148.0,513.0,1.0,1.0,334.3333333333333,512.6666666666666,0.3333333333333712
292,292,275427,335.0,513.0,148.0,513.0,1.0,1.0,334.6666666666667,512.6666666666666,0.3333333333333712
293,293,275428,334.0,512.0,148.0,512.0,1.0,1.0,334.3333333333333,512.6666666666666,0.3333333333332575
294,294,275429,334.0,512.0,150.0,512.0,1.0,1.0,334.3333333333333,512.3333333333334,0.0
295,295,275430,335.0,513.0,140.0,513.0,1.0,1.0,334.3333333333333,512.3333333333334,0.3333333333333712
296,296,275431,335.0,512.0,145.0,512.0,1.0,1.0,334.6666666666667,512.3333333333334,0.0
297,297,275432,334.0,512.0,150.0,512.0,1.0,1.0,334.6666666666667,512.3333333333334,0.3333333333333712
298,298,275433,335.0,512.0,140.0,512.0,1.0,1.0,334.6666666666667,512.0,0.7453559924999129
299,299,275434,337.0,513.0,156.0,513.0,1.0,1.0,335.3333333333333,512.3333333333334,1.0
300,300,275435,337.0,512.0,176.0,512.0,1.0,1.0,336.3333333333333,512.3333333333334,1.0
301,301,275436,338.0,512.0,176.0,512.0,1.0,1.0,337.3333333333333,512.3333333333334,0.7453559924999638
302,302,275437,339.0,512.0,189.0,512.0,1.0,1.0,338.0,512.0,0.7453559924999638
303,303,275438,339.0,513.0,189.0,513.0,1.0,1.0,338.6666666666667,512.3333333333334,0.4714045207909647
304,304,275439,339.0,513.0,255.0,513.0,1.0,1.0,339.0,512.6666666666666,0.3333333333333144
305,305,275440,338.0,512.0,296.0,512.0,1.0,1.0,338.6666666666667,512.6666666666666,0.3333333333332575
306,306,275441,339.0,512.0,271.0,512.0,1.0,1.0,338.6666666666667,512.3333333333334,0.3333333333333712
307,307,275442,339.0,512.0,273.0,512.0,1.0,1.0,338.6666666666667,512.0,0.3333333333333144
308,308,275443,338.0,511.0,278.0,511.0,1.0,1.0,338.6666666666667,511.6666666666667,0.4714045207910853
309,309,275444,338.0,511.0,275.0,511.0,1.0,1.0,338.3333333333333,511.3333333333333,0.6666666666666288
310,310,275445,337.0,512.0,287.0,512.0,1.0,1.0,337.6666666666667,511.3333333333333,0.3333333333333712
311,311,275446,338.0,512.0,290.0,512.0,1.0,1.0,337.6666666666667,511.6666666666667,0.3333333333333712
312,312,275447,337.0,511.0,311.0,511.0,1.0,1.0,337.3333333333333,511.6666666666667,0.4714045207910853
313,313,275448,338.0,511.0,303.0,511.0,1.0,1.0,337.6666666666667,511.3333333333333,0.3333333333333144
314,314,275449,338.0,511.0,309.0,511.0,1.0,1.0,337.6666666666667,511.0,0.0
315,315,275450,337.0,511.0,317.0,511.0,1.0,1.0,337.6666666666667,511.0,0.7453559924999638
316,316,275451,337.0,513.0,275.0,513.0,1.0,1.0,337.3333333333333,511.6666666666667,0.7453559924999384
317,317,275452,337.0,513.0,303.0,513.0,1.0,1.0,337.0,512.3333333333334,1.2018504251546736
318,318,275453,339.0,514.0,289.0,514.0,1.0,1.0,337.6666666666667,513.3333333333334,0.7453559924998875
319,319,275454,338.0,515.0,339.0,515.0,1.0,1.0,338.0,514.0,0.7453559924998875
320,320,275455,338.0,515.0,364.0,515.0,1.0,1.0,338.3333333333333,514.6666666666666,0.3333333333333144
321,321,275456,338.0,514.0,332.0,514.0,1.0,1.0,338.0,514.6666666666666,0.3333333333333144
322,322,275457,339.0,515.0,351.0,515.0,1.0,1.0,338.3333333333333,514.6666666666666,0.3333333333333712
323,323,275458,339.0,515.0,364.0,515.0,1.0,1.0,338.6666666666667,514.6666666666666,0.4714045207910451
324,324,275459,339.0,515.0,366.0,515.0,1.0,1.0,339.0,515.0,0.3333333333333144
325,325,275460,338.0,515.0,358.0,515.0,1.0,1.0,338.6666666666667,515.0,0.3333333333333712
326,326,275461,339.0,516.0,351.0,516.0,1.0,1.0,338.6666666666667,515.3333333333334,0.3333333333332575
327,327,275462,339.0,516.0,351.0,516.0,1.0,1.0,338.6666666666667,515.6666666666666,0.7453559924999129
328,328,275463,340.0,516.0,360.0,516.0,1.0,1.0,339.3333333333333,516.0,0.0
329,329,275464,339.0,516.0,342.0,516.0,1.0,1.0,339.3333333333333,516.0,0.3333333333333712
330,330,275465,340.0,516.0,349.0,516.0,1.0,1.0,339.6666666666667,516.0,0.0
331,331,275466,340.0,516.0,356.0,516.0,1.0,1.0,339.6666666666667,516.0,0.4714045207910451
332,332,275467,340.0,515.0,319.0,515.0,1.0,1.0,340.0,515.6666666666666,0.3333333333332575
333,333,275468,340.0,515.0,309.0,515.0,1.0,1.0,340.0,515.3333333333334,0.3333333333333712
334,334,275469,340.0,515.0,319.0,515.0,1.0,1.0,340.0,515.0,0.0
335,335,275470,340.0,515.0,319.0,515.0,1.0,1.0,340.0,515.0,0.4714045207910451
336,336,275471,341.0,514.0,325.0,514.0,1.0,1.0,340.3333333333333,514.6666666666666,0.0
337,337,275472,340.0,515.0,310.0,515.0,1.0,1.0,340.3333333333333,514.6666666666666,0.0
338,338,275473,340.0,515.0,310.0,515.0,1.0,1.0,340.3333333333333,514.6666666666666,0.4714045207910451
339,339,275474,340.0,515.0,325.0,515.0,1.0,1.0,340.0,515.0,0.3333333333333144
340,340,275475,339.0,515.0,314.0,515.0,1.0,1.0,339.6666666666667,515.0,0.3333333333333712
341,341,275476,340.0,516.0,304.0,516.0,1.0,1.0,339.6666666666667,515.3333333333334,0.0
342,342,275477,340.0,515.0,300.0,515.0,1.0,1.0,339.6666666666667,515.3333333333334,0.6666666666666288
343,343,275478,341.0,515.0,289.0,515.0,1.0,1.0,340.3333333333333,515.3333333333334,0.0
344,344,275479,340.0,516.0,304.0,516.0,1.0,1.0,340.3333333333333,515.3333333333334,0.3333333333332575
345,345,275480,340.0,516.0,293.0,516.0,1.0,1.0,340.3333333333333,515.6666666666666,0.4714045207910451
346,346,275481,340.0,516.0,279.0,516.0,1.0,1.0,340.0,516.0,0.7453559924998875
347,347,275482,341.0,518.0,343.0,518.0,1.0,1.0,340.3333333333333,516.6666666666666,0.9428090415820902
348,348,275483,338.0,518.0,351.0,518.0,1.0,1.0,339.6666666666667,517.3333333333334,2.5385910352879
349,349,275484,337.0,523.0,448.0,523.0,1.0,1.0,338.6666666666667,519.6666666666666,2.403700850309347
350,350,275485,335.0,522.0,475.0,522.0,1.0,1.0,336.6666666666667,521.0,0.6666666666666288
351,351,275486,338.0,520.0,521.0,520.0,1.0,1.0,336.6666666666667,521.6666666666666,0.94280904158205
352,352,275487,335.0,521.0,557.0,521.0,1.0,1.0,336.0,521.0,1.0540925533894538
353,353,275488,336.0,519.0,504.0,519.0,1.0,1.0,336.3333333333333,520.0,1.201850425154642
354,354,275489,335.0,518.0,459.0,518.0,1.0,1.0,335.3333333333333,519.3333333333334,0.7453559924999892
355,355,275490,334.0,519.0,442.0,519.0,1.0,1.0,335.0,518.6666666666666,0.7453559924999129
356,356,275491,334.0,518.0,458.0,518.0,1.0,1.0,334.3333333333333,518.3333333333334,0.0
357,357,275492,335.0,518.0,436.0,518.0,1.0,1.0,334.3333333333333,518.3333333333334,0.3333333333333712
358,358,275493,335.0,519.0,460.0,519.0,1.0,1.0,334.6666666666667,518.3333333333334,0.4714045207910451
359,359,275494,335.0,517.0,418.0,517.0,1.0,1.0,335.0,518.0,0.3333333333333144
360,360,275495,336.0,518.0,363.0,518.0,1.0,1.0,335.3333333333333,518.0,0.3333333333333712
361,361,275496,335.0,518.0,304.0,518.0,1.0,1.0,335.3333333333333,517.6666666666666,0.0
362,362,275497,335.0,517.0,299.0,517.0,1.0,1.0,335.3333333333333,517.6666666666666,1.0540925533894538
363,363,275498,335.0,515.0,246.0,515.0,1.0,1.0,335.0,516.6666666666666,1.3333333333332575
364,364,275499,335.0,514.0,195.0,514.0,1.0,1.0,335.0,515.3333333333334,1.3333333333333712
365,365,275500,335.0,513.0,163.0,513.0,1.0,1.0,335.0,514.0,0.7453559924998875
366,366,275501,334.0,513.0,174.0,513.0,1.0,1.0,334.6666666666667,513.3333333333334,0.6666666666667425
367,367,275502,335.0,512.0,171.0,512.0,1.0,1.0,334.6666666666667,512.6666666666666,0.0
368,368,275503,335.0,513.0,187.0,513.0,1.0,1.0,334.6666666666667,512.6666666666666,0.6666666666666288
369,369,275504,336.0,513.0,187.0,513.0,1.0,1.0,335.3333333333333,512.6666666666666,0.3333333333333712
370,370,275505,335.0,513.0,195.0,513.0,1.0,1.0,335.3333333333333,513.0,0.6666666666666856
371,371,275506,337.0,513.0,195.0,513.0,1.0,1.0,336.0,513.0,0.4714045207910451
372,372,275507,337.0,512.0,187.0,512.0,1.0,1.0,336.3333333333333,512.6666666666666,1.0
373,373,275508,338.0,513.0,195.0,513.0,1.0,1.0,337.3333333333333,512.6666666666666,0.0
374,374,275509,337.0,513.0,186.0,513.0,1.0,1.0,337.3333333333333,512.6666666666666,0.3333333333333712
375,375,275510,337.0,513.0,176.0,513.0,1.0,1.0,337.3333333333333,513.0,0.6666666666666288
376,376,275511,336.0,513.0,188.0,513.0,1.0,1.0,336.6666666666667,513.0,0.3333333333333712
377,377,275512,336.0,513.0,189.0,513.0,1.0,1.0,336.3333333333333,513.0,0.4714045207910451
378,378,275513,336.0,512.0,195.0,512.0,1.0,1.0,336.0,512.6666666666666,0.7453559924999129
379,379,275514,334.0,512.0,208.0,512.0,1.0,1.0,335.3333333333333,512.3333333333334,1.0540925533894538
380,380,275515,335.0,516.0,348.0,516.0,1.0,1.0,335.0,513.3333333333334,1.943650631615068
381,381,275516,333.0,517.0,391.0,517.0,1.0,1.0,334.0,515.0,1.666666666666697
382,382,275517,331.0,516.0,405.0,516.0,1.0,1.0,333.0,516.3333333333334,1.3333333333333144
383,383,275518,331.0,516.0,447.0,516.0,1.0,1.0,331.6666666666667,516.3333333333334,0.4714045207910853
384,384,275519,332.0,516.0,416.0,516.0,1.0,1.0,331.3333333333333,516.0,1.490711984999877
385,385,275520,335.0,514.0,237.0,514.0,1.0,1.0,332.6666666666667,515.3333333333334,1.0540925533894718
386,386,275521,334.0,515.0,268.0,515.0,1.0,1.0,333.6666666666667,515.0,0.9428090415820096
387,387,275522,334.0,514.0,428.0,514.0,1.0,1.0,334.3333333333333,514.3333333333334,1.699673171197543
388,388,275523,330.0,515.0,556.0,515.0,1.0,1.0,332.6666666666667,514.6666666666666,3.8005847503304784
389,389,275524,323.0,518.0,486.0,518.0,1.0,1.0,329.0,515.6666666666666,9.433981132056603
390,390,275525,310.0,529.0,475.0,529.0,1.0,1.0,321.0,520.6666666666666,16.090024514862904
391,391,275526,293.0,546.0,33.0,546.0,1.0,1.0,308.6666666666667,531.0,8.498365855987949
392,392,275527,312.0,541.0,457.0,541.0,1.0,1.0,305.0,538.6666666666666,5.666666666666703
393,393,275528,325.0,537.0,304.0,537.0,1.0,1.0,310.0,541.3333333333334,16.92466969971479
394,394,275529,336.0,519.0,666.0,519.0,1.0,1.0,324.3333333333333,532.3333333333334,11.742609969205764
395,395,275530,332.0,512.0,174.0,512.0,1.0,1.0,331.0,522.6666666666666,10.994948334980396
396,396,275531,333.0,505.0,159.0,505.0,1.0,1.0,333.6666666666667,512.0,8.333333333333348
397,397,275532,321.0,499.0,141.0,499.0,1.0,1.0,328.6666666666667,505.3333333333333,10.71343911999215
398,398,275533,300.0,515.0,531.0,515.0,1.0,1.0,318.0,506.3333333333333,18.49023766447819
399,399,275534,287.0,536.0,1674.0,536.0,1.0,1.0,302.6666666666667,516.6666666666666,25.933676090279977
400,400,275535,274.0,561.0,1299.0,561.0,,,287.0,537.3333333333334,25.824191930995376
401,401,275536,269.0,586.0,1154.0,586.0,,,276.6666666666667,561.0,20.146684315015477
402,402,275537,270.0,594.0,1537.0,594.0,,,271.0,580.3333333333334,9.297550453987563
403,403,275538,267.0,588.0,67.0,588.0,,,268.6666666666667,589.3333333333334,9.689627902499046
404,404,275539,282.0,612.0,134.0,612.0,,,273.0,598.0,17.694945919982626
405,405,275540,273.0,647.0,524.0,647.0,,,274.0,615.6666666666666,22.373098926066483
406,406,275541,271.0,655.0,661.0,655.0,,,275.3333333333333,638.0,15.919938581679398
407,407,275542,266.0,657.0,638.0,657.0,,,270.0,653.0,5.656854249492381
408,408,275543,261.0,659.0,1619.0,659.0,,,266.0,657.0,5.656854249492381
409,409,275544,259.0,667.0,690.0,667.0,,,262.0,661.0,6.289320754704424
410,410,275545,256.0,673.0,1075.0,673.0,,,258.6666666666667,666.3333333333334,4.176654695380522
411,411,275546,255.0,670.0,1273.0,670.0,,,256.6666666666667,670.0,3.0
412,412,275547,268.0,667.0,1214.0,667.0,,,259.6666666666667,670.0,4.737556801183936
413,413,275548,267.0,664.0,1085.0,664.0,,,263.3333333333333,667.0,6.119186583561973
414,414,275549,271.0,661.0,1090.0,661.0,,,268.6666666666667,664.0,2.3333333333333712
415,415,275550,268.0,660.0,986.0,660.0,,,268.6666666666667,661.6666666666666,0.7453559924998622
416,416,275551,269.0,663.0,925.0,663.0,,,269.3333333333333,661.3333333333334,2.108185106778908
417,417,275552,269.0,667.0,1465.0,667.0,,,268.6666666666667,663.3333333333334,1.88561808316406
418,418,275553,272.0,664.0,1274.0,664.0,,,270.0,664.6666666666666,1.3333333333333144
419,419,275554,273.0,663.0,1019.0,663.0,,,271.3333333333333,664.6666666666666,0.94280904158205
420,420,275555,271.0,665.0,1024.0,665.0,,,272.0,664.0,1.6666666666666288
421,421,275556,272.0,659.0,984.0,659.0,,,272.0,662.3333333333334,0.6666666666667425
422,422,275557,273.0,661.0,1069.0,661.0,,,272.0,661.6666666666666,0.6666666666666288
423,423,275558,271.0,663.0,1052.0,663.0,,,272.0,661.0,1.3743685418725855
424,424,275559,271.0,663.0,944.0,663.0,,,271.6666666666667,662.3333333333334,2.357022603955185
425,425,275560,266.0,662.0,848.0,662.0,,,269.3333333333333,662.6666666666666,1.943650631615068
426,426,275561,266.0,660.0,782.0,660.0,,,267.6666666666667,661.6666666666666,2.4267032964268656
427,427,275562,264.0,661.0,721.0,661.0,,,265.3333333333333,661.0,0.9428090415820096
428,428,275563,264.0,660.0,541.0,660.0,,,264.6666666666667,660.3333333333334,0.7453559924999638
429,429,275564,264.0,659.0,546.0,659.0,,,264.0,660.0,1.6666666666666288
430,430,275565,264.0,656.0,508.0,656.0,,,264.0,658.3333333333334,1.3743685418725855
431,431,275566,263.0,656.0,511.0,656.0,,,263.6666666666667,657.0,0.7453559924999129
432,432,275567,263.0,657.0,431.0,657.0,,,263.3333333333333,656.3333333333334,0.3333333333333144
433,433,275568,263.0,656.0,434.0,656.0,,,263.0,656.3333333333334,0.3333333333333144
434,434,275569,262.0,656.0,492.0,656.0,,,262.6666666666667,656.3333333333334,0.3333333333333712
435,435,275570,263.0,656.0,552.0,656.0,,,262.6666666666667,656.0,0.3333333333333144
436,436,275571,264.0,656.0,596.0,656.0,,,263.0,656.0,0.7453559924999638
437,437,275572,264.0,657.0,583.0,657.0,,,263.6666666666667,656.3333333333334,0.3333333333333144
438,438,275573,264.0,656.0,559.0,656.0,,,264.0,656.3333333333334,0.3333333333333144
439,439,275574,263.0,656.0,567.0,656.0,,,263.6666666666667,656.3333333333334,0.6666666666667425
440,440,275575,264.0,655.0,610.0,655.0,,,263.6666666666667,655.6666666666666,0.6666666666666856
441,441,275576,262.0,656.0,598.0,656.0,,,263.0,655.6666666666666,0.3333333333332575
442,442,275577,263.0,655.0,560.0,655.0,,,263.0,655.3333333333334,1.0
443,443,275578,261.0,655.0,640.0,655.0,,,262.0,655.3333333333334,0.7453559924999892
444,444,275579,261.0,654.0,614.0,654.0,,,261.6666666666667,654.6666666666666,3.0731814857642874
445,445,275580,254.0,653.0,1044.0,653.0,,,258.6666666666667,654.0,8.666666666666709
446,446,275581,237.0,645.0,12.0,645.0,,,250.66666666666663,650.6666666666666,0.0
447,447,275582,261.0,654.0,614.0,654.0,,,250.66666666666663,650.6666666666666,2.333333333333343
448,448,275583,261.0,653.0,591.0,653.0,,,253.0,650.6666666666666,6.128258770283444
449,449,275584,254.0,652.0,992.0,652.0,,,258.6666666666667,653.0,2.4267032964268656
450,450,275585,254.0,652.0,985.0,652.0,,,256.3333333333333,652.3333333333334,2.357022603955145
451,451,275586,254.0,652.0,995.0,652.0,,,254.0,652.0,0.3333333333333428
452,452,275587,253.0,652.0,1039.0,652.0,,,253.66666666666663,652.0,0.3333333333333144
453,453,275588,253.0,652.0,1068.0,652.0,,,253.33333333333331,652.0,0.4714045207910651
454,454,275589,253.0,651.0,1161.0,651.0,,,253.0,651.6666666666666,0.4714045207909848
455,455,275590,252.0,651.0,1163.0,651.0,,,252.66666666666663,651.3333333333334,3.0731814857642874
456,456,275591,262.0,654.0,506.0,654.0,,,255.66666666666663,652.0,2.748737083745089
457,457,275592,261.0,653.0,521.0,653.0,,,258.3333333333333,652.6666666666666,0.6666666666666856
458,458,275593,254.0,651.0,1160.0,651.0,,,259.0,652.6666666666666,3.8005847503304135
459,459,275594,253.0,647.0,1391.0,647.0,,,256.0,650.3333333333334,3.333333333333326
460,460,275595,253.0,647.0,1475.0,647.0,,,253.33333333333331,648.3333333333334,1.0
461,461,275596,254.0,648.0,1330.0,648.0,,,253.33333333333331,647.3333333333334,0.4714045207909647
462,462,275597,254.0,648.0,1310.0,648.0,,,253.66666666666663,647.6666666666666,0.7453559924999638
463,463,275598,255.0,648.0,1213.0,648.0,,,254.33333333333331,648.0,0.4714045207910451
464,464,275599,255.0,647.0,1150.0,647.0,,,254.66666666666663,647.6666666666666,0.7453559924999003
465,465,275600,255.0,646.0,1207.0,646.0,,,255.0,647.0,0.6666666666666288
466,466,275601,255.0,646.0,1179.0,646.0,,,255.0,646.3333333333334,0.3333333333333712
467,467,275602,255.0,646.0,1174.0,646.0,,,255.0,646.0,0.0
468,468,275603,255.0,646.0,1192.0,646.0,,,255.0,646.0,0.0
469,469,275604,255.0,646.0,1209.0,646.0,,,255.0,646.0,0.3333333333333428
470,470,275605,256.0,646.0,1246.0,646.0,,,255.33333333333331,646.0,0.3333333333333712
471,471,275606,255.0,647.0,1230.0,647.0,,,255.33333333333331,646.3333333333334,0.4714045207909848
472,472,275607,254.0,647.0,1208.0,647.0,,,255.0,646.6666666666666,0.4714045207910651
473,473,275608,255.0,647.0,1262.0,647.0,,,254.66666666666663,647.0,0.3333333333333144
474,474,275609,254.0,647.0,1330.0,647.0,,,254.33333333333331,647.0,2.108185106778925
475,475,275610,252.0,653.0,1226.0,653.0,,,253.66666666666663,649.0,2.23606797749979
476,476,275611,252.0,653.0,1156.0,653.0,,,252.66666666666663,651.0,2.426703296426873
477,477,275612,252.0,654.0,1209.0,654.0,,,252.0,653.3333333333334,0.0
478,478,275613,252.0,653.0,1245.0,653.0,,,252.0,653.3333333333334,0.0
479,479,275614,252.0,653.0,1245.0,653.0,,,252.0,653.3333333333334,1.3333333333333712
480,480,275615,252.0,650.0,1219.0,650.0,,,252.0,652.0,0.7453559924999003
481,481,275616,253.0,651.0,1195.0,651.0,,,252.33333333333331,651.3333333333334,1.3743685418725855
482,482,275617,253.0,649.0,1194.0,649.0,,,252.66666666666663,650.0,0.4714045207910651
483,483,275618,253.0,649.0,1129.0,649.0,,,253.0,649.6666666666666,0.6666666666666288
484,484,275619,253.0,649.0,1136.0,649.0,,,253.0,649.0,0.3333333333333712
485,485,275620,253.0,648.0,1167.0,648.0,,,253.0,648.6666666666666,0.3333333333332575
486,486,275621,253.0,648.0,1121.0,648.0,,,253.0,648.3333333333334,0.3333333333333712
487,487,275622,253.0,648.0,1076.0,648.0,,,253.0,648.0,0.0
488,488,275623,253.0,648.0,1076.0,648.0,,,253.0,648.0,0.0
489,489,275624,253.0,648.0,1092.0,648.0,,,253.0,648.0,0.3333333333333712
490,490,275625,253.0,649.0,1112.0,649.0,,,253.0,648.3333333333334,0.3333333333332575
491,491,275626,253.0,649.0,1082.0,649.0,,,253.0,648.6666666666666,0.3333333333333712
492,492,275627,253.0,649.0,1081.0,649.0,,,253.0,649.0,0.0
493,493,275628,253.0,649.0,1083.0,649.0,,,253.0,649.0,0.3333333333333428
494,494,275629,252.0,649.0,1069.0,649.0,,,252.66666666666663,649.0,0.3333333333333144
495,495,275630,252.0,649.0,1096.0,649.0,,,252.33333333333331,649.0,0.0
496,496,275631,253.0,649.0,1144.0,649.0,,,252.33333333333331,649.0,0.3333333333333712
497,497,275632,252.0,650.0,1158.0,650.0,,,252.33333333333331,649.3333333333334,1.3333333333332575
498,498,275633,252.0,653.0,1160.0,653.0,,,252.33333333333331,650.6666666666666,0.745355992500002
499,499,275634,252.0,651.0,1158.0,651.0,,,252.0,651.3333333333334,0.0
500,500,275635,252.0,650.0,1152.0,650.0,,,252.0,651.3333333333334,1.0
501,501,275636,252.0,650.0,1125.0,650.0,,,252.0,650.3333333333334,0.3333333333333712
502,502,275637,252.0,650.0,1136.0,650.0,,,252.0,650.0,0.0
503,503,275638,252.0,650.0,1132.0,650.0,,,252.0,650.0,0.0
504,504,275639,252.0,650.0,1115.0,650.0,,,252.0,650.0,0.0
505,505,275640,252.0,650.0,1120.0,650.0,,,252.0,650.0,0.3333333333333428
506,506,275641,251.0,650.0,1140.0,650.0,,,251.66666666666663,650.0,0.6666666666666572
507,507,275642,250.0,650.0,1130.0,650.0,,,251.0,650.0,0.6666666666666288
508,508,275643,252.0,652.0,1127.0,652.0,,,251.0,650.6666666666666,0.745355992500002
509,509,275644,252.0,652.0,1087.0,652.0,,,251.33333333333331,651.3333333333334,0.7453559924998875
510,510,275645,252.0,651.0,1065.0,651.0,,,252.0,651.6666666666666,0.0
511,511,275646,252.0,652.0,1076.0,652.0,,,252.0,651.6666666666666,1.0540925533894627
512,512,275647,251.0,655.0,1108.0,655.0,,,251.66666666666663,652.6666666666666,1.7950549357115682
513,513,275648,250.0,656.0,1058.0,656.0,,,251.0,654.3333333333334,1.943650631615068
514,514,275649,249.0,657.0,1127.0,657.0,,,250.0,656.0,0.94280904158203
515,515,275650,249.0,657.0,1104.0,657.0,,,249.33333333333331,656.6666666666666,0.3333333333333712
516,516,275651,250.0,657.0,1136.0,657.0,,,249.33333333333331,657.0,0.3333333333333144
517,517,275652,250.0,657.0,1078.0,657.0,,,249.66666666666663,657.0,0.0
518,518,275653,249.0,657.0,1071.0,657.0,,,249.66666666666663,657.0,0.0
519,519,275654,250.0,657.0,1025.0,657.0,,,249.66666666666663,657.0,0.0
520,520,275655,250.0,657.0,1025.0,657.0,,,249.66666666666663,657.0,0.0
521,521,275656,249.0,657.0,1036.0,657.0,,,249.66666666666663,657.0,0.3333333333333144
522,522,275657,249.0,657.0,993.0,657.0,,,249.33333333333331,657.0,0.4714045207910651
523,523,275658,249.0,656.0,963.0,656.0,,,249.0,656.6666666666666,0.3333333333333428
524,524,275659,248.0,657.0,987.0,657.0,,,248.66666666666663,656.6666666666666,0.3333333333333144
525,525,275660,248.0,657.0,938.0,657.0,,,248.33333333333331,656.6666666666666,0.4714045207910651
526,526,275661,248.0,657.0,980.0,657.0,,,248.0,657.0,0.0
527,527,275662,248.0,657.0,967.0,657.0,,,248.0,657.0,0.0
528,528,275663,248.0,657.0,968.0,657.0,,,248.0,657.0,0.0
529,529,275664,248.0,657.0,935.0,657.0,,,248.0,657.0,0.0
530,530,275665,248.0,657.0,926.0,657.0,,,248.0,657.0,0.0
531,531,275666,248.0,657.0,935.0,657.0,,,248.0,657.0,0.0
532,532,275667,248.0,657.0,938.0,657.0,,,248.0,657.0,0.3333333333333712
533,533,275668,248.0,656.0,935.0,656.0,,,248.0,656.6666666666666,0.3333333333332575
534,534,275669,248.0,656.0,948.0,656.0,,,248.0,656.3333333333334,0.0
535,535,275670,248.0,657.0,946.0,657.0,,,248.0,656.3333333333334,1.0540925533894627
536,536,275671,247.0,653.0,983.0,653.0,,,247.66666666666663,655.3333333333334,0.3333333333333144
537,537,275672,247.0,656.0,977.0,656.0,,,247.33333333333331,655.3333333333334,0.4714045207910651
538,538,275673,247.0,656.0,1033.0,656.0,,,247.0,655.0,1.3333333333333712
539,539,275674,247.0,657.0,992.0,657.0,,,247.0,656.3333333333334,0.3333333333333428
540,540,275675,246.0,656.0,954.0,656.0,,,246.66666666666663,656.3333333333334,0.0
541,541,275676,247.0,656.0,914.0,656.0,,,246.66666666666663,656.3333333333334,0.4714045207910451
542,542,275677,246.0,656.0,928.0,656.0,,,246.33333333333331,656.0,0.0
543,543,275678,246.0,656.0,923.0,656.0,,,246.33333333333331,656.0,0.3333333333333428
544,544,275679,246.0,656.0,937.0,656.0,,,246.0,656.0,0.3333333333333428
545,545,275680,247.0,656.0,899.0,656.0,,,246.33333333333331,656.0,0.4714045207910451
546,546,275681,247.0,657.0,878.0,657.0,,,246.66666666666663,656.3333333333334,0.7453559924999003
547,547,275682,247.0,658.0,935.0,658.0,,,247.0,657.0,0.3333333333333712
548,548,275683,247.0,657.0,887.0,657.0,,,247.0,657.3333333333334,0.0
549,549,275684,247.0,657.0,913.0,657.0,,,247.0,657.3333333333334,0.4714045207910651
550,550,275685,246.0,657.0,942.0,657.0,,,246.66666666666663,657.0,0.3333333333333144
551,551,275686,246.0,657.0,920.0,657.0,,,246.33333333333331,657.0,0.3333333333333428
552,552,275687,246.0,657.0,896.0,657.0,,,246.0,657.0,0.0
553,553,275688,246.0,657.0,892.0,657.0,,,246.0,657.0,0.0
554,554,275689,246.0,657.0,860.0,657.0,,,246.0,657.0,0.7453559924999003
555,555,275690,245.0,655.0,935.0,655.0,,,245.66666666666663,656.3333333333334,0.7453559924999892
556,556,275691,245.0,655.0,890.0,655.0,,,245.33333333333331,655.6666666666666,0.4714045207909848
557,557,275692,245.0,656.0,904.0,656.0,,,245.0,655.3333333333334,0.0
558,558,275693,245.0,655.0,911.0,655.0,,,245.0,655.3333333333334,0.3333333333332575
559,559,275694,245.0,656.0,843.0,656.0,,,245.0,655.6666666666666,0.0
560,560,275695,245.0,656.0,784.0,656.0,,,245.0,655.6666666666666,0.4714045207910651
561,561,275696,246.0,656.0,786.0,656.0,,,245.33333333333331,656.0,0.3333333333333144
562,562,275697,246.0,656.0,794.0,656.0,,,245.66666666666663,656.0,0.3333333333333428
563,563,275698,246.0,656.0,778.0,656.0,,,246.0,656.0,0.3333333333333428
564,564,275699,245.0,656.0,785.0,656.0,,,245.66666666666663,656.0,0.3333333333333144
565,565,275700,245.0,656.0,813.0,656.0,,,245.33333333333331,656.0,0.3333333333333428
566,566,275701,245.0,656.0,792.0,656.0,,,245.0,656.0,0.3333333333333712
567,567,275702,245.0,655.0,787.0,655.0,,,245.0,655.6666666666666,0.3333333333333428
568,568,275703,246.0,656.0,821.0,656.0,,,245.33333333333331,655.6666666666666,0.0
569,569,275704,245.0,656.0,825.0,656.0,,,245.33333333333331,655.6666666666666,0.3333333333333712
570,570,275705,245.0,656.0,815.0,656.0,,,245.33333333333331,656.0,0.3333333333333428
571,571,275706,245.0,656.0,806.0,656.0,,,245.0,656.0,0.0
572,572,275707,245.0,656.0,811.0,656.0,,,245.0,656.0,0.0
573,573,275708,245.0,656.0,821.0,656.0,,,245.0,656.0,0.0
574,574,275709,245.0,656.0,806.0,656.0,,,245.0,656.0,0.0
575,575,275710,245.0,656.0,806.0,656.0,,,245.0,656.0,0.0
576,576,275711,245.0,656.0,831.0,656.0,,,245.0,656.0,0.0
577,577,275712,245.0,656.0,822.0,656.0,,,245.0,656.0,0.0
578,578,275713,245.0,656.0,823.0,656.0,,,245.0,656.0,0.0
579,579,275714,245.0,656.0,835.0,656.0,,,245.0,656.0,0.3333333333333428
580,580,275715,246.0,656.0,772.0,656.0,,,245.33333333333331,656.0,0.6666666666666572
581,581,275716,247.0,656.0,791.0,656.0,,,246.0,656.0,0.7453559924999384
582,582,275717,247.0,657.0,798.0,657.0,,,246.66666666666663,656.3333333333334,0.3333333333332575
583,583,275718,246.0,657.0,758.0,657.0,,,246.66666666666663,656.6666666666666,0.0
584,584,275719,247.0,656.0,735.0,656.0,,,246.66666666666663,656.6666666666666,1.054092553389436
585,585,275720,250.0,656.0,42.0,656.0,,,247.66666666666663,656.3333333333334,0.3333333333333712
586,586,275721,246.0,656.0,751.0,656.0,,,247.66666666666663,656.0,0.3333333333333144
587,587,275722,246.0,656.0,742.0,656.0,,,247.33333333333331,656.0,1.374368541872572
588,588,275723,246.0,657.0,779.0,657.0,,,246.0,656.3333333333334,0.3333333333332575
589,589,275724,246.0,657.0,755.0,657.0,,,246.0,656.6666666666666,0.4714045207910651
590,590,275725,247.0,657.0,730.0,657.0,,,246.33333333333331,657.0,0.0
591,591,275726,246.0,657.0,731.0,657.0,,,246.33333333333331,657.0,0.0
592,592,275727,246.0,657.0,712.0,657.0,,,246.33333333333331,657.0,0.3333333333333428
593,593,275728,246.0,657.0,703.0,657.0,,,246.0,657.0,0.0
594,594,275729,246.0,657.0,701.0,657.0,,,246.0,657.0,0.0
595,595,275730,246.0,657.0,731.0,657.0,,,246.0,657.0,0.0
596,596,275731,246.0,657.0,678.0,657.0,,,246.0,657.0,0.3333333333333428
597,597,275732,247.0,657.0,673.0,657.0,,,246.33333333333331,657.0,0.4714045207910451
598,598,275733,247.0,656.0,645.0,656.0,,,246.66666666666663,656.6666666666666,2.108185106778908
599,599,275734,240.0,655.0,453.0,655.0,,,244.66666666666663,656.0,0.4714045207910451
600,600,275735,246.0,656.0,762.0,656.0,,,244.33333333333331,655.6666666666666,0.0
601,601,275736,247.0,656.0,768.0,656.0,,,244.33333333333331,655.6666666666666,3.0184617127124764
602,602,275737,249.0,656.0,720.0,656.0,,,247.33333333333331,656.0,0.6666666666666572
603,603,275738,248.0,656.0,740.0,656.0,,,248.0,656.0,1.3333333333333428
604,604,275739,251.0,656.0,729.0,656.0,,,249.33333333333331,656.0,1.0
605,605,275740,252.0,656.0,681.0,656.0,,,250.33333333333331,656.0,2.0
606,606,275741,254.0,656.0,664.0,656.0,,,252.33333333333331,656.0,1.3333333333333144
607,607,275742,255.0,656.0,756.0,656.0,,,253.66666666666663,656.0,0.7453559924999384
608,608,275743,250.0,655.0,1133.0,655.0,,,253.0,655.6666666666666,1.4142135623730951
609,609,275744,257.0,653.0,1169.0,653.0,,,254.0,654.6666666666666,2.027587510099408
610,610,275745,254.0,662.0,886.0,662.0,,,253.66666666666663,656.6666666666666,0.3333333333333144
611,611,275746,249.0,655.0,1078.0,655.0,,,253.33333333333331,656.6666666666666,2.748737083745144
612,612,275747,249.0,655.0,1031.0,655.0,,,250.66666666666663,657.3333333333334,3.144660377352261
613,613,275748,249.0,654.0,1009.0,654.0,,,249.0,654.6666666666666,0.3333333333333428
614,614,275749,250.0,655.0,1056.0,655.0,,,249.33333333333331,654.6666666666666,2.6034165586355456
615,615,275750,254.0,649.0,893.0,649.0,,,251.0,652.6666666666666,2.6034165586355456
616,616,275751,254.0,648.0,859.0,648.0,,,252.66666666666663,650.6666666666666,1.666666666666606
617,617,275752,247.0,651.0,534.0,651.0,,,251.66666666666663,649.3333333333334,2.748737083745089
618,618,275753,246.0,651.0,543.0,651.0,,,249.0,650.0,3.282952600598717
619,619,275754,245.0,652.0,548.0,652.0,,,246.0,651.3333333333334,0.7453559924998875
620,620,275755,245.0,652.0,525.0,652.0,,,245.33333333333331,651.6666666666666,0.4714045207910651
621,621,275756,245.0,652.0,503.0,652.0,,,245.0,652.0,0.3333333333333428
622,622,275757,244.0,652.0,567.0,652.0,,,244.66666666666663,652.0,1.0540925533894718
623,623,275758,242.0,651.0,725.0,651.0,,,243.66666666666663,651.6666666666666,1.0540925533894538
624,624,275759,244.0,655.0,437.0,655.0,,,243.33333333333331,652.6666666666666,1.3743685418725855
625,625,275760,245.0,656.0,416.0,656.0,,,243.66666666666663,654.0,1.88561808316416
626,626,275761,246.0,655.0,455.0,655.0,,,245.0,655.3333333333334,0.3333333333333428
627,627,275762,245.0,655.0,464.0,655.0,,,245.33333333333331,655.3333333333334,0.3333333333333712
628,628,275763,245.0,655.0,442.0,655.0,,,245.33333333333331,655.0,0.6666666666666288
629,629,275764,246.0,653.0,427.0,653.0,,,245.33333333333331,654.3333333333334,0.3333333333333712
630,630,275765,245.0,654.0,483.0,654.0,,,245.33333333333331,654.0,0.7453559924998875
631,631,275766,246.0,653.0,624.0,653.0,,,245.66666666666663,653.3333333333334,0.94280904158205
632,632,275767,248.0,655.0,644.0,655.0,,,246.33333333333331,654.0,1.3333333333333144
633,633,275768,249.0,654.0,527.0,654.0,,,247.66666666666663,654.0,0.94280904158205
634,634,275769,248.0,655.0,541.0,655.0,,,248.33333333333331,654.6666666666666,1.3743685418725926
635,635,275770,247.0,659.0,634.0,659.0,,,248.0,656.0,3.0731814857642936
636,636,275771,247.0,663.0,801.0,663.0,,,247.33333333333331,659.0,1.666666666666697
637,637,275772,251.0,659.0,854.0,659.0,,,248.33333333333331,660.3333333333334,1.0
638,638,275773,250.0,659.0,687.0,659.0,,,249.33333333333331,660.3333333333334,1.2018504251546578
639,639,275774,249.0,660.0,680.0,660.0,,,250.0,659.3333333333334,0.7453559924999384
640,640,275775,249.0,658.0,618.0,658.0,,,249.33333333333331,659.0,4.013864859597445
641,641,275776,242.0,650.0,1292.0,650.0,,,246.66666666666663,656.0,3.0184617127124733
642,642,275777,250.0,651.0,1196.0,651.0,,,247.0,653.0,0.7453559924999384
643,643,275778,247.0,657.0,749.0,657.0,,,246.33333333333331,652.6666666666666,2.7487370837451786
644,644,275779,244.0,658.0,730.0,658.0,,,247.0,655.3333333333334,2.5385910352879
645,645,275780,247.0,658.0,704.0,658.0,,,246.0,657.6666666666666,0.7453559924998875
646,646,275781,249.0,656.0,742.0,656.0,,,246.66666666666663,657.3333333333334,1.9436506316151163
647,647,275782,249.0,655.0,839.0,655.0,,,248.33333333333331,656.3333333333334,2.3333333333333144
648,648,275783,254.0,658.0,758.0,658.0,,,250.66666666666663,656.3333333333334,2.748737083745144
649,649,275784,257.0,654.0,1089.0,654.0,,,253.33333333333331,655.6666666666666,2.687419249432831
650,650,275785,257.0,654.0,1160.0,654.0,,,256.0,655.3333333333334,1.666666666666697
651,651,275786,257.0,654.0,1177.0,654.0,,,257.0,654.0,0.7453559924998875
652,652,275787,256.0,656.0,1220.0,656.0,,,256.6666666666667,654.6666666666666,3.073181485764303
653,653,275788,250.0,660.0,1578.0,660.0,,,254.33333333333331,656.6666666666666,2.603416558635564
654,654,275789,252.0,660.0,1574.0,660.0,,,252.66666666666663,658.6666666666666,1.6666666666666514
655,655,275790,252.0,659.0,1563.0,659.0,,,251.33333333333331,659.6666666666666,0.3333333333333144
656,656,275791,251.0,660.0,1584.0,660.0,,,251.66666666666663,659.6666666666666,1.6996731711975597
657,657,275792,253.0,655.0,1533.0,655.0,,,252.0,658.0,2.0
658,658,275793,252.0,653.0,1588.0,653.0,,,252.0,656.0,3.8005847503304233
659,659,275794,254.0,649.0,1467.0,649.0,,,253.0,652.3333333333334,1.6996731711976711
660,660,275795,252.0,650.0,1562.0,650.0,,,252.66666666666663,650.6666666666666,1.0540925533894538
661,661,275796,251.0,650.0,1467.0,650.0,,,252.33333333333331,649.6666666666666,1.0540925533894718
662,662,275797,251.0,650.0,1472.0,650.0,,,251.33333333333331,650.0,3.8005847503304233
663,663,275798,255.0,639.0,814.0,639.0,,,252.33333333333331,646.3333333333334,0.3333333333333712
664,664,275799,251.0,649.0,1424.0,649.0,,,252.33333333333331,646.0,0.3333333333333712
665,665,275800,251.0,649.0,1438.0,649.0,,,252.33333333333331,645.6666666666666,3.800584750330533
666,666,275801,252.0,650.0,1438.0,650.0,,,251.33333333333331,649.3333333333334,0.3333333333332575
667,667,275802,251.0,650.0,1457.0,650.0,,,251.33333333333331,649.6666666666666,3.1622776601683795
668,668,275803,254.0,640.0,861.0,640.0,,,252.33333333333331,646.6666666666666,3.399346342395114
669,669,275804,254.0,640.0,844.0,640.0,,,253.0,643.3333333333334,3.800584750330533
670,670,275805,254.0,639.0,810.0,639.0,,,254.0,639.6666666666666,0.6666666666666288
671,671,275806,254.0,638.0,790.0,638.0,,,254.0,639.0,0.6666666666666288
672,672,275807,254.0,638.0,763.0,638.0,,,254.0,638.3333333333334,0.3333333333333712
673,673,275808,254.0,638.0,781.0,638.0,,,254.0,638.0,0.3333333333333712
674,674,275809,254.0,639.0,793.0,639.0,,,254.0,638.3333333333334,0.7453559924999003
675,675,275810,255.0,640.0,768.0,640.0,,,254.33333333333331,639.0,0.3333333333333712
676,676,275811,254.0,639.0,714.0,639.0,,,254.33333333333331,639.3333333333334,0.4714045207910451
677,677,275812,255.0,638.0,777.0,638.0,,,254.66666666666663,639.0,0.7453559924998875
678,678,275813,254.0,638.0,756.0,638.0,,,254.33333333333331,638.3333333333334,0.3333333333333144
679,679,275814,255.0,639.0,743.0,639.0,,,254.66666666666663,638.3333333333334,0.3333333333332575
680,680,275815,255.0,639.0,768.0,639.0,,,254.66666666666663,638.6666666666666,0.4714045207910651
681,681,275816,255.0,639.0,743.0,639.0,,,255.0,639.0,0.4714045207910651
682,682,275817,254.0,640.0,826.0,640.0,,,254.66666666666663,639.3333333333334,0.3333333333333144
683,683,275818,254.0,639.0,811.0,639.0,,,254.33333333333331,639.3333333333334,0.0
684,684,275819,255.0,639.0,782.0,639.0,,,254.33333333333331,639.3333333333334,0.3333333333333712
685,685,275820,254.0,639.0,775.0,639.0,,,254.33333333333331,639.0,0.0
686,686,275821,254.0,639.0,775.0,639.0,,,254.33333333333331,639.0,0.0
687,687,275822,255.0,639.0,782.0,639.0,,,254.33333333333331,639.0,0.3333333333333144
688,688,275823,255.0,639.0,773.0,639.0,,,254.66666666666663,639.0,0.3333333333333428
689,689,275824,255.0,639.0,768.0,639.0,,,255.0,639.0,0.0
690,690,275825,255.0,639.0,769.0,639.0,,,255.0,639.0,0.3333333333333428
691,691,275826,254.0,639.0,751.0,639.0,,,254.66666666666663,639.0,0.3333333333333144
692,692,275827,254.0,639.0,761.0,639.0,,,254.33333333333331,639.0,0.3333333333333428
693,693,275828,254.0,639.0,744.0,639.0,,,254.0,639.0,3.8005847503304233
694,694,275829,251.0,650.0,1377.0,650.0,,,253.0,642.6666666666666,9.68962790249916
695,695,275830,241.0,665.0,264.0,665.0,,,248.66666666666663,651.3333333333334,3.5901098714229254
696,696,275831,250.0,649.0,1383.0,649.0,,,247.33333333333331,654.6666666666666,0.4714045207909848
697,697,275832,250.0,649.0,1366.0,649.0,,,247.0,654.3333333333334,6.119186583561973
698,698,275833,250.0,649.0,1385.0,649.0,,,250.0,649.0,0.0
699,699,275834,250.0,649.0,1442.0,649.0,,,250.0,649.0,0.0
700,700,275835,250.0,649.0,1420.0,649.0,,,250.0,649.0,0.3333333333333712
701,701,275836,250.0,650.0,1359.0,650.0,,,250.0,649.3333333333334,3.1622776601683795
702,702,275837,253.0,640.0,736.0,640.0,,,251.0,646.3333333333334,3.4801021696368863
703,703,275838,253.0,639.0,689.0,639.0,,,252.0,643.0,4.123105625617661
704,704,275839,253.0,638.0,701.0,638.0,,,253.0,639.0,0.4714045207910651
705,705,275840,254.0,639.0,682.0,639.0,,,253.33333333333331,638.6666666666666,0.3333333333333144
706,706,275841,254.0,639.0,720.0,639.0,,,253.66666666666663,638.6666666666666,0.4714045207910651
707,707,275842,254.0,639.0,720.0,639.0,,,254.0,639.0,3.5901098714230413
708,708,275843,250.0,649.0,1418.0,649.0,,,252.66666666666663,642.3333333333334,3.9015666369064994
709,709,275844,250.0,650.0,1400.0,650.0,,,251.33333333333331,646.0,3.5901098714230413
710,710,275845,250.0,649.0,1411.0,649.0,,,250.0,649.3333333333334,0.0
711,711,275846,250.0,649.0,1398.0,649.0,,,250.0,649.3333333333334,0.3333333333333712
712,712,275847,250.0,649.0,1417.0,649.0,,,250.0,649.0,0.0
713,713,275848,250.0,649.0,1421.0,649.0,,,250.0,649.0,0.0
714,714,275849,250.0,649.0,1492.0,649.0,,,250.0,649.0,0.4714045207910651
715,715,275850,249.0,648.0,1557.0,648.0,,,249.66666666666663,648.6666666666666,2.0275875100993943
716,716,275851,244.0,648.0,1537.0,648.0,,,247.66666666666663,648.3333333333334,0.4714045207910451
717,717,275852,249.0,648.0,1459.0,648.0,,,247.33333333333331,648.0,2.8480012484391413
718,718,275853,252.0,640.0,751.0,640.0,,,248.33333333333331,645.3333333333334,4.013864859597426
719,719,275854,252.0,639.0,712.0,639.0,,,251.0,642.3333333333334,3.1622776601683795
720,720,275855,252.0,639.0,689.0,639.0,,,252.0,639.3333333333334,0.0
721,721,275856,252.0,640.0,709.0,640.0,,,252.0,639.3333333333334,0.0
722,722,275857,252.0,639.0,695.0,639.0,,,252.0,639.3333333333334,0.3333333333333428
723,723,275858,251.0,639.0,714.0,639.0,,,251.66666666666663,639.3333333333334,0.4714045207910451
724,724,275859,251.0,639.0,744.0,639.0,,,251.33333333333331,639.0,0.6666666666666856
725,725,275860,250.0,639.0,745.0,639.0,,,250.66666666666663,639.0,0.4714045207910451
726,726,275861,250.0,638.0,741.0,638.0,,,250.33333333333331,638.6666666666666,0.3333333333333428
727,727,275862,250.0,639.0,710.0,639.0,,,250.0,638.6666666666666,0.3333333333332575
728,728,275863,250.0,638.0,765.0,638.0,,,250.0,638.3333333333334,0.0
729,729,275864,250.0,638.0,724.0,638.0,,,250.0,638.3333333333334,0.3333333333333712
730,730,275865,250.0,638.0,724.0,638.0,,,250.0,638.0,0.0
731,731,275866,250.0,638.0,723.0,638.0,,,250.0,638.0,0.3333333333333712
732,732,275867,250.0,637.0,730.0,637.0,,,250.0,637.6666666666666,0.3333333333332575
733,733,275868,250.0,637.0,751.0,637.0,,,250.0,637.3333333333334,0.4714045207910651
734,734,275869,249.0,637.0,752.0,637.0,,,249.66666666666663,637.0,0.3333333333333144
735,735,275870,249.0,637.0,743.0,637.0,,,249.33333333333331,637.0,0.3333333333333428
736,736,275871,249.0,637.0,741.0,637.0,,,249.0,637.0,0.4714045207910651
737,737,275872,250.0,638.0,789.0,638.0,,,249.33333333333331,637.3333333333334,0.3333333333332575
738,738,275873,249.0,638.0,801.0,638.0,,,249.33333333333331,637.6666666666666,0.0
739,739,275874,249.0,637.0,797.0,637.0,,,249.33333333333331,637.6666666666666,1.0540925533894627
740,740,275875,249.0,641.0,746.0,641.0,,,249.0,638.6666666666666,1.3333333333333712
741,741,275876,249.0,642.0,725.0,642.0,,,249.0,640.0,2.1343747458109257
742,742,275877,245.0,642.0,734.0,642.0,,,247.66666666666663,641.6666666666666,1.943650631615092
743,743,275878,244.0,644.0,750.0,644.0,,,246.0,642.6666666666666,1.7950549357115206
744,744,275879,244.0,644.0,720.0,644.0,,,244.33333333333331,643.3333333333334,1.0540925533894627
745,745,275880,244.0,645.0,719.0,645.0,,,244.0,644.3333333333334,3.2829526005987053
746,746,275881,240.0,653.0,983.0,653.0,,,242.66666666666663,647.3333333333334,4.384315479321892
747,747,275882,242.0,657.0,1144.0,657.0,,,242.0,651.6666666666666,4.176654695380623
748,748,275883,250.0,656.0,1241.0,656.0,,,244.0,655.3333333333334,7.125852775477302
749,749,275884,261.0,657.0,15.0,657.0,,,251.0,656.6666666666666,1.0
750,750,275885,239.0,657.0,1191.0,657.0,,,250.0,656.6666666666666,2.357022603955173
751,751,275886,243.0,657.0,1591.0,657.0,,,247.66666666666663,657.0,7.125852775477323
752,752,275887,240.0,653.0,1133.0,653.0,,,240.66666666666663,655.6666666666666,1.2018504251546578
753,753,275888,237.0,654.0,1351.0,654.0,,,240.0,654.6666666666666,3.018461712712464
754,754,275889,234.0,656.0,1747.0,656.0,,,237.0,654.3333333333334,4.807401700618647
755,755,275890,232.0,665.0,2235.0,665.0,,,234.33333333333331,658.3333333333334,4.955356249106139
756,756,275891,232.0,668.0,2530.0,668.0,,,232.66666666666663,663.0,4.0138648595974304
757,757,275892,233.0,668.0,2637.0,668.0,,,232.33333333333331,667.0,1.0137937550497016
758,758,275893,,,,,,,232.5,668.0,0.5
759,759,275894,,,,,,,233.0,668.0,
760,760,275895,,,,,,,,,
761,761,275896,199.0,680.0,984.0,680.0,,,199.0,680.0,0.0
762,762,275897,,,,,,,199.0,680.0,0.0
763,763,275898,,,,,,,199.0,680.0,23.08679276123039
764,764,275899,192.0,658.0,780.0,658.0,,,192.0,658.0,3.5
765,765,275900,192.0,651.0,1218.0,651.0,0.0,1.0,192.0,654.5,1.5
766,766,275901,192.0,650.0,1302.0,650.0,0.0,1.0,192.0,653.0,3.7267799624996094
767,767,275902,194.0,647.0,1080.0,647.0,0.0,1.0,192.66666666666663,649.3333333333334,2.748737083745185
768,768,275903,194.0,643.0,762.0,643.0,0.0,1.0,193.33333333333331,646.6666666666666,3.2829526005986938
769,769,275904,196.0,641.0,764.0,641.0,0.0,1.0,194.66666666666663,643.6666666666666,2.027587510099408
770,770,275905,195.0,641.0,787.0,641.0,0.0,1.0,195.0,641.6666666666666,0.4714045207910651
771,771,275906,193.0,644.0,907.0,644.0,0.0,1.0,194.66666666666663,642.0,1.943650631615068
772,772,275907,193.0,646.0,1046.0,646.0,0.0,1.0,193.66666666666663,643.6666666666666,3.6817870057291606
773,773,275908,194.0,652.0,1134.0,652.0,0.0,1.0,193.33333333333331,647.3333333333334,2.748737083745068
774,774,275909,195.0,652.0,1092.0,652.0,0.0,1.0,194.0,650.0,1.0540925533894627
775,775,275910,194.0,649.0,1218.0,649.0,0.0,1.0,194.33333333333331,651.0,1.4907119849999022
776,776,275911,192.0,648.0,1148.0,648.0,0.0,1.0,193.66666666666663,649.6666666666666,1.88561808316406
777,777,275912,191.0,648.0,1148.0,648.0,0.0,1.0,192.33333333333331,648.3333333333334,1.2018504251546736
778,778,275913,192.0,646.0,1053.0,646.0,0.0,1.0,191.66666666666663,647.3333333333334,0.6666666666667425
779,779,275914,192.0,646.0,1015.0,646.0,0.0,1.0,191.66666666666663,646.6666666666666,0.7453559924999003
780,780,275915,,,,,,,192.0,646.0,2.5
781,781,275916,195.0,650.0,1092.0,650.0,,,193.5,648.0,1.0
782,782,275917,194.0,646.0,999.0,646.0,,,194.5,648.0,1.6414763002993351
783,783,275918,190.0,646.0,1056.0,646.0,,,193.0,647.3333333333334,1.666666666666697
784,784,275919,,,,,,,192.0,646.0,1.5811388300841898
785,785,275920,193.0,649.0,1120.0,649.0,0.0,1.0,191.5,647.5,3.605551275463989
786,786,275921,196.0,650.0,1026.0,650.0,0.0,1.0,194.5,649.5,0.5270462766947179
787,787,275922,196.0,650.0,972.0,650.0,0.0,1.0,195.0,649.6666666666666,0.4714045207910651
788,788,275923,194.0,650.0,1092.0,650.0,0.0,1.0,195.33333333333331,650.0,1.4907119849998514
789,789,275924,192.0,648.0,1026.0,648.0,0.0,1.0,194.0,649.3333333333334,1.4907119849999022
790,790,275925,192.0,648.0,962.0,648.0,0.0,1.0,192.66666666666663,648.6666666666666,1.0
791,791,275926,194.0,647.0,918.0,647.0,0.0,1.0,192.66666666666663,647.6666666666666,0.94280904158205
792,792,275927,194.0,646.0,952.0,646.0,0.0,1.0,193.33333333333331,647.0,0.6666666666666288
793,793,275928,192.0,646.0,1044.0,646.0,0.0,1.0,193.33333333333331,646.3333333333334,0.6666666666666856
794,794,275929,192.0,647.0,1064.0,647.0,0.0,1.0,192.66666666666663,646.3333333333334,1.4907119849998258
795,795,275930,190.0,648.0,999.0,648.0,0.0,1.0,191.33333333333331,647.0,1.6666666666666514
796,796,275931,196.0,649.0,972.0,649.0,0.0,1.0,192.66666666666663,648.0,1.374368541872572
797,797,275932,196.0,648.0,980.0,648.0,0.0,1.0,194.0,648.3333333333334,2.1343747458109656
798,798,275933,195.0,644.0,884.0,644.0,0.0,1.0,195.66666666666663,647.0,2.027587510099408
799,799,275934,197.0,643.0,853.0,643.0,0.0,1.0,196.0,645.0,1.6996731711975597
800,800,275935,197.0,643.0,812.0,643.0,0.0,1.0,196.33333333333331,643.3333333333334,2.867441755680901
801,801,275936,200.0,637.0,1794.0,637.0,0.0,1.0,198.0,641.0,2.5385910352880043
802,802,275937,200.0,636.0,1716.0,636.0,0.0,1.0,199.0,638.6666666666666,2.5385910352879
803,803,275938,200.0,636.0,1596.0,636.0,0.0,1.0,200.0,636.3333333333334,0.745355992500002
804,804,275939,201.0,635.0,1672.0,635.0,0.0,1.0,200.33333333333331,635.6666666666666,1.4907119849998005
805,805,275940,198.0,632.0,3016.0,632.0,0.0,1.0,199.66666666666663,634.3333333333334,2.6034165586355456
806,806,275941,195.0,642.0,824.0,642.0,0.0,1.0,198.0,636.3333333333334,2.1343747458108946
807,807,275942,196.0,639.0,739.0,639.0,0.0,1.0,196.33333333333331,637.6666666666666,2.9814239699997915
808,808,275943,194.0,640.0,735.0,640.0,0.0,1.0,195.0,640.3333333333334,1.0
809,809,275944,195.0,639.0,749.0,639.0,0.0,1.0,195.0,639.3333333333334,0.6666666666666572
810,810,275945,194.0,639.0,706.0,639.0,0.0,1.0,194.33333333333331,639.3333333333334,0.4714045207910651
811,811,275946,193.0,639.0,678.0,639.0,0.0,1.0,194.0,639.0,0.4714045207910651
812,812,275947,194.0,638.0,678.0,638.0,0.0,1.0,193.66666666666663,638.6666666666666,0.3333333333332575
813,813,275948,194.0,638.0,671.0,638.0,0.0,1.0,193.66666666666663,638.3333333333334,0.4714045207910651
814,814,275949,194.0,638.0,683.0,638.0,0.0,1.0,194.0,638.0,0.3333333333333428
815,815,275950,193.0,638.0,666.0,638.0,0.0,1.0,193.66666666666663,638.0,0.0
816,816,275951,194.0,638.0,642.0,638.0,0.0,1.0,193.66666666666663,638.0,0.3333333333333144
817,817,275952,193.0,638.0,666.0,638.0,0.0,1.0,193.33333333333331,638.0,1.0
818,818,275953,196.0,638.0,735.0,638.0,0.0,1.0,194.33333333333331,638.0,0.7453559924999384
819,819,275954,196.0,639.0,745.0,639.0,0.0,1.0,195.0,638.3333333333334,2.23606797749979
820,820,275955,199.0,635.0,615.0,635.0,0.0,1.0,197.0,637.3333333333334,2.357022603955205
821,821,275956,201.0,633.0,586.0,633.0,0.0,1.0,198.66666666666663,635.6666666666666,2.603416558635564
822,822,275957,201.0,633.0,634.0,633.0,0.0,1.0,200.33333333333331,633.6666666666666,1.2018504251546578
823,823,275958,201.0,632.0,604.0,632.0,0.0,1.0,201.0,632.6666666666666,0.6666666666666288
824,824,275959,201.0,631.0,538.0,631.0,0.0,1.0,201.0,632.0,0.7453559924999003
825,825,275960,202.0,631.0,493.0,631.0,0.0,1.0,201.33333333333331,631.3333333333334,0.4714045207910451
826,826,275961,202.0,631.0,472.0,631.0,0.0,1.0,201.66666666666663,631.0,0.3333333333333712
827,827,275962,201.0,630.0,483.0,630.0,0.0,1.0,201.66666666666663,630.6666666666666,0.4714045207909647
828,828,275963,201.0,630.0,494.0,630.0,0.0,1.0,201.33333333333331,630.3333333333334,0.745355992500002
829,829,275964,201.0,629.0,478.0,629.0,0.0,1.0,201.0,629.6666666666666,0.3333333333332575
830,830,275965,201.0,629.0,439.0,629.0,0.0,1.0,201.0,629.3333333333334,1.0
831,831,275966,201.0,627.0,410.0,627.0,0.0,1.0,201.0,628.3333333333334,0.3333333333333712
832,832,275967,201.0,628.0,415.0,628.0,0.0,1.0,201.0,628.0,0.0
833,833,275968,201.0,629.0,417.0,629.0,0.0,1.0,201.0,628.0,0.7453559924999003
834,834,275969,202.0,629.0,432.0,629.0,0.0,1.0,201.33333333333331,628.6666666666666,0.3333333333333144
835,835,275970,202.0,628.0,434.0,628.0,0.0,1.0,201.66666666666663,628.6666666666666,0.7453559924999129
836,836,275971,203.0,628.0,426.0,628.0,0.0,1.0,202.33333333333331,628.3333333333334,0.7453559924999892
837,837,275972,203.0,627.0,429.0,627.0,0.0,1.0,202.66666666666663,627.6666666666666,0.3333333333333428
838,838,275973,203.0,628.0,398.0,628.0,0.0,1.0,203.0,627.6666666666666,0.0
839,839,275974,203.0,628.0,431.0,628.0,0.0,1.0,203.0,627.6666666666666,0.3333333333333428
840,840,275975,204.0,627.0,431.0,627.0,0.0,1.0,203.33333333333331,627.6666666666666,0.4714045207909647
841,841,275976,204.0,627.0,393.0,627.0,0.0,1.0,203.66666666666663,627.3333333333334,0.4714045207910651
842,842,275977,204.0,627.0,398.0,627.0,0.0,1.0,204.0,627.0,0.3333333333333428
843,843,275978,205.0,627.0,419.0,627.0,0.0,1.0,204.33333333333331,627.0,0.3333333333333144
844,844,275979,205.0,627.0,399.0,627.0,0.0,1.0,204.66666666666663,627.0,0.6666666666666856
845,845,275980,206.0,627.0,379.0,627.0,0.0,1.0,205.33333333333331,627.0,0.4714045207910451
846,846,275981,206.0,626.0,388.0,626.0,0.0,1.0,205.66666666666663,626.6666666666666,0.7453559924999003
847,847,275982,206.0,625.0,382.0,625.0,0.0,1.0,206.0,626.0,0.3333333333333712
848,848,275983,206.0,626.0,356.0,626.0,0.0,1.0,206.0,625.6666666666666,0.0
849,849,275984,206.0,626.0,367.0,626.0,0.0,1.0,206.0,625.6666666666666,0.4714045207909848
850,850,275985,205.0,624.0,354.0,624.0,0.0,1.0,205.66666666666663,625.3333333333334,0.3333333333333144
851,851,275986,205.0,626.0,339.0,626.0,0.0,1.0,205.33333333333331,625.3333333333334,0.7453559924999638
852,852,275987,204.0,625.0,343.0,625.0,0.0,1.0,204.66666666666663,625.0,0.4714045207910451
853,853,275988,204.0,625.0,360.0,625.0,0.0,1.0,204.33333333333331,625.3333333333334,0.3333333333332575
854,854,275989,205.0,627.0,384.0,627.0,0.0,1.0,204.33333333333331,625.6666666666666,0.6666666666667425
855,855,275990,204.0,627.0,413.0,627.0,0.0,1.0,204.33333333333331,626.3333333333334,0.0
856,856,275991,204.0,625.0,415.0,625.0,0.0,1.0,204.33333333333331,626.3333333333334,0.745355992500002
857,857,275992,204.0,625.0,387.0,625.0,0.0,1.0,204.0,625.6666666666666,1.3743685418724825
858,858,275993,205.0,623.0,419.0,623.0,0.0,1.0,204.33333333333331,624.3333333333334,1.0540925533894538
859,859,275994,205.0,622.0,377.0,622.0,0.0,1.0,204.66666666666663,623.3333333333334,1.0540925533894627
860,860,275995,205.0,622.0,416.0,622.0,0.0,1.0,205.0,622.3333333333334,0.0
861,861,275996,205.0,623.0,391.0,623.0,0.0,1.0,205.0,622.3333333333334,0.4714045207909848
862,862,275997,204.0,623.0,390.0,623.0,0.0,1.0,204.66666666666663,622.6666666666666,0.6666666666666572
863,863,275998,203.0,622.0,386.0,622.0,0.0,1.0,204.0,622.6666666666666,1.201850425154642
864,864,275999,202.0,621.0,329.0,621.0,0.0,1.0,203.0,622.0,0.7453559924999003
865,865,276000,203.0,621.0,373.0,621.0,0.0,1.0,202.66666666666663,621.3333333333334,0.6666666666667425
866,866,276001,203.0,620.0,391.0,620.0,0.0,1.0,202.66666666666663,620.6666666666666,1.0540925533894627
867,867,276002,203.0,618.0,431.0,618.0,0.0,1.0,203.0,619.6666666666666,1.0540925533894627
868,868,276003,204.0,618.0,391.0,618.0,0.0,1.0,203.33333333333331,618.6666666666666,0.3333333333333144
869,869,276004,204.0,620.0,501.0,620.0,0.0,1.0,203.66666666666663,618.6666666666666,1.699673171197621
870,870,276005,208.0,619.0,506.0,619.0,0.0,1.0,205.33333333333331,619.0,0.3333333333333428
871,871,276006,203.0,618.0,451.0,618.0,0.0,1.0,205.0,619.0,0.94280904158203
872,872,276007,206.0,618.0,483.0,618.0,0.0,1.0,205.66666666666663,618.3333333333334,1.6996731711975932
873,873,276008,203.0,618.0,477.0,618.0,0.0,1.0,204.0,618.0,1.0540925533894718
874,874,276009,206.0,619.0,480.0,619.0,0.0,1.0,205.0,618.3333333333334,1.0
875,875,276010,203.0,618.0,505.0,618.0,0.0,1.0,204.0,618.3333333333334,0.4714045207909848
876,876,276011,204.0,619.0,516.0,619.0,0.0,1.0,204.33333333333331,618.6666666666666,1.054092553389436
877,877,276012,203.0,618.0,455.0,618.0,0.0,1.0,203.33333333333331,618.3333333333334,0.3333333333333712
878,878,276013,203.0,617.0,461.0,617.0,0.0,1.0,203.33333333333331,618.0,0.7453559924999003
879,879,276014,203.0,617.0,438.0,617.0,0.0,1.0,203.0,617.3333333333334,0.4714045207910651
880,880,276015,202.0,617.0,419.0,617.0,0.0,1.0,202.66666666666663,617.0,0.3333333333333712
881,881,276016,203.0,616.0,369.0,616.0,0.0,1.0,202.66666666666663,616.6666666666666,0.3333333333332575
882,882,276017,203.0,616.0,346.0,616.0,0.0,1.0,202.66666666666663,616.3333333333334,0.6666666666666856
883,883,276018,204.0,617.0,442.0,617.0,0.0,1.0,203.33333333333331,616.3333333333334,0.3333333333332575
884,884,276019,203.0,617.0,429.0,617.0,0.0,1.0,203.33333333333331,616.6666666666666,0.6666666666666856
885,885,276020,201.0,616.0,402.0,616.0,0.0,1.0,202.66666666666663,616.6666666666666,1.201850425154642
886,886,276021,201.0,615.0,462.0,615.0,0.0,1.0,201.66666666666663,616.0,0.7453559924999384
887,887,276022,201.0,616.0,440.0,616.0,0.0,1.0,201.0,615.6666666666666,0.7453559924998875
888,888,276023,199.0,615.0,413.0,615.0,0.0,1.0,200.33333333333331,615.3333333333334,1.3333333333333428
889,889,276024,197.0,615.0,390.0,615.0,0.0,1.0,199.0,615.3333333333334,1.3743685418725442
890,890,276025,197.0,617.0,405.0,617.0,0.0,1.0,197.66666666666663,615.6666666666666,0.4714045207910451
891,891,276026,198.0,616.0,351.0,616.0,0.0,1.0,197.33333333333331,616.0,0.4714045207910451
892,892,276027,198.0,616.0,349.0,616.0,0.0,1.0,197.66666666666663,616.3333333333334,0.3333333333333712
893,893,276028,197.0,616.0,360.0,616.0,0.0,1.0,197.66666666666663,616.0,0.0
894,894,276029,198.0,616.0,369.0,616.0,0.0,1.0,197.66666666666663,616.0,0.3333333333333712
895,895,276030,198.0,617.0,370.0,617.0,0.0,1.0,197.66666666666663,616.3333333333334,0.4714045207910651
896,896,276031,198.0,615.0,395.0,615.0,0.0,1.0,198.0,616.0,0.3333333333333712
897,897,276032,198.0,617.0,420.0,617.0,0.0,1.0,198.0,616.3333333333334,0.3333333333332575
898,898,276033,198.0,618.0,432.0,618.0,0.0,1.0,198.0,616.6666666666666,1.0
899,899,276034,198.0,618.0,458.0,618.0,0.0,1.0,198.0,617.6666666666666,0.3333333333333428
900,900,276035,197.0,617.0,406.0,617.0,0.0,1.0,197.66666666666663,617.6666666666666,0.7453559924998875
901,901,276036,196.0,617.0,494.0,617.0,0.0,1.0,197.0,617.3333333333334,1.4907119849998895
902,902,276037,196.0,614.0,503.0,614.0,0.0,1.0,196.33333333333331,616.0,0.3333333333333712
903,903,276038,197.0,618.0,450.0,618.0,0.0,1.0,196.33333333333331,616.3333333333334,0.0
904,904,276039,196.0,617.0,443.0,617.0,0.0,1.0,196.33333333333331,616.3333333333334,1.3743685418724825
905,905,276040,195.0,618.0,435.0,618.0,0.0,1.0,196.0,617.6666666666666,0.9428090415821104
906,906,276041,195.0,620.0,434.0,620.0,0.0,1.0,195.33333333333331,618.3333333333334,0.7453559924999003
907,907,276042,195.0,619.0,391.0,619.0,0.0,1.0,195.0,619.0,0.7453559924999384
908,908,276043,193.0,619.0,362.0,619.0,0.0,1.0,194.33333333333331,619.3333333333334,0.745355992500002
909,909,276044,194.0,618.0,364.0,618.0,0.0,1.0,194.0,618.6666666666666,0.4714045207909848
910,910,276045,194.0,618.0,388.0,618.0,0.0,1.0,193.66666666666663,618.3333333333334,0.7453559924999638
911,911,276046,195.0,618.0,364.0,618.0,0.0,1.0,194.33333333333331,618.0,0.3333333333333712
912,912,276047,194.0,617.0,375.0,617.0,0.0,1.0,194.33333333333331,617.6666666666666,0.3333333333333428
913,913,276048,193.0,618.0,384.0,618.0,0.0,1.0,194.0,617.6666666666666,0.6666666666666572
914,914,276049,193.0,618.0,442.0,618.0,0.0,1.0,193.33333333333331,617.6666666666666,0.7453559924999638
915,915,276050,192.0,618.0,400.0,618.0,0.0,1.0,192.66666666666663,618.0,0.0
916,916,276051,193.0,618.0,416.0,618.0,0.0,1.0,192.66666666666663,618.0,0.0
917,917,276052,193.0,618.0,416.0,618.0,0.0,1.0,192.66666666666663,618.0,0.4714045207910651
918,918,276053,193.0,617.0,390.0,617.0,0.0,1.0,193.0,617.6666666666666,0.4714045207909848
919,919,276054,192.0,617.0,405.0,617.0,0.0,1.0,192.66666666666663,617.3333333333334,0.3333333333333144
920,920,276055,192.0,618.0,442.0,618.0,0.0,1.0,192.33333333333331,617.3333333333334,0.6666666666666856
921,921,276056,191.0,617.0,460.0,617.0,0.0,1.0,191.66666666666663,617.3333333333334,0.3333333333333144
922,922,276057,191.0,617.0,489.0,617.0,0.0,1.0,191.33333333333331,617.3333333333334,0.4714045207910651
923,923,276058,191.0,617.0,473.0,617.0,0.0,1.0,191.0,617.0,0.3333333333333712
924,924,276059,191.0,618.0,480.0,618.0,0.0,1.0,191.0,617.3333333333334,1.0540925533894627
925,925,276060,190.0,620.0,505.0,620.0,0.0,1.0,190.66666666666663,618.3333333333334,1.2018504251546578
926,926,276061,189.0,620.0,545.0,620.0,0.0,1.0,190.0,619.3333333333334,1.4907119849998514
927,927,276062,187.0,620.0,543.0,620.0,0.0,1.0,188.66666666666663,620.0,0.7453559924999384
928,928,276063,188.0,621.0,572.0,621.0,0.0,1.0,188.0,620.3333333333334,0.94280904158203
929,929,276064,187.0,622.0,545.0,622.0,0.0,1.0,187.33333333333331,621.0,0.94280904158203
930,930,276065,189.0,622.0,567.0,622.0,0.0,1.0,188.0,621.6666666666666,0.4714045207910651
931,931,276066,187.0,622.0,509.0,622.0,0.0,1.0,187.66666666666663,622.0,0.0
932,932,276067,187.0,622.0,518.0,622.0,0.0,1.0,187.66666666666663,622.0,0.3333333333333144
933,933,276068,188.0,622.0,469.0,622.0,0.0,1.0,187.33333333333331,622.0,0.3333333333333144
934,934,276069,188.0,622.0,455.0,622.0,0.0,1.0,187.66666666666663,622.0,0.4714045207910651
935,935,276070,188.0,623.0,436.0,623.0,0.0,1.0,188.0,622.3333333333334,0.4714045207909848
936,936,276071,189.0,623.0,473.0,623.0,0.0,1.0,188.33333333333331,622.6666666666666,0.3333333333333712
937,937,276072,188.0,623.0,446.0,623.0,0.0,1.0,188.33333333333331,623.0,0.3333333333333428
938,938,276073,187.0,623.0,448.0,623.0,0.0,1.0,188.0,623.0,0.7453559924999384
939,939,276074,187.0,624.0,465.0,624.0,0.0,1.0,187.33333333333331,623.3333333333334,0.3333333333332575
940,940,276075,188.0,624.0,429.0,624.0,0.0,1.0,187.33333333333331,623.6666666666666,1.4142135623730951
941,941,276076,190.0,626.0,450.0,626.0,0.0,1.0,188.33333333333331,624.6666666666666,1.201850425154705
942,942,276077,190.0,626.0,438.0,626.0,0.0,1.0,189.33333333333331,625.3333333333334,0.6666666666666288
943,943,276078,188.0,626.0,398.0,626.0,0.0,1.0,189.33333333333331,626.0,0.3333333333333428
944,944,276079,189.0,626.0,416.0,626.0,0.0,1.0,189.0,626.0,0.3333333333333428
945,945,276080,189.0,626.0,422.0,626.0,0.0,1.0,188.66666666666663,626.0,0.4714045207910651
946,946,276081,189.0,625.0,431.0,625.0,0.0,1.0,189.0,625.6666666666666,0.4714045207909848
947,947,276082,188.0,625.0,386.0,625.0,0.0,1.0,188.66666666666663,625.3333333333334,0.4714045207910451
948,948,276083,188.0,625.0,389.0,625.0,0.0,1.0,188.33333333333331,625.0,0.3333333333333428
949,949,276084,188.0,625.0,392.0,625.0,0.0,1.0,188.0,625.0,0.3333333333333428
950,950,276085,189.0,625.0,412.0,625.0,0.0,1.0,188.33333333333331,625.0,0.3333333333333712
951,951,276086,188.0,626.0,423.0,626.0,0.0,1.0,188.33333333333331,625.3333333333334,0.7453559924998875
952,952,276087,190.0,626.0,400.0,626.0,0.0,1.0,189.0,625.6666666666666,0.4714045207910651
953,953,276088,190.0,626.0,408.0,626.0,0.0,1.0,189.33333333333331,626.0,0.94280904158203
954,954,276089,190.0,624.0,466.0,624.0,0.0,1.0,190.0,625.3333333333334,0.6666666666667425
955,955,276090,190.0,624.0,446.0,624.0,0.0,1.0,190.0,624.6666666666666,0.7453559924999003
956,956,276091,191.0,624.0,450.0,624.0,0.0,1.0,190.33333333333331,624.0,0.3333333333333144
957,957,276092,191.0,624.0,414.0,624.0,0.0,1.0,190.66666666666663,624.0,0.4714045207910651
958,958,276093,191.0,625.0,432.0,625.0,0.0,1.0,191.0,624.3333333333334,0.4714045207909848
959,959,276094,190.0,625.0,465.0,625.0,0.0,1.0,190.66666666666663,624.6666666666666,1.0540925533894538
960,960,276095,190.0,627.0,504.0,627.0,0.0,1.0,190.33333333333331,625.6666666666666,0.7453559924999638
961,961,276096,189.0,626.0,510.0,626.0,0.0,1.0,189.66666666666663,626.0,0.6666666666666288
962,962,276097,190.0,627.0,507.0,627.0,0.0,1.0,189.66666666666663,626.6666666666666,0.3333333333332575
963,963,276098,190.0,626.0,537.0,626.0,0.0,1.0,189.66666666666663,626.3333333333334,0.94280904158205
964,964,276099,191.0,628.0,514.0,628.0,0.0,1.0,190.33333333333331,627.0,0.3333333333333712
965,965,276100,190.0,628.0,458.0,628.0,0.0,1.0,190.33333333333331,627.3333333333334,0.3333333333332575
966,966,276101,190.0,627.0,484.0,627.0,0.0,1.0,190.33333333333331,627.6666666666666,0.4714045207909848
967,967,276102,190.0,627.0,463.0,627.0,0.0,1.0,190.0,627.3333333333334,0.0
968,968,276103,190.0,628.0,463.0,628.0,0.0,1.0,190.0,627.3333333333334,0.7453559924998875
969,969,276104,192.0,628.0,437.0,628.0,0.0,1.0,190.66666666666663,627.6666666666666,0.7453559924999638
970,970,276105,192.0,628.0,419.0,628.0,0.0,1.0,191.33333333333331,628.0,1.0540925533894718
971,971,276106,193.0,627.0,404.0,627.0,0.0,1.0,192.33333333333331,627.6666666666666,0.6666666666666572
972,972,276107,194.0,628.0,343.0,628.0,0.0,1.0,193.0,627.6666666666666,0.6666666666666572
973,973,276108,194.0,628.0,321.0,628.0,0.0,1.0,193.66666666666663,627.6666666666666,0.7453559924999638
974,974,276109,195.0,628.0,313.0,628.0,0.0,1.0,194.33333333333331,628.0,0.3333333333333144
975,975,276110,195.0,628.0,330.0,628.0,0.0,1.0,194.66666666666663,628.0,0.3333333333333712
976,976,276111,194.0,627.0,353.0,627.0,0.0,1.0,194.66666666666663,627.6666666666666,0.94280904158203
977,977,276112,193.0,626.0,393.0,626.0,0.0,1.0,194.0,627.0,0.94280904158203
978,978,276113,193.0,626.0,408.0,626.0,0.0,1.0,193.33333333333331,626.3333333333334,0.6666666666666856
979,979,276114,192.0,627.0,387.0,627.0,0.0,1.0,192.66666666666663,626.3333333333334,0.3333333333332575
980,980,276115,193.0,627.0,337.0,627.0,0.0,1.0,192.66666666666663,626.6666666666666,0.3333333333333712
981,981,276116,193.0,627.0,337.0,627.0,0.0,1.0,192.66666666666663,627.0,0.7453559924999638
982,982,276117,194.0,628.0,389.0,628.0,0.0,1.0,193.33333333333331,627.3333333333334,0.7453559924998875
983,983,276118,195.0,628.0,355.0,628.0,0.0,1.0,194.0,627.6666666666666,0.3333333333333428
984,984,276119,194.0,627.0,356.0,627.0,0.0,1.0,194.33333333333331,627.6666666666666,0.0
985,985,276120,194.0,628.0,367.0,628.0,0.0,1.0,194.33333333333331,627.6666666666666,0.0
986,986,276121,195.0,628.0,396.0,628.0,0.0,1.0,194.33333333333331,627.6666666666666,0.4714045207910451
987,987,276122,195.0,628.0,396.0,628.0,0.0,1.0,194.66666666666663,628.0,0.3333333333333428
988,988,276123,195.0,628.0,373.0,628.0,0.0,1.0,195.0,628.0,0.3333333333333712
989,989,276124,195.0,629.0,360.0,629.0,0.0,1.0,195.0,628.3333333333334,0.3333333333332575
990,990,276125,195.0,629.0,367.0,629.0,0.0,1.0,195.0,628.6666666666666,0.3333333333333712
991,991,276126,195.0,629.0,373.0,629.0,0.0,1.0,195.0,629.0,0.94280904158203
992,992,276127,197.0,627.0,325.0,627.0,0.0,1.0,195.66666666666663,628.3333333333334,0.4714045207910651
993,993,276128,196.0,628.0,347.0,628.0,0.0,1.0,196.0,628.0,1.4907119849998895
994,994,276129,197.0,625.0,390.0,625.0,0.0,1.0,196.66666666666663,626.6666666666666,0.3333333333333144
995,995,276130,196.0,627.0,374.0,627.0,0.0,1.0,196.33333333333331,626.6666666666666,0.3333333333332575
996,996,276131,196.0,627.0,378.0,627.0,0.0,1.0,196.33333333333331,626.3333333333334,0.6666666666666288
997,997,276132,197.0,627.0,383.0,627.0,0.0,1.0,196.33333333333331,627.0,0.3333333333333712
998,998,276133,196.0,628.0,392.0,628.0,0.0,1.0,196.33333333333331,627.3333333333334,0.3333333333332575
999,999,276134,196.0,628.0,392.0,628.0,0.0,1.0,196.33333333333331,627.6666666666666,0.7453559924999638
1000,1000,276135,195.0,628.0,429.0,628.0,0.0,1.0,195.66666666666663,628.0,0.3333333333333144
1001,1001,276136,195.0,628.0,406.0,628.0,0.0,1.0,195.33333333333331,628.0,0.4714045207910651
1002,1002,276137,195.0,627.0,416.0,627.0,0.0,1.0,195.0,627.6666666666666,0.3333333333332575
1003,1003,276138,195.0,627.0,395.0,627.0,0.0,1.0,195.0,627.3333333333334,0.3333333333333712
1004,1004,276139,195.0,627.0,399.0,627.0,0.0,1.0,195.0,627.0,0.7453559924999003
1005,1005,276140,196.0,629.0,367.0,629.0,0.0,1.0,195.33333333333331,627.6666666666666,1.0540925533894718
1006,1006,276141,198.0,628.0,286.0,628.0,0.0,1.0,196.33333333333331,628.0,0.94280904158203
1007,1007,276142,197.0,629.0,302.0,629.0,0.0,1.0,197.0,628.6666666666666,0.4714045207909848
1008,1008,276143,197.0,628.0,228.0,628.0,0.0,1.0,197.33333333333331,628.3333333333334,1.699673171197621
1009,1009,276144,193.0,627.0,288.0,627.0,0.0,1.0,195.66666666666663,628.0,1.6996731711975932
1010,1010,276145,192.0,628.0,277.0,628.0,0.0,1.0,194.0,627.6666666666666,2.0275875100993943
1011,1011,276146,191.0,627.0,282.0,627.0,0.0,1.0,192.0,627.3333333333334,1.0
1012,1012,276147,190.0,627.0,273.0,627.0,0.0,1.0,191.0,627.3333333333334,0.7453559924999384
1013,1013,276148,190.0,627.0,299.0,627.0,0.0,1.0,190.33333333333331,627.0,0.6666666666666288
1014,1014,276149,191.0,625.0,254.0,625.0,0.0,1.0,190.33333333333331,626.3333333333334,1.0540925533894627
1015,1015,276150,189.0,624.0,206.0,624.0,0.0,1.0,190.0,625.3333333333334,1.3743685418725926
1016,1016,276151,189.0,623.0,205.0,623.0,0.0,1.0,189.66666666666663,624.0,1.2018504251546578
1017,1017,276152,189.0,622.0,241.0,622.0,0.0,1.0,189.0,623.0,1.0540925533894627
1018,1018,276153,190.0,621.0,281.0,621.0,0.0,1.0,189.33333333333331,622.0,1.2018504251546578
1019,1019,276154,191.0,620.0,298.0,620.0,0.0,1.0,190.0,621.0,1.4907119849998514
1020,1020,276155,193.0,620.0,356.0,620.0,0.0,1.0,191.33333333333331,620.3333333333334,0.6666666666666572
1021,1021,276156,192.0,621.0,403.0,621.0,0.0,1.0,192.0,620.3333333333334,0.3333333333332575
1022,1022,276157,191.0,621.0,409.0,621.0,0.0,1.0,192.0,620.6666666666666,1.6666666666666743
1023,1023,276158,189.0,623.0,460.0,623.0,0.0,1.0,190.66666666666663,621.6666666666666,1.0540925533894538
1024,1024,276159,191.0,624.0,523.0,624.0,0.0,1.0,190.33333333333331,622.6666666666666,1.4907119849999022
1025,1025,276160,189.0,625.0,321.0,625.0,0.0,1.0,189.66666666666663,624.0,0.3333333333333712
1026,1026,276161,189.0,624.0,443.0,624.0,0.0,1.0,189.66666666666663,624.3333333333334,2.134374745810997
1027,1027,276162,187.0,619.0,502.0,619.0,0.0,1.0,188.33333333333331,622.6666666666666,3.333333333333257
1028,1028,276163,189.0,615.0,516.0,615.0,0.0,1.0,188.33333333333331,619.3333333333334,2.748737083745185
1029,1029,276164,187.0,616.0,360.0,616.0,0.0,1.0,187.66666666666663,616.6666666666666,1.2018504251546578
1030,1030,276165,185.0,616.0,465.0,616.0,0.0,1.0,187.0,615.6666666666666,3.399346342395214
1031,1031,276166,179.0,617.0,551.0,617.0,0.0,1.0,183.66666666666663,616.3333333333334,6.641619615057074
1032,1032,276167,168.0,610.0,321.0,610.0,0.0,1.0,177.33333333333334,614.3333333333334,8.412952976082684
1033,1033,276168,164.0,602.0,367.0,602.0,0.0,1.0,170.33333333333334,609.6666666666666,8.19891591749917
1034,1034,276169,168.0,595.0,424.0,595.0,0.0,1.0,166.66666666666666,602.3333333333334,7.031674369909664
1035,1035,276170,170.0,589.0,704.0,589.0,,,167.33333333333334,595.3333333333334,8.333333333333394
1036,1036,276171,179.0,582.0,983.0,582.0,,,172.33333333333334,588.6666666666666,11.279282877125697
1037,1037,276172,196.0,576.0,727.0,576.0,,,181.66666666666663,582.3333333333334,16.815997674172596
1038,1038,276173,219.0,577.0,887.0,577.0,,,198.0,578.3333333333334,15.891996588080293
1039,1039,276174,226.0,574.0,1173.0,574.0,,,213.66666666666663,575.6666666666666,16.346933113652312
1040,1040,276175,245.0,574.0,1178.0,574.0,,,230.0,575.0,16.01735170231195
1041,1041,276176,266.0,567.0,1382.0,567.0,,,245.66666666666663,571.6666666666666,14.970341048590404
1042,1042,276177,270.0,565.0,1910.0,565.0,,,260.3333333333333,568.6666666666666,12.684198393626982
1043,1043,276178,283.0,572.0,2052.0,572.0,,,273.0,568.0,8.333333333333345
1044,1044,276179,290.0,574.0,1311.0,574.0,,,281.0,570.3333333333334,8.06225774829855
1045,1045,276180,294.0,568.0,938.0,568.0,,,289.0,571.3333333333334,6.009252125773333
1046,1046,276181,300.0,566.0,2137.0,566.0,,,294.6666666666667,569.3333333333334,6.128258770283392
1047,1047,276182,307.0,567.0,2074.0,567.0,,,300.3333333333333,567.0,5.174724898753351
1048,1048,276183,309.0,564.0,1927.0,564.0,,,305.3333333333333,565.6666666666666,4.853406592853676
1049,1049,276184,314.0,562.0,1469.0,562.0,,,310.0,564.3333333333334,4.333333333333362
1050,1050,276185,319.0,562.0,1197.0,562.0,,,314.0,562.6666666666666,5.374838498865698
1051,1051,276186,323.0,556.0,983.0,556.0,,,318.6666666666667,560.0,6.146362971528562
1052,1052,276187,326.0,548.0,581.0,548.0,,,322.6666666666667,555.3333333333334,4.772607021092192
1053,1053,276188,322.0,548.0,1494.0,548.0,,,323.6666666666667,550.6666666666666,2.603416558635564
1054,1054,276189,318.0,550.0,1048.0,550.0,,,322.0,548.6666666666666,3.543381937578261
1055,1055,276190,319.0,556.0,1574.0,556.0,,,319.6666666666667,551.3333333333334,6.128258770283392
1056,1056,276191,315.0,565.0,1737.0,565.0,,,317.3333333333333,557.0,3.431876713662315
1057,1057,276192,313.0,559.0,1903.0,559.0,,,315.6666666666667,560.0,4.013864859597435
1058,1058,276193,307.0,555.0,1539.0,555.0,,,311.6666666666667,559.6666666666666,6.839428176227704
1059,1059,276194,300.0,551.0,932.0,551.0,,,306.6666666666667,555.0,13.437096247164249
1060,1060,276195,278.0,539.0,1510.0,539.0,,,295.0,548.3333333333334,19.5647074544389
1061,1061,276196,249.0,546.0,1652.0,546.0,,,275.6666666666667,545.3333333333334,25.0022221234656
1062,1062,276197,225.0,552.0,1247.0,552.0,,,250.66666666666663,545.6666666666666,32.90558885322946
1063,1063,276198,182.0,562.0,659.0,562.0,,,218.66666666666663,553.3333333333334,34.275031404475435
1064,1064,276199,147.0,559.0,1064.0,559.0,,,184.66666666666663,557.6666666666666,40.02221605280969
1065,1065,276200,105.0,548.0,2166.0,548.0,,,144.66666666666666,556.3333333333334,41.71064345916732
1066,1066,276201,59.0,539.0,1013.0,539.0,,,103.66666666666669,548.6666666666666,45.92264026478539
1067,1067,276202,13.0,527.0,1185.0,527.0,,,59.0,538.0,23.53720459187964
