Unnamed: 0,nframe_91714515300,absframe_91714515300,x0_91714515300,y0_91714515300,area_91714515300,yadj_91714515300,flower_91714515300,visit_num_91714515300,sx_91714515300,sy_91714515300,speeds_91714515300
0,0,363058,1839.0,928.0,1716.0,152.0,,,1839.0,152.0,59.34854673873658
1,1,363059,1747.0,853.0,1897.0,227.0,,,1793.0,189.5,64.86331783065063
2,2,363060,1646.0,763.0,2361.0,317.0,,,1744.0,232.0,130.21435319417657
3,3,363061,1538.0,679.0,1370.0,401.0,,,1643.6666666666667,315.0,139.58669150189235
4,4,363062,1443.0,565.0,1836.0,515.0,,,1542.3333333333333,411.0,138.8448374585417
5,5,363063,1356.0,464.0,1412.0,616.0,,,1445.6666666666667,510.6666666666667,137.2888277399958
6,6,363064,1285.0,354.0,991.0,726.0,,,1361.3333333333333,619.0,133.95065426409
7,7,363065,1232.0,223.0,1463.0,857.0,,,1291.0,733.0,139.94959410047915
8,8,363066,1184.0,81.0,892.0,999.0,,,1233.6666666666667,860.6666666666666,72.05938908674958
