x,y,t
0.023,0.020,-0.059
0.023,0.003,-0.321
-0.029,-0.014,0.560
-0.012,0.047,0.426
-0.003,-0.049,-0.694
-0.020,-0.075,-0.612
0.006,-0.058,-0.593
-0.012,-0.006,0.378
0.006,0.029,0.576
-0.029,-0.058,-0.415
0.049,-0.023,-0.735
-0.003,0.064,0.798
0.032,0.047,0.897
-0.055,-0.041,-0.237
-0.020,0.055,0.710
-0.020,-0.014,-0.583
0.006,0.020,0.426
-0.012,0.064,0.985
0.041,0.012,-0.424
-0.081,0.012,0.616
-0.012,0.047,0.899
-0.020,0.038,0.513
-0.038,-0.032,-0.512
-0.038,-0.032,-0.346
0.049,-0.006,-0.140
-0.038,-0.041,-0.051
0.041,0.012,-0.608
0.032,-0.006,-0.502
0.006,0.055,0.794
-0.055,-0.041,-0.143
-0.081,0.003,0.607
-0.012,-0.058,-0.502
0.023,-0.023,0.060
0.014,0.038,0.326
-0.020,-0.058,-0.467
-0.055,-0.049,-0.277
0.014,0.029,0.148
0.058,-0.006,-0.330
0.006,0.012,-0.154
0.006,-0.023,-0.391
-0.012,0.029,0.020
-0.029,-0.049,-0.339
0.032,-0.014,-0.019
0.041,-0.006,-0.326
-0.003,-0.058,-0.511
-0.003,0.020,0.124
-0.029,-0.067,-0.622
0.023,0.003,-0.339
-0.038,-0.058,-0.440
-0.003,0.020,0.120
0.041,-0.023,-0.230
0.075,0.003,-0.703
0.023,-0.041,-0.504
-0.047,-0.058,-0.332
-0.012,-0.049,-0.105
-0.012,-0.058,-0.620
0.041,0.003,-0.507
0.014,0.029,0.125
-0.055,-0.041,-0.063
0.023,0.020,-0.243
0.023,0.047,0.803
-0.029,-0.058,-0.722
-0.012,0.020,-0.144
-0.020,0.012,0.045
0.023,-0.014,0.167
0.014,0.029,-0.198
0.014,-0.041,-0.478
0.014,0.029,-0.147
0.023,0.012,0.148
-0.047,-0.049,-0.250
0.067,-0.032,-0.497
0.032,-0.006,-0.372
-0.055,-0.032,-0.047
-0.073,0.003,0.325
-0.020,-0.049,-0.331
-0.003,0.029,-0.144
-0.055,-0.049,-0.177
-0.020,-0.041,-0.709
-0.020,0.020,0.211
0.049,0.003,-0.325
0.023,0.029,0.536
-0.003,0.055,0.767
-0.029,-0.032,-0.334
0.032,0.012,0.054
-0.029,-0.023,-0.626
0.023,0.038,0.049
0.049,-0.014,-0.638
0.023,0.003,-0.328
0.023,0.020,-0.136
0.014,0.020,0.229
-0.020,-0.049,-0.429
0.032,0.003,-0.516
0.032,-0.006,-0.612
0.032,-0.006,-0.709
0.006,-0.006,-0.337
0.067,-0.032,-0.562
-0.038,-0.058,-0.525
-0.003,0.029,-0.070
0.049,-0.023,-0.562
-0.012,0.029,0.411
-0.029,-0.049,-0.718
0.014,0.029,0.423
0.067,-0.032,-0.693
-0.064,-0.023,0.239
0.058,0.003,-0.698
-0.038,0.020,0.142
0.014,0.029,0.728
-0.003,0.029,0.519
-0.020,-0.049,-0.613
-0.029,-0.049,-0.512
0.023,-0.006,-0.323
0.014,0.047,0.331
-0.003,0.038,0.528
0.041,-0.023,-0.651
0.014,0.055,0.592
0.006,0.020,-0.143
0.032,0.029,0.137
-0.012,-0.023,0.031
-0.038,0.029,0.803
0.006,0.055,0.855
-0.012,0.064,0.712
-0.020,-0.058,-0.517
-0.055,-0.032,0.039
0.041,-0.014,-0.378
-0.020,-0.041,-0.509
0.023,0.003,-0.423
0.067,-0.023,-0.600
0.032,-0.014,-0.414
-0.047,-0.058,-0.428
-0.073,-0.014,0.233
-0.012,-0.058,-0.603
-0.020,-0.049,-0.552
-0.003,0.038,0.482
0.023,0.038,0.429
-0.038,-0.049,-0.512
-0.038,-0.041,0.082
-0.003,-0.023,-0.146
-0.003,-0.023,-0.710
0.041,-0.006,-0.520
-0.038,-0.041,-0.280
0.014,0.047,0.892
0.023,0.029,0.898
0.032,0.003,-0.333
-0.029,-0.067,-0.519
0.014,0.020,0.429
-0.029,-0.032,0.178
-0.038,-0.023,-0.240
0.014,0.064,0.805
0.023,0.029,0.994
0.058,-0.032,-0.637
-0.003,0.012,0.004
0.006,0.047,0.332
0.032,0.029,0.132
-0.029,-0.014,0.628
0.058,-0.032,-0.534
0.023,-0.006,-0.509
-0.020,-0.058,-0.721
0.041,-0.014,-0.283
-0.047,-0.049,-0.597
0.006,0.055,0.510
-0.020,-0.049,-0.621
0.032,0.012,0.235
0.006,0.003,-0.253
-0.029,-0.023,-0.081
-0.012,-0.058,-0.613
0.023,0.029,0.139
-0.012,-0.041,-0.106
-0.003,0.047,0.335
0.032,-0.023,-0.719
0.067,-0.006,-0.506
-0.029,-0.058,-0.423
0.041,0.012,-0.054
-0.055,-0.041,-0.163
-0.029,-0.058,-0.552
-0.012,0.029,0.043
-0.029,-0.023,-0.137
0.014,0.020,-0.240
0.006,0.012,-0.051
-0.012,-0.049,-0.380
-0.012,-0.067,-0.612
-0.012,0.047,0.593
-0.003,0.029,0.193
-0.003,0.038,0.892
0.023,0.020,0.228
0.014,0.012,-0.040
-0.055,-0.049,-0.054
0.006,0.020,0.050
-0.012,-0.058,-0.605
0.014,0.012,0.149
-0.029,-0.032,-0.131
0.006,0.047,0.807
-0.012,0.055,0.700
-0.003,0.029,-0.056
-0.055,-0.041,-0.436
-0.012,0.055,0.952
-0.064,-0.023,0.134
0.006,0.029,0.564
0.032,-0.041,-0.724
-0.038,-0.041,-0.143
-0.055,0.003,-0.026
0.006,0.047,0.610
0.023,0.029,0.044
-0.003,0.029,0.613
-0.012,-0.032,-0.659
-0.055,-0.023,-0.052
-0.003,0.038,0.320
0.049,-0.032,-0.559
-0.029,0.038,0.527
0.014,0.029,0.524
0.041,0.012,-0.245
-0.012,0.029,-0.055
-0.038,-0.049,-0.341
0.006,0.055,0.898
0.032,-0.006,-0.695
0.006,-0.023,-0.156
-0.012,0.029,0.429
-0.003,0.012,0.108
-0.038,-0.032,0.089
-0.055,0.029,0.287
-0.029,-0.049,-0.366
-0.047,-0.049,-0.146
-0.012,-0.006,0.272
-0.029,0.047,0.610
0.067,-0.014,-0.683
0.006,0.038,0.525
0.006,-0.023,-0.111
0.023,-0.032,-0.249
-0.003,0.012,-0.074
-0.003,0.012,0.124
0.032,0.012,-0.597
-0.012,-0.058,-0.622
-0.003,0.020,-0.259
0.014,0.029,0.002
0.006,-0.075,-0.702
0.058,-0.032,-0.600
0.041,-0.032,-0.381
-0.003,0.038,0.421
-0.073,-0.023,0.278
-0.029,-0.041,-0.617
-0.055,-0.049,-0.245
-0.047,0.064,0.899
0.006,0.055,0.980
0.014,0.020,-0.039
0.006,-0.049,-0.702
0.058,-0.049,0.004
-0.003,-0.067,-0.587
-0.073,0.029,0.977
0.032,0.012,-0.276
0.006,0.020,0.291
-0.047,-0.041,-0.056
0.049,-0.041,-0.443
-0.029,-0.014,0.117
-0.055,-0.041,-0.428
0.041,0.020,-0.057
-0.020,-0.067,-0.503
-0.029,-0.058,-0.326
0.014,0.029,0.998
0.049,0.003,-0.418
-0.003,0.029,0.578
0.014,0.029,0.132
-0.038,-0.014,-0.356
0.041,-0.006,-0.602
-0.003,0.038,0.725
-0.038,-0.041,-0.346
-0.003,0.029,0.430
0.075,-0.032,-0.676
0.006,0.047,0.225
-0.047,-0.041,-0.146
-0.073,-0.006,0.659
-0.003,-0.049,-0.201
0.067,-0.058,-0.688
0.006,0.038,0.844
0.058,-0.014,-0.509
-0.064,-0.023,0.127
0.023,0.003,-0.148
-0.003,0.047,0.977
-0.029,-0.023,-0.261
-0.012,-0.067,-0.648
0.014,-0.006,0.022
0.023,0.003,-0.035
-0.003,0.003,-0.138
-0.038,-0.058,-0.530
-0.055,-0.014,0.123
-0.020,-0.049,-0.718
-0.003,0.047,0.990
0.014,-0.014,-0.523
-0.047,-0.058,-0.597
0.058,-0.032,-0.314
-0.012,0.047,0.711
-0.029,-0.049,-0.144
-0.038,-0.058,-0.224
0.014,-0.023,-0.385
-0.020,-0.049,-0.715
-0.003,0.055,0.696
0.006,0.029,0.289
-0.038,-0.023,-0.434
0.058,-0.058,-0.738
-0.020,0.047,0.514
-0.020,-0.058,-0.704
0.049,-0.032,-0.300
0.014,-0.058,-0.596
-0.020,-0.041,-0.126
-0.038,-0.058,-0.430
-0.081,0.020,0.710
-0.055,-0.049,-0.242
0.023,0.038,0.900
0.014,-0.075,-0.588
-0.003,0.029,-0.159
0.041,-0.041,-0.620
-0.020,0.047,0.715
-0.012,0.029,0.213
0.014,0.038,0.338
0.032,-0.023,0.077
0.049,-0.006,-0.128
0.014,0.029,0.804
0.006,0.020,0.436
0.006,0.029,0.335
0.041,-0.014,-0.423
0.014,0.038,0.478
0.014,-0.023,-0.107
-0.055,-0.014,0.183
-0.038,0.038,0.257
-0.038,-0.058,-0.338
-0.038,-0.032,-0.350
0.023,0.012,-0.329
-0.038,-0.058,-0.620
-0.012,-0.041,-0.504
-0.064,-0.041,-0.239
0.041,-0.023,-0.095
0.032,0.038,0.895
0.014,0.003,-0.137
0.049,-0.014,-0.697
0.023,0.038,0.519
0.023,0.003,-0.509
0.014,0.047,0.719
-0.020,0.047,0.594
0.058,-0.014,-0.556
0.006,0.020,0.225
-0.047,-0.058,-0.528
0.067,-0.049,-0.629
-0.038,-0.041,-0.243
-0.073,-0.006,0.333
-0.038,-0.032,-0.525
-0.012,-0.041,-0.511
-0.020,-0.049,-0.239
0.023,-0.014,-0.522
0.032,0.029,0.234
-0.003,0.055,0.514
-0.020,0.055,0.721
0.023,-0.041,-0.716
0.014,0.029,-0.165
0.041,0.012,-0.716
-0.012,0.055,0.587
0.014,0.020,0.538
-0.029,0.020,0.852
0.049,-0.023,-0.645
-0.064,0.073,0.908
-0.003,0.064,0.795
-0.020,0.038,0.426
0.041,-0.049,-0.657
-0.047,-0.041,-0.342
0.032,0.012,-0.243
-0.003,0.055,0.981
-0.012,-0.049,-0.708
-0.020,-0.075,-0.513
0.023,-0.041,-0.417
-0.064,-0.049,-0.254
-0.047,-0.049,-0.143
-0.064,-0.032,-0.061
-0.020,-0.058,-0.370
-0.003,0.055,0.333
0.049,-0.023,-0.400
0.023,-0.023,-0.611
-0.038,-0.041,-0.528
-0.003,-0.049,-0.700
-0.029,0.003,0.913
-0.003,0.047,0.236
-0.029,-0.058,-0.714
-0.038,-0.023,0.242
0.006,0.064,0.710
-0.029,-0.023,-0.472
-0.003,0.012,-0.161
-0.012,0.064,0.976
0.049,0.108,0.914
0.049,-0.014,-0.597
0.006,-0.014,0.078
-0.012,-0.049,-0.398
-0.047,-0.023,-0.250
0.014,0.012,0.234
-0.012,-0.058,-0.221
-0.012,-0.067,-0.601
0.032,-0.014,-0.219
0.023,-0.006,-0.515
-0.038,-0.041,-0.139
0.049,-0.023,-0.679
0.032,0.003,-0.424
0.014,0.047,0.334
0.014,0.029,0.044
-0.020,0.003,0.129
-0.020,0.020,0.044
0.006,0.038,0.309
-0.020,-0.049,-0.617
-0.003,0.029,0.319
0.006,0.047,0.408
0.014,-0.041,-0.407
0.058,0.003,-0.416
-0.029,-0.014,0.369
-0.003,0.064,0.885
0.049,-0.023,-0.417
0.049,0.003,-0.711
-0.020,0.029,0.339
-0.020,-0.058,-0.230
-0.090,0.029,0.795
0.006,-0.023,-0.022
-0.047,-0.049,-0.180
-0.012,0.064,0.982
-0.003,0.047,0.769
-0.038,-0.049,-0.365
0.006,0.055,0.762
-0.020,-0.023,0.258
-0.020,-0.032,-0.066
0.014,-0.006,-0.246
0.032,0.020,-0.155
0.014,0.012,0.066
-0.003,0.038,0.041
0.023,-0.006,-0.430
-0.012,-0.058,-0.700
0.023,-0.058,-0.510
-0.020,-0.067,-0.415
0.023,0.020,0.240
-0.038,0.047,0.882
-0.029,0.055,0.897
-0.003,-0.049,-0.709
0.014,-0.014,-0.502
0.058,0.012,-0.710
-0.003,0.055,0.714
0.041,-0.032,-0.116
0.067,-0.032,-0.675
0.049,-0.023,-0.406
-0.012,-0.032,-0.256
0.049,-0.014,-0.711
-0.055,0.020,0.884
0.032,-0.006,-0.411
-0.003,0.047,0.513
-0.020,-0.032,-0.441
0.067,-0.014,-0.412
0.058,-0.014,-0.608
0.032,-0.032,-0.033
0.014,0.055,0.986
-0.003,-0.041,-0.601
-0.003,0.029,0.022
0.014,0.038,0.944
-0.081,0.003,0.330
0.006,0.020,0.196
0.006,0.038,0.613
0.049,-0.023,0.655
-0.012,-0.041,-0.040
0.006,-0.058,-0.715
0.014,0.020,0.236
0.049,-0.014,-0.372
-0.020,0.055,0.777
-0.038,0.012,-0.095
-0.038,-0.032,-0.328
-0.090,0.012,0.713
-0.003,0.038,0.317
-0.003,0.012,-0.054
0.014,0.020,0.283
0.014,0.020,-0.064
-0.090,0.020,0.703
0.006,0.047,0.233
0.067,-0.023,-0.586
0.006,0.038,0.235
0.041,-0.006,-0.611
0.032,-0.023,-0.650
-0.003,0.047,0.525
-0.003,0.055,0.616
-0.029,0.047,0.709
-0.012,-0.058,-0.597
-0.003,-0.049,-0.622
-0.081,0.020,0.804
0.006,0.029,0.140
-0.012,-0.041,-0.549
-0.029,0.012,0.581
0.067,-0.023,-0.501
-0.073,-0.006,0.323
-0.047,-0.058,-0.284
0.041,-0.014,-0.694
0.032,0.012,-0.506
0.014,0.012,-0.347
0.006,0.055,0.615
0.032,0.047,0.801
-0.029,-0.023,-0.337
-0.012,-0.041,-0.711
0.006,0.055,0.896
-0.012,-0.049,-0.138
0.049,-0.023,-0.590
-0.029,-0.023,0.532
0.032,0.029,0.625
-0.020,0.047,0.310
-0.064,0.029,0.982
-0.020,0.047,0.884
-0.012,-0.023,-0.606
0.032,-0.032,-0.315
0.023,0.003,-0.052
-0.012,0.029,-0.071
0.014,0.029,0.626
0.014,0.029,0.048
-0.055,-0.049,-0.266
0.023,0.029,0.905
0.006,-0.041,-0.244
0.006,0.047,0.516
-0.003,0.064,0.802
0.041,-0.014,-0.547
-0.003,-0.041,-0.699
-0.038,0.038,0.791
-0.055,-0.049,-0.330
-0.029,-0.049,-0.524
0.041,-0.014,-0.316
-0.012,0.038,0.527
0.014,0.020,-0.047
0.041,-0.014,-0.556
-0.029,-0.041,-0.710
-0.003,0.029,0.029
-0.081,0.029,0.793
-0.012,-0.041,-0.232
-0.047,-0.058,-0.371
-0.029,-0.049,-0.614
-0.029,0.029,0.972
0.058,-0.023,-0.699
0.014,-0.014,0.266
-0.012,-0.058,-0.515
-0.064,0.020,0.613
0.014,-0.006,-0.222
0.006,0.029,0.325
-0.047,-0.041,0.050
0.014,0.029,0.123
-0.029,-0.049,-0.288
0.006,-0.014,0.255
-0.038,-0.058,-0.433
0.014,0.020,0.135
0.067,-0.006,-0.608
0.049,0.003,-0.700
0.067,-0.041,-0.469
-0.055,-0.006,0.017
-0.029,-0.006,-0.396
-0.055,-0.041,-0.053
-0.038,-0.023,0.142
-0.003,0.038,0.427
0.006,0.029,0.241
-0.073,-0.023,0.034
0.041,-0.023,-0.287
0.058,-0.006,-0.508
-0.038,-0.058,-0.548
-0.003,0.055,0.620
-0.029,-0.014,0.770
0.023,0.038,0.809
-0.003,-0.032,-0.180
0.032,-0.023,-0.134
0.041,-0.006,-0.698
-0.055,-0.023,-0.065
-0.020,0.038,0.121
-0.073,0.029,0.897
0.006,0.029,0.034
-0.038,-0.067,-0.718
0.023,-0.023,-0.040
0.058,-0.006,-0.501
-0.038,-0.049,-0.243
0.014,-0.075,-0.697
0.032,0.003,-0.244
-0.012,-0.014,-0.586
-0.047,-0.032,-0.433
-0.055,-0.014,-0.061
0.049,-0.023,-0.596
0.014,-0.058,-0.501
-0.020,0.038,0.521
0.014,0.064,0.888
-0.090,0.003,0.419
0.075,-0.023,-0.507
0.014,0.029,0.396
-0.047,-0.032,-0.247
-0.029,0.029,0.607
0.032,-0.032,-0.130
-0.003,-0.032,-0.288
0.049,-0.023,-0.690
0.014,0.038,0.611
-0.020,-0.049,-0.166
-0.003,0.029,0.569
0.032,-0.014,-0.329
0.023,0.047,0.624
-0.012,0.047,0.528
-0.064,-0.041,-0.438
-0.029,0.047,0.718
-0.029,-0.041,-0.229
0.023,0.003,-0.101
0.067,-0.006,-0.605
0.006,0.047,0.903
0.058,-0.023,-0.680
-0.012,-0.058,-0.721
-0.012,0.055,0.982
-0.012,-0.049,-0.195
0.006,0.038,0.891
-0.020,-0.058,-0.456
0.006,0.029,-0.145
-0.020,0.047,0.404
0.023,0.029,0.813
-0.047,-0.067,-0.607
0.058,-0.014,-0.394
0.023,0.029,0.226
-0.020,0.012,0.417
-0.029,-0.032,-0.047
0.032,0.012,-0.233
-0.012,0.038,0.331
0.023,0.038,0.530
-0.020,0.055,0.785
-0.047,-0.032,-0.329
0.006,0.047,0.420
0.041,-0.014,-0.588
0.014,0.047,0.819
0.014,0.029,0.656
-0.081,0.029,0.885
-0.029,0.029,0.905
-0.003,-0.032,0.014
0.032,-0.023,-0.213
-0.047,-0.049,-0.091
0.032,0.003,-0.602
-0.038,-0.023,-0.244
0.023,0.047,0.521
-0.020,-0.014,0.153
-0.012,0.038,0.621
0.023,0.003,-0.092
-0.003,0.020,-0.164
-0.012,-0.049,-0.284
0.014,0.047,0.132
0.058,-0.032,-0.504
0.032,-0.014,-0.602
-0.003,0.047,0.890
-0.020,-0.049,-0.334
-0.012,0.055,0.902
-0.012,0.055,0.971
0.075,-0.014,-0.689
-0.003,0.012,-0.051
-0.003,0.012,-0.044
0.023,-0.023,-0.598
0.006,0.038,0.017
-0.020,-0.041,-0.143
-0.029,-0.032,-0.525
0.058,-0.014,-0.414
0.041,0.003,-0.697
0.058,-0.041,-0.637
0.014,-0.006,-0.328
-0.047,-0.041,-0.099
-0.003,-0.058,-0.416
0.023,0.020,0.160
-0.012,0.029,0.207
0.014,0.020,0.226
-0.047,-0.041,-0.246
0.014,0.038,0.727
0.041,0.003,-0.324
-0.003,0.047,0.640
-0.090,0.029,0.978
-0.038,-0.032,-0.142
0.014,0.003,-0.509
0.006,0.038,0.608
-0.029,0.029,0.511
-0.012,0.038,0.605
0.023,0.055,0.895
-0.012,0.038,0.230
0.049,0.003,-0.601
0.023,0.029,0.326
0.023,0.038,-0.050
-0.029,-0.041,-0.430
-0.012,0.055,0.988
0.041,-0.023,-0.200
-0.047,-0.032,-0.253
0.014,0.012,-0.060
-0.003,0.047,0.997
-0.038,-0.058,-0.196
-0.029,0.020,0.308
0.014,0.029,0.141
0.032,-0.006,-0.231
-0.012,0.020,0.116
-0.064,0.029,0.192
0.023,-0.006,-0.422
0.058,-0.023,-0.319
0.032,0.020,0.047
0.032,0.003,-0.712
-0.012,-0.075,-0.506
0.023,0.020,0.132
0.006,0.055,0.890
-0.029,-0.049,-0.269
-0.020,-0.058,-0.411
-0.047,-0.041,-0.049
0.014,0.029,0.713
0.049,-0.058,-0.681
0.014,0.047,0.617
0.058,-0.032,-0.586
0.006,0.064,0.802
-0.038,-0.041,-0.441
-0.038,-0.032,-0.261
-0.047,-0.049,-0.519
-0.047,-0.058,-0.234
-0.020,0.020,0.793
0.032,0.003,-0.508
-0.064,-0.006,0.375
-0.003,0.038,0.623
0.014,-0.023,-0.072
-0.003,0.029,0.616
0.041,0.003,-0.423
-0.003,-0.023,-0.041
-0.038,-0.049,-0.372
-0.003,0.047,0.897
-0.029,0.038,0.314
-0.003,0.055,0.989
0.014,0.047,0.810
-0.038,-0.032,-0.256
-0.020,-0.041,-0.714
-0.081,0.038,0.986
-0.020,0.012,0.221
-0.003,-0.006,-0.158
-0.003,0.047,0.516
0.006,0.038,0.395
0.067,-0.014,-0.689
-0.047,-0.041,0.042
0.014,0.038,0.332
-0.073,0.029,0.703
0.023,-0.023,-0.082
-0.029,0.047,0.697
-0.038,-0.058,-0.330
-0.064,-0.041,-0.051
-0.020,-0.041,-0.620
-0.029,-0.006,-0.019
-0.055,-0.041,-0.252
0.006,0.038,0.031
-0.003,-0.041,-0.621
0.041,0.003,-0.330
0.023,-0.014,-0.257
0.049,0.116,0.557
0.032,0.012,-0.138
-0.020,-0.058,-0.524
0.058,-0.023,-0.604
0.041,-0.014,-0.233
-0.029,0.038,0.509
0.032,-0.006,-0.221
0.032,0.003,-0.236
-0.055,-0.041,-0.439
0.014,0.029,0.473
0.014,0.055,0.611
-0.081,0.020,0.614
-0.047,-0.014,0.355
0.049,-0.032,-0.294
0.014,-0.014,-0.336
0.041,0.012,-0.601
0.006,0.038,0.624
-0.029,-0.032,0.244
-0.003,0.029,0.414
-0.029,-0.058,-0.366
0.032,0.047,0.985
0.032,-0.041,-0.413
-0.055,-0.014,0.035
-0.064,-0.041,-0.163
-0.029,-0.058,-0.335
0.023,0.038,0.894
-0.003,-0.041,-0.613
-0.029,-0.032,-0.254
-0.003,0.029,0.127
0.006,0.029,0.544
-0.055,-0.041,-0.058
0.006,-0.014,-0.099
0.006,-0.006,-0.436
-0.073,0.003,0.475
-0.012,-0.058,-0.318
0.023,0.038,0.043
0.023,-0.023,-0.708
0.006,0.047,0.522
0.058,0.003,-0.705
-0.012,0.055,0.617
-0.012,-0.014,-0.652
-0.020,-0.075,-0.610
0.006,0.038,0.432
0.041,-0.014,-0.611
0.023,0.029,-0.146
0.041,-0.032,-0.227
0.006,0.047,0.043
-0.012,-0.058,-0.453
-0.012,0.038,0.170
-0.020,0.055,0.688
0.023,0.029,-0.067
0.067,0.003,-0.697
0.023,0.020,0.134
-0.029,-0.067,-0.716
0.041,0.003,-0.701
0.067,-0.014,-0.702
0.014,0.047,0.801
0.032,-0.014,-0.123
-0.003,-0.049,-0.134
0.006,0.020,0.227
0.006,0.029,0.125
-0.073,-0.006,0.564
-0.047,-0.041,-0.249
0.032,-0.032,-0.460
-0.020,0.029,0.210
-0.003,0.047,0.983
0.023,0.012,-0.327
-0.047,-0.032,-0.142
0.067,-0.049,-0.663
-0.038,-0.032,-0.131
-0.012,0.055,0.890
0.006,0.055,0.622
-0.055,-0.049,-0.426
-0.012,0.012,0.219
0.014,0.047,0.713
0.032,-0.006,-0.234
-0.012,0.047,0.238
-0.012,-0.041,-0.603
0.023,-0.023,0.217
-0.029,-0.049,-0.519
-0.073,-0.014,0.228
0.084,-0.014,-0.692
0.006,0.029,0.100
-0.055,-0.032,-0.165
0.023,-0.023,-0.515
0.067,-0.023,-0.655
-0.012,0.020,0.220
0.049,-0.014,-0.547
-0.038,-0.058,-0.700
0.014,0.047,0.416
0.023,-0.023,-0.682
0.058,-0.023,-0.508
-0.012,-0.067,-0.587
0.014,-0.041,-0.575
0.006,0.003,-0.248
0.058,0.003,-0.716
-0.003,-0.058,-0.698
0.014,0.038,0.135
-0.020,0.038,0.307
0.075,-0.014,-0.604
-0.003,0.038,0.512
-0.029,-0.058,-0.617
-0.047,-0.032,-0.257
-0.012,0.055,0.614
0.023,-0.023,-0.615
0.006,0.047,0.897
-0.020,0.055,0.523
-0.081,0.012,0.400
-0.029,-0.041,-0.514
0.014,0.055,0.800
0.049,-0.014,-0.513
0.023,-0.041,-0.642
-0.003,-0.014,-0.250
-0.003,-0.049,-0.323
-0.020,-0.006,0.049
0.023,0.038,0.522
0.049,-0.023,-0.326
-0.012,0.047,0.513
-0.055,-0.032,-0.173
0.032,-0.014,-0.521
0.023,0.099,0.491
0.023,-0.006,-0.415
-0.003,0.003,0.469
-0.003,0.038,0.141
0.023,0.012,-0.155
-0.003,0.012,-0.060
-0.038,-0.049,-0.517
0.014,0.064,0.896
-0.081,0.029,0.980
0.014,-0.006,-0.371
-0.003,-0.006,-0.228
-0.055,-0.041,-0.187
0.006,0.038,0.421
-0.012,0.020,0.838
0.058,0.012,-0.692
0.049,0.003,-0.240
-0.064,-0.041,-0.148
0.014,0.029,0.325
-0.029,-0.032,-0.507
-0.012,-0.067,-0.515
-0.020,-0.032,-0.325
0.006,0.055,0.799
0.006,0.038,-0.071
0.006,-0.041,-0.379
0.032,0.020,-0.239
-0.038,-0.058,-0.362
0.023,-0.041,-0.465
0.006,0.029,-0.051
0.032,0.003,-0.136
0.023,0.038,0.423
0.006,0.047,0.626
0.032,0.003,-0.715
0.023,-0.006,-0.337
0.006,0.012,-0.235
0.032,-0.032,-0.228
-0.020,0.047,0.788
0.014,0.029,0.618
0.006,0.020,-0.153
0.014,0.020,0.128
-0.055,0.038,0.434
-0.073,-0.006,0.613
0.049,-0.014,-0.413
-0.029,-0.058,-0.709
-0.020,0.064,0.989
0.023,0.029,0.618
0.041,0.012,-0.142
-0.038,-0.006,0.234
-0.020,-0.014,-0.115
-0.020,0.038,0.525
-0.029,0.047,0.787
0.032,-0.014,-0.718
0.023,-0.023,-0.491
0.032,-0.006,-0.422
-0.055,-0.049,-0.417
0.041,-0.023,-0.121
-0.012,0.029,0.227
-0.047,-0.032,-0.157
0.006,0.038,0.140
0.032,-0.006,-0.427
0.014,0.029,0.285
0.023,0.038,0.328
-0.003,-0.049,-0.725
-0.038,-0.067,-0.622
0.014,0.020,0.145
-0.029,-0.041,-0.245
-0.012,0.047,0.518
-0.038,-0.041,0.143
0.006,-0.006,-0.729
-0.020,0.055,0.988
-0.029,-0.049,-0.607
-0.020,0.047,0.615
-0.020,0.047,0.894
-0.003,0.047,0.213
0.023,0.029,0.424
-0.055,-0.032,0.000
-0.012,-0.058,-0.423
-0.038,-0.032,-0.104
0.014,0.073,-0.231
-0.029,0.047,0.802
-0.020,0.003,0.025
0.006,0.029,0.138
-0.038,-0.041,-0.255
-0.003,0.020,0.043
0.023,0.038,0.994
0.041,0.003,-0.510
0.041,-0.014,-0.227
-0.003,0.012,-0.152
-0.012,-0.075,-0.702
0.014,0.029,-0.053
0.032,-0.014,-0.164
-0.038,-0.006,-0.268
-0.020,0.038,0.222
0.006,0.055,0.987
-0.029,-0.058,-0.332
-0.064,-0.041,-0.058
-0.055,-0.049,-0.248
0.006,0.064,0.796
0.014,0.038,0.811
0.014,0.003,-0.346
0.041,0.003,-0.135
-0.012,0.012,0.129
-0.055,0.038,0.250
0.023,0.038,0.990
0.014,0.029,0.336
-0.003,0.029,0.115
-0.055,-0.049,-0.091
-0.047,-0.049,-0.235
0.041,0.003,-0.513
-0.012,-0.014,-0.121
0.023,0.029,0.034
-0.029,-0.023,-0.437
0.023,-0.023,-0.110
0.049,-0.006,-0.606
-0.003,-0.049,-0.544
-0.012,0.038,0.320
-0.047,-0.049,-0.282
-0.012,0.047,0.401
0.032,0.003,-0.241
-0.073,0.038,0.888
-0.003,-0.058,-0.734
-0.055,-0.041,-0.418
-0.029,0.047,0.795
-0.081,0.029,0.797
0.058,-0.023,-0.688
-0.012,0.020,0.194
0.006,0.029,0.323
-0.020,-0.041,-0.436
0.014,-0.075,-0.459
-0.029,-0.014,0.534
0.075,-0.102,-0.635
0.041,0.012,-0.241
-0.020,0.038,0.406
-0.020,-0.067,-0.546
0.041,0.003,-0.327
-0.012,0.055,0.703
0.023,0.029,0.133
0.006,-0.006,-0.249
-0.012,0.055,0.979
0.049,0.116,0.875
0.014,0.047,0.328
-0.038,-0.058,-0.718
-0.038,-0.006,0.337
0.006,0.064,0.888
0.014,0.038,0.130
0.006,0.029,0.898
0.014,0.038,0.669
-0.029,-0.058,-0.187
0.075,-0.023,-0.495
0.014,0.003,-0.368
0.006,0.020,0.096
-0.020,-0.058,-0.418
0.041,-0.041,-0.455
-0.012,-0.006,0.001
-0.012,0.047,0.494
-0.003,0.038,0.493
-0.003,0.029,0.923
0.067,-0.014,-0.419
0.032,0.029,0.531
0.006,0.020,0.231
-0.020,-0.058,-0.599
0.014,0.073,0.345
0.032,-0.006,-0.720
0.006,0.020,0.473
-0.081,0.012,0.513
0.023,0.038,0.036
0.049,-0.041,-0.387
-0.003,0.055,0.797
-0.055,-0.032,-0.149
0.049,-0.006,-0.706
0.032,0.029,0.988
0.058,-0.014,-0.505
-0.055,-0.032,-0.157
0.006,0.003,-0.158
0.041,-0.023,-0.221
0.032,0.003,-0.336
-0.038,-0.049,-0.284
-0.047,0.038,0.440
-0.003,0.020,0.249
0.014,0.029,-0.163
0.014,0.038,0.435
-0.020,0.029,0.416
0.023,0.012,0.434
-0.029,-0.014,0.732
-0.029,-0.041,-0.135
-0.003,0.047,0.401
-0.020,0.029,0.230
0.032,-0.032,-0.204
-0.055,-0.041,-0.242
0.058,-0.006,-0.515
0.006,0.064,0.976
0.049,0.003,-0.503
-0.029,0.020,0.504
-0.003,0.038,0.239
-0.055,-0.041,-0.526
0.014,0.029,0.345
0.032,0.012,-0.697
0.023,0.055,0.710
0.014,-0.058,-0.556
0.032,0.038,0.623
0.014,0.055,0.991
0.006,0.038,0.334
-0.073,0.055,0.910
-0.029,-0.041,-0.414
0.006,0.047,0.765
0.032,-0.006,-0.699
-0.055,-0.049,-0.098
-0.012,0.055,0.712
0.023,0.055,0.713
-0.020,-0.014,-0.521
-0.055,-0.041,-0.050
0.032,0.020,-0.056
0.049,-0.006,-0.719
0.023,0.038,0.986
-0.003,0.064,0.710
0.032,-0.006,-0.713
-0.073,0.029,0.608
-0.073,-0.023,0.229
-0.029,-0.032,-0.515
0.049,-0.023,-0.699
-0.020,0.020,0.316
0.058,-0.014,-0.378
0.058,-0.014,-0.502
-0.012,0.038,0.894
0.075,-0.014,-0.509
-0.020,-0.058,-0.503
-0.020,0.012,0.030
-0.003,-0.049,-0.374
-0.020,-0.058,-0.615
-0.029,-0.049,-0.422
0.006,0.029,0.482
0.041,0.003,-0.234
-0.073,0.038,0.796
-0.020,-0.041,-0.336
0.023,0.003,-0.132
-0.003,-0.067,-0.694
0.032,-0.041,-0.523
-0.003,0.038,0.587
-0.038,-0.049,-0.620
0.041,0.003,-0.616
0.032,0.020,0.135
-0.012,-0.041,-0.464
0.006,0.029,0.396
-0.038,0.020,0.568
0.006,0.012,-0.150
-0.003,0.012,0.665
0.006,0.020,0.239
-0.055,-0.032,0.091
0.041,-0.075,-0.055
-0.029,0.055,0.508
0.006,0.020,0.126
-0.047,-0.049,-0.533
-0.012,0.012,-0.052
0.023,0.012,-0.340
0.006,-0.014,-0.338
-0.038,-0.041,0.189
0.014,0.029,0.295
0.041,-0.041,-0.315
0.006,0.020,-0.146
0.067,-0.014,-0.602
0.023,-0.049,-0.471
-0.003,0.020,0.220
-0.012,0.047,0.510
0.006,-0.049,-0.698
0.014,-0.058,-0.733
0.014,0.029,0.228
0.041,-0.014,-0.419
-0.012,-0.058,-0.469
0.014,0.055,0.516
0.067,-0.006,-0.731
0.049,-0.006,-0.226
-0.064,-0.014,0.131
0.006,0.047,0.899
-0.020,-0.014,0.116
0.006,0.047,0.621
-0.003,0.029,0.435
0.049,-0.006,-0.698
-0.012,-0.006,-0.152
0.014,0.012,-0.521
0.014,0.020,-0.067
0.023,-0.014,0.171
-0.029,-0.041,-0.321
0.006,0.012,-0.350
-0.038,-0.067,-0.510
0.032,0.003,-0.510
0.058,-0.014,-0.685
0.006,-0.032,-0.424
-0.012,0.038,0.513
-0.003,-0.049,-0.461
-0.003,0.055,0.994
-0.038,-0.041,-0.245
0.075,-0.014,-0.502
0.014,-0.006,-0.517
-0.003,-0.014,0.145
-0.003,-0.049,-0.512
-0.003,0.029,0.130
0.014,0.047,0.897
0.032,-0.014,-0.015
0.032,0.020,0.044
-0.064,-0.049,-0.338
0.041,-0.014,-0.495
-0.003,-0.049,-0.643
-0.029,-0.014,-0.443
0.023,-0.023,-0.169
0.032,-0.023,-0.674
0.006,-0.014,0.022
0.014,0.038,0.428
0.006,0.038,0.719
-0.038,0.029,0.509
-0.003,0.012,0.090
0.041,-0.006,-0.593
-0.003,-0.067,-0.712
0.014,0.012,0.049
-0.020,0.029,0.403
-0.081,0.029,0.984
0.041,-0.014,-0.236
-0.029,0.012,0.375
0.032,-0.006,-0.513
0.023,0.047,0.810
-0.038,-0.032,-0.149
0.014,-0.023,-0.608
-0.020,0.038,0.616
0.006,0.047,0.800
0.023,0.020,0.505
0.014,0.047,0.608
0.067,0.003,-0.601
0.067,-0.032,-0.461
0.041,0.003,-0.717
0.006,0.029,0.631
0.058,-0.023,-0.230
-0.073,0.047,0.556
0.006,0.029,-0.056
0.006,0.038,0.581
-0.020,-0.058,-0.235
0.023,0.047,0.894
-0.038,-0.032,-0.429
-0.003,0.029,-0.075
0.006,-0.058,-0.504
0.006,-0.075,-0.602
0.049,-0.023,-0.315
0.014,0.020,0.857
-0.038,-0.058,-0.510
-0.038,-0.058,-0.328
0.006,0.029,0.232
0.014,0.038,0.418
-0.047,-0.014,0.024
-0.081,-0.006,0.516
0.014,0.020,0.245
0.058,-0.023,-0.316
-0.055,-0.049,-0.514
0.041,0.003,-0.714
-0.020,0.038,0.257
0.032,0.012,-0.425
0.014,0.020,0.033
0.006,0.055,0.524
0.023,0.020,0.243
-0.003,-0.075,-0.501
-0.003,-0.041,-0.708
-0.003,0.047,0.511
-0.003,0.029,0.215
0.014,-0.014,0.172
-0.012,-0.014,0.154
0.023,0.029,-0.064
0.032,-0.006,-0.430
-0.055,-0.032,-0.153
-0.012,-0.014,0.054
-0.029,-0.067,-0.606
-0.003,-0.014,-0.039
-0.047,-0.067,-0.428
-0.055,-0.041,-0.362
0.049,-0.023,-0.494
0.023,0.003,-0.432
-0.020,-0.023,0.140
0.014,0.055,0.891
-0.020,-0.049,-0.694
-0.020,0.029,0.043
-0.064,-0.041,-0.154
0.023,-0.067,-0.530
0.067,-0.014,-0.598
0.032,-0.014,-0.613
-0.029,0.038,0.694
-0.012,-0.067,-0.413
-0.029,-0.049,-0.244
0.032,-0.014,-0.712
0.023,-0.006,-0.242
0.049,-0.014,-0.451
0.023,0.020,0.438
0.041,-0.006,-0.375
0.023,0.020,-0.158
-0.020,0.029,0.510
-0.038,-0.058,-0.617
0.023,0.020,-0.246
-0.029,-0.049,-0.610
0.032,-0.023,-0.510
0.058,-0.014,-0.327
0.006,0.038,0.569
-0.012,-0.075,-0.710
-0.003,0.029,0.152
0.006,0.038,0.337
-0.020,0.003,-0.538
0.014,0.055,0.617
0.014,0.055,0.605
-0.020,-0.049,-0.497
-0.003,0.055,0.417
0.075,-0.006,-0.701
0.014,0.038,0.226
-0.020,0.029,0.437
-0.012,0.012,-0.068
0.006,0.029,-0.071
0.006,-0.067,-0.460
0.032,0.012,-0.330
-0.047,-0.049,-0.440
0.041,-0.023,-0.608
0.023,0.038,0.526
0.049,-0.032,-0.463
-0.029,-0.023,-0.341
-0.055,-0.049,-0.188
-0.081,-0.006,0.381
-0.029,-0.014,-0.389
0.014,0.029,0.420
-0.047,-0.058,-0.432
0.049,-0.014,-0.515
-0.047,-0.058,-0.239
0.032,0.003,-0.616
-0.047,-0.041,-0.251
-0.020,-0.023,0.159
-0.003,0.038,0.618
-0.020,0.020,0.416
0.014,0.020,0.055
-0.003,0.064,0.888
0.049,0.108,0.416
0.014,0.029,0.321
0.023,0.012,-0.242
0.014,0.012,-0.062
-0.029,-0.049,-0.226
0.032,0.012,0.244
-0.047,-0.023,-0.002
-0.012,0.020,0.018
0.058,-0.014,-0.512
0.014,0.003,-0.334
-0.073,-0.014,0.138
0.014,0.038,0.663
-0.003,0.029,0.401
-0.038,-0.041,-0.516
0.014,0.020,0.384
0.023,0.003,-0.272
0.014,0.029,0.897
0.006,-0.023,-0.065
0.041,-0.014,-0.614
0.006,-0.006,-0.237
0.006,-0.058,-0.496
0.032,0.020,-0.052
-0.055,-0.041,-0.349
-0.020,-0.049,-0.509
-0.029,-0.058,-0.701
-0.020,-0.023,-0.011
0.014,0.029,0.906
-0.003,0.020,-0.033
0.032,0.038,0.904
0.067,-0.006,-0.420
0.006,0.055,0.807
0.032,-0.023,-0.072
0.023,0.012,-0.060
-0.038,0.003,0.466
0.049,-0.058,-0.732
0.058,-0.006,-0.326
-0.020,-0.041,-0.606
0.058,0.003,-0.421
0.032,-0.023,-0.116
-0.081,0.038,0.868
-0.047,-0.041,-0.339
0.023,0.012,-0.055
-0.029,-0.032,-0.438
-0.029,-0.049,-0.516
-0.003,0.003,-0.346
-0.012,0.038,0.234
-0.020,0.020,0.851
-0.029,-0.058,-0.431
-0.012,0.047,0.992
-0.003,-0.049,-0.108
-0.055,-0.032,-0.060
-0.003,0.047,0.433
0.006,0.055,0.698
0.006,0.047,0.528
0.058,-0.014,-0.695
-0.012,0.064,0.893
0.049,-0.006,-0.695
0.049,-0.014,-0.235
-0.038,0.029,0.161
-0.012,-0.067,-0.704
-0.003,0.055,0.791
0.032,0.038,0.714
-0.029,-0.049,-0.147
-0.029,-0.049,-0.427
0.014,0.047,0.703
-0.020,-0.014,0.079
0.023,-0.014,-0.613
-0.012,0.012,0.122
0.041,-0.014,-0.404
0.041,-0.006,-0.334
-0.003,0.064,0.700
0.014,0.029,0.426
0.023,0.020,0.044
-0.081,0.012,0.487
0.014,0.055,0.334
0.006,-0.032,-0.558
0.032,-0.006,-0.598
0.067,-0.014,-0.700
-0.064,-0.041,-0.060
0.032,0.020,-0.224
-0.038,-0.049,-0.139
0.014,-0.014,-0.609
-0.055,-0.049,-0.044
-0.055,-0.049,-0.236
0.067,-0.006,-0.597
-0.029,0.055,0.698
0.014,0.029,0.538
0.006,0.029,0.023
-0.020,-0.006,-0.461
-0.047,-0.041,-0.435
-0.012,0.047,0.701
0.049,0.012,-0.717
0.006,0.020,0.028
-0.012,-0.058,-0.711
0.014,-0.067,-0.685
-0.020,0.047,0.500
-0.029,-0.014,0.442
0.058,-0.023,-0.503
0.049,-0.032,-0.402
0.041,-0.049,-0.511
0.075,-0.006,-0.649
0.023,-0.006,-0.331
0.006,0.047,0.329
0.067,-0.014,-0.596
0.049,-0.023,-0.582
-0.047,-0.032,-0.145
-0.029,-0.041,-0.609
0.014,-0.006,-0.712
-0.020,-0.041,-0.537
-0.029,-0.049,-0.001
0.032,0.012,-0.711
0.006,0.012,-0.327
-0.012,0.038,0.434
0.014,0.055,0.703
-0.038,-0.014,-0.151
-0.012,0.038,0.417
0.075,-0.023,-0.595
-0.029,-0.049,-0.603
-0.073,0.038,0.803
0.032,0.047,0.989
0.014,-0.023,0.157
0.014,-0.006,-0.427
0.014,0.029,-0.143
0.041,0.020,-0.146
0.058,-0.014,-0.416
0.075,-0.014,-0.568
-0.064,-0.014,0.041
0.014,0.047,0.516
-0.012,-0.006,-0.257
-0.038,-0.041,-0.044
0.032,-0.014,-0.616
0.032,-0.014,-0.517
-0.020,0.064,0.890
0.014,0.012,-0.323
0.058,0.116,0.811
-0.003,-0.058,-0.689
-0.003,-0.075,-0.700
-0.003,0.038,0.212
-0.003,-0.058,-0.610
0.014,0.038,0.619
-0.020,-0.058,-0.612
-0.029,0.038,0.420
-0.047,-0.058,-0.325
-0.029,-0.023,0.244
0.023,0.012,-0.239
0.075,-0.058,-0.707
0.041,-0.006,-0.319
-0.038,-0.032,-0.043
0.006,0.020,0.187
-0.073,-0.006,0.226
-0.003,0.055,0.855
-0.081,0.029,0.889
-0.029,-0.023,0.144
0.014,-0.006,-0.417
0.023,0.003,-0.712
0.006,0.055,0.704
-0.020,-0.067,-0.611
0.049,0.012,-0.241
-0.047,0.029,0.609
0.023,0.003,-0.426
-0.012,0.055,0.797
-0.029,0.055,0.803
-0.020,0.047,0.503
0.006,-0.006,-0.427
-0.090,0.003,0.616
0.032,0.029,0.331
0.023,0.038,0.139
-0.029,-0.075,-0.611
-0.038,-0.049,-0.433
-0.055,-0.032,-0.064
0.006,0.047,0.982
-0.003,0.055,0.973
0.049,-0.014,-0.608
-0.038,-0.041,0.046
-0.029,-0.067,-0.426
-0.003,0.047,0.980
-0.003,0.029,0.218
0.041,-0.006,-0.515
-0.081,0.003,0.616
0.032,-0.014,-0.551
0.014,0.003,-0.406
-0.064,0.003,0.294
-0.055,-0.032,-0.248
-0.064,-0.032,-0.157
-0.038,-0.023,-0.340
-0.020,0.029,0.413
0.014,0.047,0.519
0.032,-0.032,-0.234
-0.012,0.064,0.793
0.032,0.012,-0.144
-0.081,0.012,0.412
0.006,0.020,-0.040
-0.020,-0.067,-0.604
0.006,0.020,0.042
-0.038,-0.049,-0.609
-0.003,0.055,0.894
-0.029,-0.006,-0.498
0.041,0.003,-0.334
0.067,-0.023,-0.409
-0.055,-0.032,0.044
0.023,0.038,0.711
0.014,-0.032,-0.212
-0.055,-0.049,-0.442
-0.003,0.055,0.528
0.006,0.029,0.441
0.023,0.012,-0.094
-0.003,0.047,0.901
0.006,0.055,0.333
0.032,-0.014,-0.592
-0.020,0.064,0.713
-0.038,-0.058,-0.569
0.023,0.038,0.127
0.014,-0.067,-0.695
0.032,-0.023,-0.600
0.014,0.003,-0.441
-0.064,-0.032,-0.052
0.014,0.020,-0.236
-0.020,-0.058,-0.427
0.014,-0.049,-0.534
-0.038,-0.023,-0.072
0.032,-0.023,-0.344
-0.029,-0.041,-0.421
-0.003,-0.075,-0.510
-0.020,-0.032,-0.709
-0.012,-0.041,-0.451
0.049,-0.014,-0.329
0.006,0.020,-0.066
0.006,0.029,0.319
0.023,0.020,-0.181
0.041,-0.023,-0.325
-0.029,-0.049,-0.186
0.014,-0.023,-0.017
0.041,-0.014,-0.321
-0.055,0.064,0.815
0.006,0.047,0.616
0.049,-0.014,-0.603
-0.029,0.038,0.426
-0.064,-0.032,0.140
0.006,0.012,-0.145
-0.012,-0.067,-0.699
0.058,0.003,-0.516
0.006,0.020,-0.236
-0.003,0.012,-0.144
-0.020,-0.058,-0.324
0.006,0.020,-0.059
-0.003,0.012,-0.256
-0.012,0.020,0.023
0.049,-0.006,-0.711
-0.029,-0.058,-0.706
-0.020,-0.023,-0.717
-0.020,0.055,0.886
0.006,0.012,-0.239
0.014,0.003,-0.436
0.041,-0.006,-0.142
-0.047,-0.032,-0.346
-0.047,-0.023,-0.332
0.006,0.055,0.863
0.049,0.003,-0.332
0.023,0.029,0.129
-0.003,0.055,0.421
0.006,0.003,-0.140
-0.012,0.038,0.215
-0.003,0.029,0.103
-0.012,0.047,0.718
-0.012,0.055,0.505
-0.012,0.038,0.408
-0.055,-0.006,0.032
0.049,0.003,-0.416
0.006,0.038,0.129
0.032,-0.006,-0.618
0.014,0.029,0.991
-0.012,-0.041,-0.703
-0.020,-0.041,-0.602
0.014,0.055,0.700
-0.047,-0.041,-0.091
0.041,-0.006,-0.517
0.023,-0.006,-0.374
0.023,-0.032,-0.327
0.032,0.020,0.429
0.014,-0.049,-0.630
0.014,0.020,0.377
0.014,0.029,0.443
-0.047,-0.014,-0.047
-0.020,-0.058,-0.618
0.067,-0.014,-0.499
0.049,-0.014,-0.689
0.023,-0.014,-0.600
0.014,0.003,-0.238
-0.012,0.055,0.764
0.006,0.038,0.854
-0.003,0.038,0.330
-0.003,-0.058,-0.593
-0.003,0.038,0.332
0.032,-0.006,-0.324
-0.047,0.038,0.163
0.023,0.038,0.940
-0.029,-0.049,-0.620
-0.012,0.038,0.209
-0.038,-0.058,-0.334
-0.064,-0.014,0.228
0.014,0.038,0.222
-0.003,0.055,0.902
0.023,-0.032,-0.203
-0.003,0.012,0.750
0.041,-0.014,-0.372
-0.003,0.029,0.121
-0.081,0.020,0.890
-0.047,-0.058,-0.425
0.014,-0.023,0.062
-0.003,0.047,0.500
0.023,0.047,0.323
-0.090,0.020,0.894
0.023,0.029,-0.054
-0.003,0.012,0.840
-0.047,-0.049,-0.246
0.023,0.020,0.039
0.006,0.047,0.510
0.006,0.064,0.882
0.014,0.012,0.136
-0.020,-0.023,-0.083
-0.003,0.047,0.414
-0.064,-0.023,0.092
-0.003,0.012,0.026
-0.012,0.055,0.788
-0.064,-0.023,0.035
0.014,0.029,0.634
0.023,-0.014,0.072
0.023,-0.006,-0.334
-0.029,0.012,0.177
0.014,0.020,0.347
0.014,0.012,-0.235
0.023,0.038,0.225
-0.020,-0.023,-0.526
0.049,-0.023,-0.385
-0.029,-0.032,-0.423
-0.055,-0.049,-0.147
0.006,0.047,0.706
-0.020,0.055,0.804
-0.047,-0.023,-0.144
-0.003,0.029,-0.052
0.058,-0.032,-0.412
-0.090,0.003,0.520
0.023,0.029,0.231
-0.020,0.020,0.329
-0.012,-0.067,-0.560
-0.020,0.038,0.230
0.041,0.003,-0.414
-0.029,0.029,0.525
-0.055,-0.049,-0.333
0.058,-0.014,-0.642
-0.003,0.038,0.708
-0.047,-0.032,-0.044
0.032,-0.006,-0.331
-0.020,0.012,0.115
-0.003,0.029,0.990
-0.047,-0.014,0.038
0.014,0.012,-0.051
0.014,0.038,0.624
0.006,0.020,0.430
0.014,0.020,0.914
-0.029,-0.032,0.148
-0.020,0.038,0.214
0.014,0.029,0.758
-0.012,-0.041,-0.530
0.014,0.047,0.537
-0.020,-0.006,0.467
-0.003,-0.032,-0.518
0.032,-0.049,-0.546
-0.003,0.047,0.619
-0.003,0.047,0.331
-0.020,0.029,0.426
-0.029,-0.067,-0.705
-0.029,-0.058,-0.197
0.023,0.012,-0.169
0.006,0.012,-0.063
0.049,-0.014,-0.418
0.014,0.029,0.129
0.014,0.012,-0.246
0.006,0.064,0.894
-0.073,0.020,0.492
-0.003,-0.067,-0.600
0.006,-0.049,-0.459
-0.020,0.029,0.306
0.023,0.020,0.036
0.006,0.012,0.253
-0.012,-0.049,-0.711
-0.038,0.029,0.996
0.023,-0.032,-0.415
-0.003,0.029,-0.073
0.023,0.012,-0.334
-0.038,-0.032,-0.337
0.041,0.012,-0.698
0.023,-0.023,0.155
0.023,0.012,-0.049
-0.038,-0.058,-0.463
0.014,0.047,0.993
0.014,0.012,-0.239
0.006,-0.014,-0.726
0.006,0.047,0.430
-0.012,0.029,0.217
0.075,-0.014,-0.696
0.032,0.012,-0.153
-0.012,-0.041,-0.626
0.041,0.012,-0.336
0.006,-0.006,-0.526
0.006,0.055,0.607
-0.029,-0.023,-0.532
-0.047,-0.032,-0.241
0.006,0.012,0.033
0.058,-0.006,-0.711
0.049,-0.014,-0.694
0.014,0.038,0.219
0.014,0.012,-0.151
0.006,0.047,0.811
0.014,0.038,0.243
-0.055,-0.023,0.132
-0.003,0.020,0.138
0.014,0.020,0.289
-0.003,0.064,0.705
0.006,-0.032,-0.249
0.032,0.038,0.336
0.049,0.012,-0.698
-0.012,0.029,-0.066
0.006,0.038,0.324
-0.020,0.047,0.990
0.032,0.029,0.254
0.014,-0.006,-0.433
-0.020,-0.049,-0.629
0.014,0.029,0.035
-0.003,0.055,0.614
0.049,-0.006,-0.502
-0.003,-0.075,-0.594
-0.003,0.055,0.885
0.049,-0.006,-0.599
-0.020,-0.041,-0.522
0.023,0.047,0.805
-0.081,0.012,0.703
0.041,-0.058,-0.539
0.032,0.038,0.813
-0.020,-0.049,-0.143
0.049,-0.023,-0.603
0.006,0.038,0.227
-0.038,-0.058,-0.611
0.014,0.038,-0.054
-0.003,-0.058,-0.316
0.032,-0.014,-0.496
0.049,-0.023,-0.511
-0.003,0.047,0.611
0.049,0.003,-0.596
0.067,-0.032,-0.414
-0.038,-0.023,-0.331
-0.020,-0.075,-0.606
0.084,-0.014,-0.698
-0.003,-0.067,-0.418
0.014,0.029,0.994
-0.029,-0.049,-0.617
-0.020,0.020,0.029
0.014,0.038,0.998
-0.003,0.055,0.723
0.023,0.029,-0.157
0.014,0.029,0.933
0.023,0.020,0.145
0.014,0.064,0.703
0.049,-0.006,-0.517
0.023,-0.006,-0.601
-0.047,-0.041,-0.043
-0.012,0.047,0.611
-0.020,-0.041,-0.612
0.075,-0.032,-0.495
-0.003,0.047,0.603
-0.012,-0.067,-0.618
0.049,-0.032,-0.201
-0.047,-0.032,-0.055
0.014,0.055,0.976
-0.003,0.055,0.959
-0.012,0.003,-0.159
0.032,0.003,-0.419
-0.012,-0.058,-0.540
0.041,-0.006,-0.695
0.041,0.003,-0.602
0.014,0.038,0.530
-0.055,-0.041,-0.346
-0.038,-0.067,-0.519
0.006,0.038,0.753
0.014,-0.014,-0.428
-0.029,-0.049,-0.048
0.023,0.003,-0.237
-0.012,0.020,0.045
-0.003,0.029,0.047
-0.081,0.029,0.684
0.014,0.064,0.983
0.032,0.020,-0.060
-0.012,0.064,0.801
-0.003,0.029,0.238
0.023,0.012,-0.423
-0.003,0.029,-0.165
0.049,-0.041,-0.392
-0.003,0.012,-0.165
-0.029,0.038,0.516
0.014,0.038,0.317
0.084,-0.006,-0.335
-0.047,-0.058,-0.422
-0.012,-0.067,-0.609
-0.029,-0.067,-0.420
0.032,0.003,-0.325
-0.073,-0.032,0.044
-0.029,-0.014,0.182
0.006,0.020,0.249
-0.047,-0.041,-0.362
-0.012,0.020,0.139
0.014,0.047,0.575
-0.020,-0.049,-0.512
-0.029,-0.049,-0.326
-0.064,-0.014,0.035
-0.090,0.012,0.615
0.058,-0.032,-0.382
0.006,0.012,-0.143
0.006,0.055,0.715
-0.038,-0.014,0.181
0.014,0.073,0.702
-0.038,-0.049,-0.422
-0.081,0.003,0.418
0.049,-0.014,-0.468
-0.020,0.003,0.575
-0.090,0.020,0.682
-0.073,0.020,0.398
0.014,0.064,0.989
0.032,-0.014,-0.421
-0.003,-0.049,-0.600
0.058,-0.032,-0.298
0.014,0.029,-0.153
-0.020,-0.041,-0.439
0.006,0.020,0.333
0.032,-0.006,-0.416
0.023,-0.049,-0.616
-0.003,0.029,0.225
0.041,0.003,-0.230
-0.012,-0.058,-0.714
0.023,0.055,0.798
-0.003,-0.032,-0.236
0.023,0.020,-0.250
0.006,0.038,-0.056
0.006,0.020,-0.256
-0.029,-0.058,-0.427
0.006,0.055,0.805
0.006,0.047,0.416
0.067,-0.014,-0.693
0.058,-0.032,-0.404
0.014,0.047,0.764
-0.055,-0.041,-0.153
0.049,-0.032,-0.322
-0.003,0.047,0.529
0.049,-0.032,-0.371
-0.038,-0.023,0.340
-0.047,-0.049,-0.269
-0.020,0.055,0.502
-0.003,0.047,0.328
0.041,0.003,-0.521
0.032,0.012,-0.302
-0.029,-0.049,-0.699
0.023,0.029,0.526
-0.029,-0.067,-0.619
-0.090,0.003,0.425
0.023,0.029,0.531
-0.012,0.055,0.986
0.023,0.012,0.040
-0.003,0.038,0.508
-0.038,-0.023,-0.081
0.058,-0.049,-0.571
0.049,-0.006,-0.407
-0.064,-0.049,-0.215
0.006,0.029,0.043
-0.012,-0.041,-0.257
-0.047,-0.032,-0.340
0.032,0.012,-0.056
0.014,0.020,0.140
0.075,-0.041,-0.587
-0.012,0.012,0.607
0.014,-0.041,-0.445
-0.003,-0.075,-0.607
0.006,0.020,0.132
0.014,0.012,-0.049
0.006,0.029,-0.063
0.041,0.012,-0.234
-0.099,0.029,0.887
-0.003,0.029,0.538
0.058,-0.014,-0.596
-0.020,-0.032,-0.510
-0.003,-0.023,0.075
-0.029,-0.058,-0.144
-0.012,-0.023,-0.732
-0.003,-0.023,-0.006
-0.020,0.047,0.597
-0.012,0.020,-0.069
0.014,0.020,-0.051
0.014,0.038,0.982
0.023,-0.006,-0.712
-0.020,-0.049,-0.530
-0.038,-0.041,-0.592
0.006,-0.032,-0.286
0.006,0.055,0.700
0.023,0.012,-0.418
0.006,0.047,0.667
0.014,0.029,0.748
0.023,0.012,0.138
-0.064,-0.023,0.230
-0.029,0.038,0.852
0.006,0.029,0.522
-0.064,-0.006,0.196
0.058,-0.014,-0.691
0.006,0.029,0.037
0.014,0.047,0.797
0.023,0.038,0.907
-0.038,-0.067,-0.605
0.014,0.029,0.247
-0.020,-0.058,-0.510
-0.029,-0.067,-0.510
0.014,0.020,-0.158
0.049,0.003,-0.608
0.041,-0.049,-0.553
0.032,-0.023,-0.587
-0.064,-0.041,-0.158
-0.047,-0.049,0.018
0.067,-0.023,-0.680
0.058,-0.049,-0.617
-0.081,0.029,0.770
-0.038,-0.032,0.043
0.041,-0.006,-0.324
-0.003,0.029,-0.066
-0.038,-0.041,-0.533
0.041,-0.006,-0.426
0.014,0.038,0.517
-0.064,-0.049,-0.332
-0.055,-0.049,-0.154
0.014,0.020,0.138
0.006,0.020,0.527
-0.047,0.038,0.332
0.023,0.055,0.707
0.023,0.012,0.443
0.014,0.038,0.032
-0.020,-0.041,0.052
0.023,0.020,-0.147
0.067,-0.006,-0.702
-0.038,-0.049,-0.326
-0.047,-0.023,-0.132
0.006,0.055,0.884
0.006,0.038,0.247
-0.020,0.003,0.417
0.049,0.003,-0.604
0.006,0.020,0.045
0.023,0.020,0.051
-0.020,-0.041,-0.137
-0.064,0.020,0.694
0.041,0.003,-0.597
-0.012,0.047,0.977
0.023,0.020,0.537
-0.012,-0.058,-0.420
-0.038,-0.049,-0.525
0.023,0.055,0.804
0.032,0.038,0.803
-0.012,0.047,0.607
-0.003,0.047,0.305
0.049,-0.032,-0.227
0.041,-0.032,-0.356
0.006,0.047,0.979
-0.020,0.064,0.894
-0.038,0.020,0.437
-0.038,-0.041,-0.615
0.058,-0.058,-0.662
0.041,0.020,-0.118
0.041,0.012,-0.138
-0.020,-0.058,-0.291
0.032,-0.023,-0.694
0.014,0.047,0.890
-0.012,0.038,0.504
0.006,0.055,0.513
0.032,-0.023,-0.263
0.049,-0.014,-0.494
-0.003,-0.023,-0.113
-0.003,0.055,0.522
-0.029,-0.058,-0.238
-0.047,-0.041,0.000
-0.047,-0.058,-0.620
-0.012,0.038,0.523
-0.012,-0.058,-0.615
-0.020,-0.049,-0.608
0.006,0.020,-0.054
-0.055,0.055,0.762
0.006,0.012,-0.068
0.006,0.029,0.380
-0.029,0.038,0.618
0.032,0.020,0.272
0.023,0.047,0.717
0.023,-0.032,-0.283
0.023,0.047,0.708
0.014,-0.023,0.075
0.006,0.064,0.986
0.067,-0.032,-0.590
-0.003,-0.023,-0.255
-0.020,0.029,0.747
0.006,0.029,0.143
0.023,0.038,0.031
-0.029,-0.067,-0.260
-0.029,-0.023,0.148
0.014,0.029,0.233
0.032,-0.014,-0.137
0.006,0.047,0.339
0.006,0.029,0.340
0.014,0.047,0.430
-0.055,-0.041,-0.100
0.032,-0.014,-0.599
-0.038,-0.023,0.275
-0.064,-0.041,-0.257
0.006,0.055,0.972
0.014,0.012,-0.058
0.014,0.029,0.006
0.023,0.029,0.029
-0.038,-0.041,-0.332
-0.003,-0.058,-0.230
-0.038,-0.049,-0.332
0.023,0.038,0.232
0.032,0.020,-0.132
0.023,0.038,0.616
-0.020,-0.067,-0.615
-0.029,-0.032,0.061
-0.003,0.003,-0.074
0.049,-0.032,-0.410
0.058,-0.032,-0.493
-0.055,-0.058,-0.331
-0.020,0.055,0.617
-0.020,0.029,0.520
0.006,0.029,0.425
0.032,-0.006,-0.139
0.049,-0.014,-0.228
-0.012,-0.041,-0.195
-0.012,-0.075,-0.610
-0.020,-0.067,-0.424
0.041,-0.006,-0.367
0.023,0.055,0.890
-0.038,-0.049,-0.150
-0.029,-0.067,-0.600
0.006,0.038,0.318
0.023,0.029,0.248
0.006,0.038,0.292
-0.003,0.029,0.343
0.006,0.055,0.976
0.032,0.020,0.144
0.006,0.047,0.677
0.023,0.003,-0.228
-0.003,0.020,0.236
-0.029,-0.058,-0.608
0.014,0.038,0.526
-0.090,0.003,0.609
-0.055,-0.041,-0.261
-0.047,-0.049,-0.252
-0.003,-0.049,-0.289
0.006,0.038,0.040
0.041,-0.023,-0.510
0.049,-0.023,-0.461
-0.099,0.029,0.867
0.041,-0.014,-0.634
-0.038,0.012,0.494
0.032,0.020,0.436
-0.055,0.047,0.483
0.041,-0.014,-0.328
0.014,0.038,0.901
-0.012,0.038,0.509
-0.047,-0.023,-0.240
0.032,0.012,-0.429
-0.012,0.055,0.515
-0.029,-0.041,-0.613
0.023,0.038,0.983
-0.055,-0.058,-0.149
-0.003,0.047,0.420
-0.081,-0.014,0.232
0.006,0.038,0.136
-0.055,-0.049,-0.007
-0.012,-0.049,-0.624
0.032,-0.006,-0.525
0.014,0.003,-0.036
-0.029,-0.058,-0.626
0.006,0.012,-0.165
-0.064,-0.006,0.217
-0.047,-0.049,-0.526
0.006,-0.006,-0.334
0.014,0.029,-0.064
-0.012,-0.049,-0.615
0.041,0.003,-0.145
-0.029,0.038,0.521
-0.029,-0.067,-0.554
0.023,0.029,-0.152
-0.020,0.055,0.692
-0.090,0.029,0.895
-0.047,-0.032,-0.438
-0.073,0.038,0.895
-0.064,-0.049,-0.145
-0.038,-0.032,-0.426
-0.038,-0.049,-0.186
-0.003,0.038,0.540
-0.020,-0.067,-0.717
-0.020,0.055,0.881
0.006,0.038,0.803
0.014,0.012,0.249
-0.012,-0.049,-0.699
0.058,0.003,-0.693
0.041,0.003,-0.518
-0.012,-0.049,-0.458
-0.047,-0.058,-0.516
0.067,-0.006,-0.688
-0.029,-0.032,-0.143
-0.012,-0.058,-0.646
-0.029,-0.067,-0.513
-0.003,-0.058,-0.720
0.006,0.064,0.703
-0.081,0.020,0.797
-0.090,0.012,0.609
-0.064,-0.006,0.324
0.014,0.055,0.523
0.014,-0.014,0.160
-0.003,-0.058,-0.322
-0.020,-0.075,-0.700
0.032,-0.023,-0.614
0.128,-0.067,-0.684
-0.020,0.038,0.323
-0.055,0.020,0.044
-0.003,0.047,0.812
0.049,-0.014,-0.326
0.023,-0.041,-0.328
0.014,0.012,-0.329
0.041,-0.014,-0.607
0.067,-0.023,-0.556
-0.003,-0.058,-0.633
0.041,-0.032,-0.291
-0.012,0.029,0.312
0.014,0.029,0.565
-0.055,-0.049,-0.152
-0.020,-0.067,-0.706
-0.012,0.038,0.137
0.058,-0.014,-0.702
0.032,0.012,0.138
0.032,0.038,0.991
0.006,0.029,0.039
-0.029,-0.006,0.296
0.041,-0.014,-0.503
0.032,-0.032,-0.225
0.006,-0.032,-0.324
0.014,0.064,0.796
0.006,0.038,0.230
-0.020,-0.058,-0.542
0.023,0.012,0.053
0.014,0.029,-0.332
-0.003,0.020,0.047
-0.055,-0.041,-0.166
0.006,0.055,0.724
-0.003,0.038,0.904
0.032,-0.014,-0.111
-0.003,0.038,0.984
-0.020,-0.058,-0.604
0.006,0.003,-0.244
-0.055,-0.023,0.033
-0.029,0.055,0.795
0.014,0.012,0.530
0.075,-0.067,-0.485
0.023,-0.014,-0.713
0.058,-0.006,-0.686
0.014,0.047,0.715
0.006,0.047,0.889
-0.012,-0.058,-0.705
-0.003,0.038,0.894
0.023,0.047,0.422
0.041,0.116,0.596
0.023,0.038,0.721
0.014,0.055,0.807
0.023,-0.006,-0.229
0.032,0.029,-0.144
-0.020,0.038,0.694
0.067,-0.023,-0.416
-0.012,0.003,0.027
0.023,0.029,0.141
0.006,0.038,0.329
0.014,0.029,0.239
0.032,0.038,0.985
-0.029,-0.032,0.051
0.023,0.003,-0.234
0.006,0.020,0.129
0.041,-0.006,-0.417
0.006,0.038,0.212
-0.012,-0.049,-0.603
-0.003,-0.049,-0.720
0.075,-0.006,-0.703
-0.003,0.038,0.218
-0.038,-0.041,-0.233
-0.073,-0.014,0.224
0.049,-0.014,-0.405
0.049,0.003,-0.235
-0.003,-0.014,0.191
0.014,0.003,-0.326
0.032,0.020,0.368
-0.012,0.020,0.232
-0.029,-0.032,-0.614
0.058,-0.014,-0.322
0.032,0.003,-0.526
0.023,-0.032,-0.561
-0.020,-0.067,-0.514
0.058,-0.049,-0.659
0.049,-0.014,-0.585
0.049,-0.014,-0.558
0.058,-0.032,-0.322
0.023,0.038,0.228
-0.012,0.003,0.474
-0.081,0.012,0.712
0.041,-0.014,-0.517
0.049,-0.006,-0.708
0.067,-0.023,-0.592
-0.055,-0.023,0.089
0.014,-0.006,-0.509
0.041,-0.014,-0.127
-0.055,-0.049,-0.156
0.023,0.047,0.901
-0.038,-0.023,-0.165
0.023,0.047,0.799
-0.081,0.029,0.893
0.014,-0.041,-0.344
0.023,0.038,0.136
-0.020,0.047,0.977
0.049,-0.032,-0.207
0.049,-0.023,-0.709
-0.038,-0.058,-0.520
-0.012,0.055,0.725
0.023,0.020,-0.051
-0.020,-0.023,-0.617
0.032,0.020,-0.146
-0.038,-0.032,-0.433
-0.020,0.047,0.421
-0.029,-0.041,-0.358
-0.029,0.012,0.701
-0.003,0.029,0.325
0.032,-0.006,-0.425
-0.003,-0.014,-0.381
-0.055,-0.032,-0.146
-0.055,0.029,0.126
-0.003,-0.006,-0.428
0.014,-0.014,0.080
-0.038,-0.041,-0.237
-0.012,-0.014,-0.722
-0.012,-0.058,-0.703
-0.003,0.055,0.948
0.058,-0.014,-0.318
-0.020,-0.058,-0.379
-0.003,0.055,0.865
0.049,-0.023,-0.288
-0.012,0.038,0.536
-0.003,-0.014,-0.152
0.032,-0.049,-0.639
0.006,0.029,0.237
-0.003,-0.049,-0.590
0.014,0.038,0.938
-0.090,0.020,0.771
0.006,0.038,0.809
0.006,-0.006,0.286
0.032,0.003,-0.229
-0.020,0.047,0.887
-0.012,-0.049,-0.600
-0.081,-0.006,0.299
-0.064,-0.032,0.135
0.067,-0.023,-0.603
-0.012,0.047,0.328
-0.012,-0.058,-0.557
0.023,-0.023,-0.036
-0.012,-0.049,-0.232
-0.038,0.020,0.350
-0.020,0.038,0.312
-0.012,0.055,0.885
0.006,0.047,0.715
-0.020,0.029,0.962
-0.020,0.020,0.116
-0.012,-0.058,-0.411
-0.020,-0.032,-0.045
-0.038,0.038,0.982
0.023,0.055,0.980
0.014,0.020,0.103
-0.020,-0.058,-0.714
-0.012,0.038,0.312
0.032,0.012,-0.042
0.006,0.055,0.611
-0.003,0.055,0.787
0.032,-0.023,-0.460
-0.038,-0.023,0.088
-0.012,0.029,0.161
0.014,0.047,0.612
-0.012,0.055,0.802
-0.029,-0.023,0.087
0.006,0.047,0.988
0.014,0.003,-0.421
-0.020,0.047,0.709
-0.047,-0.067,-0.512
-0.038,-0.041,-0.325
0.023,0.012,-0.236
0.041,-0.014,-0.309
0.006,0.038,0.990
0.058,0.003,-0.609
0.023,-0.023,-0.557
-0.020,-0.058,-0.250
0.041,-0.006,-0.396
0.014,0.020,-0.252
0.006,0.029,0.222
0.041,-0.006,-0.330
0.006,0.029,0.624
-0.020,-0.058,-0.238
-0.020,-0.067,-0.512
0.023,0.020,0.621
0.041,-0.014,-0.136
0.014,0.020,0.028
-0.012,0.029,0.121
0.041,-0.023,-0.711
0.041,-0.006,-0.599
-0.012,0.012,-0.043
-0.081,0.012,0.523
-0.090,0.029,0.803
0.049,-0.058,-0.570
0.023,0.020,-0.231
0.014,0.020,0.621
-0.003,0.038,0.412
-0.038,-0.014,0.040
0.023,-0.014,-0.413
-0.029,0.003,-0.431
-0.038,-0.041,-0.513
0.023,-0.032,-0.629
-0.047,0.020,0.157
0.006,0.047,0.525
0.023,0.020,-0.175
0.023,-0.023,0.253
-0.038,-0.014,0.249
-0.064,-0.023,-0.075
0.041,-0.058,-0.685
-0.064,-0.014,0.140
-0.003,0.012,0.910
0.023,-0.014,-0.504
0.014,0.047,0.984
-0.003,0.038,0.205
0.032,-0.041,-0.381
0.023,0.029,0.625
-0.064,0.020,0.101
-0.029,-0.049,-0.374
0.049,-0.032,-0.312
0.014,0.038,0.896
-0.012,0.012,0.040
0.014,0.029,0.198
-0.047,0.020,0.062
0.049,-0.014,-0.410
0.006,0.012,0.152
0.032,-0.014,-0.456
0.032,-0.023,0.071
0.032,-0.023,-0.201
0.067,-0.006,-0.508
0.032,0.012,-0.142
0.014,0.038,0.761
-0.003,0.047,0.623
-0.012,-0.067,-0.711
-0.073,0.003,0.331
-0.020,-0.049,-0.420
0.032,-0.006,-0.126
0.041,-0.023,-0.136
-0.003,0.047,0.888
-0.047,-0.041,-0.157
-0.003,0.003,-0.157
-0.029,0.047,0.898
0.006,0.003,-0.521
-0.003,0.029,0.018
0.014,0.020,-0.246
-0.020,0.038,0.602
0.041,-0.006,-0.233
0.006,-0.041,-0.435
-0.003,0.020,0.004
0.041,-0.023,-0.206
0.014,0.029,0.380
-0.012,0.055,0.311
-0.003,0.003,0.373
-0.020,0.047,0.326
-0.003,0.055,0.610
0.023,0.038,-0.061
0.014,0.047,0.421
0.067,-0.023,-0.561
0.023,0.038,0.613
-0.081,-0.006,0.207
-0.029,0.047,0.886
0.014,0.003,-0.329
0.023,0.029,0.988
-0.020,-0.049,-0.236
-0.038,-0.032,-0.423
-0.012,0.012,0.029
-0.055,-0.023,0.001
-0.012,0.055,0.857
0.067,-0.058,-0.729
0.049,-0.023,-0.653
0.023,-0.006,-0.433
0.023,0.003,-0.694
0.058,0.003,-0.508
0.006,-0.006,0.348
0.023,0.020,0.341
0.023,0.003,-0.602
-0.029,0.038,0.408
-0.029,-0.032,-0.442
0.014,0.020,0.239
-0.012,0.012,-0.255
-0.003,-0.075,-0.696
0.058,-0.067,-0.646
-0.038,-0.032,0.021
0.014,-0.075,-0.686
0.014,0.020,-0.152
0.014,-0.023,0.169
0.058,-0.023,-0.556
0.014,0.055,0.803
0.006,0.047,0.759
0.032,-0.041,-0.461
0.049,-0.023,-0.606
-0.020,-0.058,-0.311
-0.012,0.055,0.792
-0.003,-0.067,-0.559
-0.047,-0.041,-0.009
-0.055,-0.049,-0.438
0.041,-0.006,-0.710
0.023,0.003,-0.183
0.032,-0.006,-0.237
0.006,0.055,0.711
0.023,-0.014,0.078
0.058,-0.006,-0.696
0.032,0.020,-0.044
-0.038,-0.032,-0.235
-0.055,-0.032,0.181
0.041,0.012,-0.326
-0.003,0.047,0.322
0.041,0.012,-0.046
-0.020,-0.049,-0.600
-0.047,-0.041,-0.513
-0.029,-0.058,-0.464
-0.020,0.029,0.506
0.032,0.020,-0.244
0.032,-0.014,-0.280
-0.029,-0.032,-0.239
-0.029,-0.067,-0.720
0.006,0.003,-0.238
0.014,0.038,0.616
-0.064,-0.023,0.039
-0.020,-0.049,-0.228
-0.029,-0.058,-0.599
0.032,0.029,0.141
-0.012,0.020,0.237
0.023,0.012,-0.144
0.041,-0.023,-0.493
0.049,-0.032,-0.218
-0.038,-0.058,-0.514
-0.012,-0.023,-0.692
0.006,-0.067,-0.413
-0.038,-0.049,-0.143
0.014,0.038,0.236
-0.029,-0.023,0.519
-0.003,0.055,0.774
0.014,0.020,0.153
0.023,0.029,0.730
0.049,-0.006,-0.416
0.058,-0.014,-0.649
0.023,0.020,0.233
0.023,0.029,0.523
-0.064,-0.014,0.238
-0.029,-0.049,-0.334
-0.003,-0.067,-0.435
-0.047,-0.032,-0.174
0.014,0.029,0.957
0.067,-0.023,-0.647
0.041,-0.032,-0.488
-0.047,0.029,0.870
-0.012,-0.075,-0.603
0.041,-0.014,-0.291
0.032,0.003,-0.496
0.014,0.029,0.613
0.023,0.029,0.039
-0.012,-0.049,-0.466
0.058,-0.023,-0.407
-0.003,0.029,0.314
0.006,0.029,0.352
0.067,-0.014,-0.650
0.014,0.029,0.678
-0.003,0.029,0.013
0.041,-0.014,-0.221
0.014,0.012,-0.273
0.006,0.029,-0.076
0.006,0.029,0.536
-0.081,0.020,0.609
0.014,0.003,-0.248
-0.012,-0.032,-0.355
-0.020,0.055,0.794
-0.038,-0.041,0.055
0.023,0.038,0.718
0.014,0.020,0.042
-0.055,0.047,0.636
-0.047,-0.032,-0.333
-0.029,-0.041,-0.703
-0.012,0.047,0.790
0.014,0.038,0.709
0.023,0.055,0.987
0.049,-0.041,-0.475
0.006,0.020,0.350
-0.073,0.038,0.969
-0.047,-0.041,-0.152
-0.029,-0.058,-0.328
-0.029,0.055,0.785
0.006,0.029,0.809
0.023,0.029,0.032
0.023,0.012,-0.137
-0.029,0.047,0.523
0.041,-0.014,-0.458
0.032,0.038,0.328
-0.020,0.047,0.609
0.023,0.012,0.236
-0.090,0.012,0.703
-0.012,-0.049,-0.503
0.049,-0.023,-0.223
0.014,0.055,0.715
0.032,-0.023,-0.625
-0.012,0.020,0.146
-0.038,-0.032,0.183
-0.012,0.038,0.427
0.041,0.020,-0.151
0.014,0.038,0.904
-0.020,0.029,0.027
0.058,-0.006,-0.423
-0.064,-0.049,-0.247
0.006,0.029,0.421
0.032,-0.023,-0.017
0.014,0.020,-0.142
0.049,-0.014,-0.504
-0.020,-0.006,0.236
0.014,-0.032,-0.526
-0.064,-0.006,0.423
-0.020,-0.049,-0.134
0.058,-0.023,-0.495
0.014,0.020,0.231
-0.020,0.029,0.234
0.041,-0.023,0.092
-0.029,-0.058,-0.718
0.041,-0.006,-0.222
-0.020,-0.067,-0.621
0.006,0.029,0.435
0.014,0.047,0.621
-0.038,-0.058,-0.626
-0.020,0.064,0.697
-0.003,0.029,0.233
-0.012,-0.041,-0.617
0.023,0.003,-0.191
-0.003,0.047,0.702
-0.047,-0.058,-0.492
-0.003,0.029,0.455
0.058,-0.006,-0.512
0.041,-0.014,-0.716
-0.020,0.020,0.235
0.058,-0.014,-0.708
0.049,0.003,-0.510
0.006,-0.032,-0.111
0.058,-0.014,-0.223
0.041,-0.023,-0.698
-0.038,-0.049,-0.275
0.067,-0.023,-0.498
0.049,0.003,-0.421
0.006,0.003,0.310
-0.055,-0.058,-0.246
-0.012,0.047,0.806
-0.055,-0.049,-0.250
-0.012,-0.049,-0.526
-0.038,-0.041,-0.153
0.006,-0.041,-0.473
0.006,-0.014,0.110
0.041,0.020,-0.051
0.049,-0.006,-0.691
0.049,-0.014,-0.423
0.014,0.020,0.442
-0.020,-0.067,-0.556
0.014,0.020,0.031
-0.020,-0.075,-0.505
-0.055,-0.041,0.039
0.032,-0.032,-0.286
-0.029,-0.058,-0.456
0.006,0.020,0.035
0.006,0.055,0.949
-0.020,0.029,0.216
-0.003,-0.075,-0.604
0.058,-0.023,-0.471
0.014,-0.006,-0.406
-0.020,-0.049,-0.712
0.032,0.003,-0.693
-0.020,-0.032,-0.192
0.014,0.038,0.422
-0.003,-0.049,-0.415
0.006,0.020,-0.160
-0.029,-0.041,-0.527
-0.038,-0.049,-0.533
-0.003,-0.067,-0.699
0.006,0.047,0.995
-0.081,0.038,0.949
0.023,0.038,0.434
0.049,0.003,-0.519
0.041,-0.014,-0.414
0.023,0.020,0.141
-0.038,-0.041,-0.240
-0.003,0.038,0.515
0.067,-0.014,-0.736
-0.047,-0.014,-0.058
0.041,-0.014,-0.514
0.058,-0.023,-0.597
-0.047,-0.049,-0.241
-0.055,-0.041,-0.335
-0.012,0.047,0.315
0.058,-0.023,-0.701
-0.003,0.064,0.808
-0.090,0.029,0.986
0.023,0.047,0.713
0.014,0.020,0.329
0.023,0.020,0.237
-0.012,0.055,0.880
0.032,0.003,-0.428
0.049,0.003,-0.719
-0.038,-0.032,-0.441
0.075,-0.023,-0.591
0.041,-0.075,-0.686
-0.020,0.003,-0.335
0.006,0.029,0.530
0.006,0.038,0.388
-0.012,0.047,0.690
0.023,0.003,-0.141
-0.012,-0.041,-0.014
0.014,0.029,0.623
0.058,-0.006,-0.323
0.006,0.020,0.995
0.023,-0.023,-0.247
-0.073,0.047,0.977
0.041,-0.023,-0.417
-0.081,-0.006,0.419
0.032,0.047,0.893
-0.003,0.003,-0.249
0.058,-0.014,-0.599
0.058,-0.023,-0.654
0.023,0.003,-0.417
-0.055,-0.014,0.277
0.032,0.003,-0.700
0.014,-0.032,-0.328
0.014,0.047,0.427
0.023,0.012,-0.149
-0.003,0.038,0.233
-0.020,0.003,-0.074
-0.020,0.047,0.688
-0.020,0.012,0.654
-0.055,-0.023,-0.078
0.014,0.038,0.804
-0.047,0.003,0.048
0.006,0.029,0.031
0.032,0.003,-0.621
-0.003,-0.014,0.118
-0.020,-0.075,-0.600
-0.012,-0.075,-0.707
-0.029,0.055,0.977
0.058,-0.006,-0.602
0.058,-0.014,-0.551
-0.055,-0.041,-0.353
0.023,-0.023,0.077
-0.003,-0.041,-0.318
-0.038,0.038,0.610
0.023,0.029,0.432
0.049,-0.006,-0.332
0.014,0.038,0.037
0.023,0.003,-0.618
-0.038,-0.058,-0.424
-0.038,-0.067,-0.514
-0.003,0.047,0.616
-0.055,-0.032,-0.091
-0.012,0.020,0.130
0.032,-0.014,-0.405
0.041,-0.006,-0.508
-0.012,0.012,-0.075
0.014,0.012,0.035
0.041,-0.006,-0.685
0.006,0.029,0.219
0.041,-0.023,-0.639
0.006,0.012,-0.332
-0.003,0.055,0.582
0.006,0.012,-0.161
0.006,0.047,0.128
0.084,-0.067,-0.445
0.067,-0.006,-0.695
0.014,0.029,-0.043
0.041,0.012,-0.508
0.014,0.012,-0.251
-0.029,-0.014,0.275
-0.055,-0.023,-0.157
-0.020,-0.041,-0.518
0.067,-0.014,-0.704
0.049,0.003,-0.515
0.032,-0.032,-0.601
-0.012,0.047,0.820
-0.020,0.047,0.911
0.067,-0.041,-0.564
-0.047,-0.041,-0.333
0.006,0.029,0.914
0.006,0.038,0.216
-0.029,0.047,0.621
-0.020,-0.067,-0.596
0.014,0.029,0.236
0.014,0.029,0.137
0.041,-0.006,-0.541
-0.029,-0.014,0.468
0.014,-0.006,-0.323
-0.047,-0.067,-0.421
0.067,-0.014,-0.641
-0.003,0.020,-0.145
-0.020,-0.032,-0.437
0.075,-0.032,-0.598
0.014,0.020,-0.147
-0.029,-0.041,-0.338
0.041,0.012,-0.147
-0.090,0.020,0.699
0.023,0.029,0.331
-0.012,0.055,0.893
0.014,0.038,0.907
0.006,0.029,0.418
0.058,-0.058,-0.696
0.014,0.055,0.620
-0.073,0.003,0.420
0.023,0.029,0.630
-0.012,0.064,0.884
0.058,0.003,-0.712
-0.012,-0.049,-0.371
-0.020,0.029,0.120
-0.055,-0.014,0.351
-0.020,0.047,0.319
0.058,-0.014,-0.420
-0.003,-0.049,-0.558
-0.003,0.038,0.023
-0.064,-0.032,-0.148
-0.020,0.047,0.618
-0.003,0.029,0.321
-0.047,0.047,0.726
0.058,0.116,0.602
0.006,-0.041,-0.617
0.058,0.116,0.913
0.023,0.055,0.622
0.014,-0.014,-0.299
-0.012,-0.049,-0.717
0.049,-0.014,-0.318
-0.038,-0.049,-0.530
0.014,0.038,0.536
-0.047,-0.023,-0.069
0.032,0.020,0.238
0.032,0.029,0.041
-0.012,-0.041,-0.693
0.041,-0.006,-0.421
0.014,-0.006,-0.333
-0.020,0.020,0.306
0.058,-0.014,-0.411
0.049,-0.023,-0.502
0.049,-0.014,-0.506
0.014,0.003,-0.050
-0.003,0.055,0.968
0.075,-0.014,-0.596
0.014,0.055,0.887
0.032,0.029,0.995
0.006,0.055,0.618
-0.012,0.047,0.616
0.006,0.038,0.706
0.023,0.020,0.231
-0.012,0.029,0.443
0.041,-0.014,-0.713
0.041,0.003,-0.501
-0.003,0.038,0.525
0.041,-0.006,-0.133
0.049,0.003,-0.613
-0.055,-0.023,-0.146
0.014,0.029,0.715
-0.012,0.029,0.030
0.032,0.012,-0.327
0.023,-0.006,-0.399
-0.047,-0.041,-0.241
0.058,0.003,-0.599
-0.029,-0.041,-0.441
0.058,-0.006,-0.597
0.014,0.038,0.044
0.006,0.029,0.094
0.014,0.038,0.124
-0.012,0.064,0.932
-0.055,-0.041,-0.175
-0.003,0.055,0.429
0.014,0.038,0.986
-0.012,-0.041,-0.437
-0.003,0.020,0.283
0.058,-0.014,-0.728
-0.012,0.055,0.607
0.032,-0.067,-0.724
0.014,0.020,0.426
0.006,-0.067,-0.693
0.032,0.012,-0.337
0.014,-0.032,-0.171
-0.081,-0.014,0.227
0.023,0.020,0.527
-0.020,0.029,0.330
-0.064,0.012,0.425
-0.073,-0.032,0.035
0.014,-0.006,-0.337
-0.029,0.003,0.101
-0.038,-0.032,-0.057
0.023,0.047,0.987
0.006,0.020,0.445
0.006,0.064,0.979
-0.029,-0.049,-0.198
-0.029,-0.041,-0.604
0.049,0.003,-0.717
0.032,0.029,0.618
0.049,-0.041,-0.398
0.023,0.038,0.240
0.014,0.038,0.754
0.006,0.012,0.053
0.014,0.012,0.133
0.006,0.029,0.518
-0.038,-0.032,-0.161
-0.047,-0.049,-0.424
-0.047,-0.049,-0.431
0.041,-0.014,-0.645
-0.012,-0.067,-0.686
-0.012,0.055,0.520
0.006,0.038,0.223
-0.090,0.020,0.806
-0.003,0.012,-0.069
-0.081,-0.006,0.219
-0.012,0.047,0.618
0.049,-0.006,-0.506
0.023,0.047,0.432
-0.029,-0.049,-0.705
-0.020,-0.041,-0.044
0.014,-0.032,-0.275
-0.020,-0.067,-0.323
-0.003,0.055,0.604
0.023,0.020,-0.142
-0.047,0.012,-0.112
-0.012,0.029,-0.042
0.006,0.029,0.997
0.014,0.038,0.721
0.049,-0.041,-0.408
-0.038,-0.032,-0.089
0.049,-0.023,-0.318
0.023,0.047,0.980
-0.012,0.020,0.218
-0.020,-0.049,-0.523
-0.073,-0.023,0.140
-0.038,-0.058,-0.243
-0.012,0.020,-0.073
0.014,0.047,0.317
-0.047,-0.023,-0.341
0.049,-0.006,-0.321
-0.003,0.047,0.799
0.023,0.029,-0.059
-0.012,0.038,0.398
-0.020,-0.041,-0.419
-0.064,-0.023,0.031
-0.012,0.020,0.334
0.023,0.038,0.951
0.049,-0.006,-0.413
0.023,0.012,-0.142
0.067,-0.014,-0.588
-0.012,0.064,0.691
0.014,0.029,0.436
-0.012,0.038,0.023
-0.047,-0.032,0.044
-0.038,-0.041,-0.342
0.014,0.038,0.801
-0.020,-0.058,-0.554
-0.047,-0.049,-0.154
-0.038,-0.023,-0.256
-0.081,0.003,0.322
0.014,-0.058,-0.696
0.041,-0.041,-0.297
0.006,0.038,0.519
0.006,0.020,-0.333
0.014,-0.058,-0.470
0.023,-0.006,-0.521
0.032,-0.023,-0.040
-0.064,-0.023,0.002
0.014,0.055,0.710
0.049,-0.023,-0.509
0.014,0.029,-0.050
0.041,-0.006,-0.240
-0.047,-0.067,-0.522
-0.012,0.064,0.888
-0.020,-0.014,0.318
-0.038,-0.067,-0.610
0.032,-0.014,-0.424
0.023,0.047,0.516
-0.003,-0.058,-0.498
0.032,-0.006,-0.367
-0.064,-0.032,-0.252
0.014,0.003,-0.617
0.014,0.047,0.225
-0.020,-0.006,0.280
-0.055,0.012,-0.055
-0.003,0.038,0.323
0.032,0.003,-0.328
0.023,0.020,0.428
0.041,0.012,-0.333
0.006,0.012,-0.045
-0.055,-0.049,-0.254
-0.003,0.003,-0.145
0.032,0.020,0.140
0.006,0.020,0.149
0.041,0.012,-0.150
0.023,0.038,0.805
-0.073,0.029,0.785
-0.012,0.064,0.808
0.075,-0.032,-0.582
0.058,-0.006,-0.693
-0.064,0.064,0.807
0.075,-0.023,-0.737
0.006,0.029,0.129
-0.012,0.055,0.887
-0.012,-0.049,-0.423
-0.055,-0.032,-0.345
0.006,0.038,0.983
-0.003,0.038,0.120
-0.003,0.038,0.136
-0.012,0.038,0.574
0.041,-0.032,-0.092
-0.003,0.029,0.227
-0.012,0.047,0.886
0.006,0.047,0.712
-0.029,0.020,0.795
0.023,-0.006,-0.526
-0.020,-0.049,-0.518
-0.038,-0.006,-0.347
-0.012,-0.014,0.109
0.058,-0.023,-0.499
-0.012,0.012,0.135
0.058,-0.032,-0.387
0.067,-0.041,-0.696
0.014,-0.014,-0.618
0.075,-0.014,-0.693
-0.055,-0.014,0.044
0.041,-0.014,-0.596
0.006,0.038,0.762
-0.020,0.055,0.980
0.049,0.003,-0.233
-0.003,0.029,0.384
0.006,0.003,-0.336
-0.003,0.047,0.311
-0.029,-0.023,-0.331
-0.012,-0.049,-0.327
-0.003,0.055,0.977
-0.055,-0.049,-0.529
0.075,-0.032,-0.503
-0.003,-0.058,-0.407
-0.003,0.038,0.306
0.006,0.055,0.419
0.014,0.012,0.491
0.067,0.003,-0.705
0.067,-0.032,-0.584
-0.020,-0.067,-0.618
-0.029,-0.041,-0.524
0.075,-0.023,-0.697
-0.003,0.055,0.803
0.041,0.012,-0.239
-0.047,-0.049,-0.435
-0.003,-0.075,-0.600
0.023,-0.014,-0.547
0.014,0.012,-0.140
-0.003,-0.067,-0.269
-0.003,0.020,0.145
0.075,-0.032,-0.692
-0.020,-0.041,-0.166
-0.003,0.029,0.024
0.084,-0.006,-0.699
0.032,-0.014,-0.506
0.049,-0.006,-0.602
-0.003,0.055,0.794
0.006,-0.006,-0.327
0.049,0.003,-0.695
0.023,-0.049,-0.585
-0.038,-0.041,-0.330
-0.029,0.003,0.006
-0.003,-0.041,-0.282
-0.047,-0.049,-0.190
-0.012,-0.049,-0.611
-0.020,-0.032,-0.521
-0.055,-0.032,-0.243
0.032,0.038,0.617
0.067,-0.014,-0.606
0.032,-0.014,-0.464
-0.003,0.038,0.992
-0.012,0.055,0.824
0.023,-0.006,-0.616
-0.029,-0.032,-0.346
0.049,0.003,-0.714
-0.038,-0.067,-0.420
-0.012,-0.075,-0.512
0.032,0.038,0.521
0.032,0.047,0.982
0.023,0.029,0.192
0.032,-0.006,-0.418
-0.038,-0.049,-0.248
0.006,-0.032,-0.696
-0.003,-0.006,0.233
0.006,-0.014,0.181
0.032,-0.058,-0.626
0.058,-0.006,-0.703
0.014,0.038,0.141
0.014,0.020,0.092
0.006,0.038,0.486
-0.029,0.038,0.334
-0.012,-0.067,-0.504
-0.029,-0.058,-0.521
-0.020,-0.058,-0.513
-0.003,-0.067,-0.708
0.014,0.038,-0.061
0.006,0.020,-0.049
-0.020,0.055,0.510
-0.029,-0.049,-0.433
0.067,-0.023,-0.596
-0.038,-0.049,-0.615
-0.012,-0.067,-0.736
0.049,-0.014,-0.650
-0.047,-0.041,-0.527
-0.020,-0.049,-0.139
-0.020,0.003,0.468
0.041,0.003,-0.612
0.049,-0.014,-0.500
0.014,-0.014,-0.432
-0.012,-0.041,-0.708
0.075,-0.006,-0.696
0.067,-0.006,0.511
0.067,0.003,-0.707
-0.003,0.012,0.063
-0.038,-0.041,-0.269
0.006,0.020,-0.167
-0.003,-0.058,-0.222
0.014,0.038,0.321
-0.003,-0.023,-0.076
0.058,-0.014,-0.706
-0.047,0.047,0.887
0.006,0.055,0.993
0.006,0.020,0.328
-0.003,0.055,0.606
-0.081,0.029,0.867
0.041,-0.049,-0.705
0.014,-0.014,-0.599
0.032,0.038,0.425
0.023,0.020,0.629
0.023,-0.041,-0.379
-0.012,0.029,0.307
0.032,0.029,0.228
-0.029,-0.049,-0.092
0.032,-0.023,-0.111
0.014,0.029,0.328
0.006,0.038,0.987
-0.003,0.020,0.775
-0.003,0.012,-0.146
0.067,-0.032,0.099
-0.038,-0.067,-0.522
0.032,0.012,-0.525
0.006,0.029,0.119
-0.020,-0.058,-0.701
0.049,-0.023,-0.232
0.067,-0.032,-0.661
-0.003,0.029,-0.035
0.032,-0.075,-0.690
-0.020,-0.049,-0.705
0.006,-0.049,-0.721
0.023,0.012,-0.187
-0.038,-0.058,-0.608
0.006,0.029,0.615
-0.020,-0.032,-0.000
-0.003,0.029,0.474
-0.047,-0.032,-0.166
-0.081,0.038,0.885
-0.029,-0.058,-0.510
0.006,0.038,0.824
0.014,0.038,0.570
0.006,0.038,0.662
-0.047,-0.023,-0.158
-0.029,0.003,0.851
-0.012,0.029,0.138
-0.020,0.038,0.606
-0.003,0.047,0.668
0.023,-0.032,-0.129
-0.012,-0.041,-0.578
-0.038,-0.032,-0.436
-0.020,-0.058,-0.332
0.023,0.003,-0.333
0.041,0.003,-0.417
-0.003,0.038,0.604
0.041,-0.032,-0.203
-0.003,-0.006,-0.247
0.006,0.020,0.378
-0.012,-0.032,-0.066
0.058,-0.023,-0.561
0.006,0.020,0.339
-0.029,-0.023,-0.251
0.006,0.038,-0.049
0.023,0.038,0.620
0.049,-0.032,-0.319
-0.081,0.020,0.702
0.006,-0.006,-0.415
0.075,-0.023,-0.601
-0.081,0.003,0.474
0.032,-0.006,-0.335
-0.029,0.003,0.427
0.075,0.003,-0.693
0.058,0.003,-0.700
-0.012,-0.067,-0.421
-0.038,0.029,0.256
0.014,-0.075,-0.503
0.014,0.020,0.195
-0.012,0.064,0.796
-0.020,0.038,0.333
0.014,-0.058,-0.646
-0.029,-0.058,-0.525
-0.081,0.003,0.571
-0.012,-0.058,-0.717
-0.020,-0.049,-0.603
0.041,0.012,-0.417
-0.029,-0.006,0.371
-0.012,-0.006,0.323
-0.003,0.055,0.506
-0.012,0.055,0.523
0.041,-0.023,-0.594
-0.012,-0.023,-0.078
-0.003,-0.058,-0.701
0.006,0.038,0.044
-0.012,-0.006,-0.642
0.014,0.064,0.712
-0.055,-0.032,-0.331
-0.003,0.020,0.025
-0.012,0.003,-0.336
0.049,-0.006,-0.232
0.049,-0.006,-0.422
-0.003,0.012,0.816
0.014,0.029,0.096
-0.003,0.055,0.498
-0.012,0.055,0.710
-0.029,0.047,0.509
0.023,-0.014,-0.428
-0.038,-0.041,-0.436
0.023,0.081,0.079
-0.029,0.055,0.885
-0.003,0.038,0.610
-0.003,0.055,0.310
-0.038,-0.023,-0.142
0.014,-0.023,-0.275
-0.003,0.055,0.701
-0.012,-0.041,-0.612
-0.073,0.038,0.986
0.006,-0.067,-0.703
0.032,0.029,0.045
0.014,0.003,-0.234
-0.020,-0.041,-0.701
-0.055,-0.049,-0.144
-0.003,0.055,0.598
0.032,0.012,-0.246
-0.047,0.055,0.746
0.032,-0.014,-0.542
-0.064,-0.041,-0.140
0.023,0.020,0.435
-0.047,-0.058,-0.460
-0.038,-0.049,-0.233
-0.029,-0.049,-0.234
-0.020,-0.049,-0.413
0.023,-0.014,-0.012
-0.081,-0.006,0.470
-0.012,0.047,0.793
-0.003,0.038,0.430
-0.047,-0.032,0.053
-0.029,-0.014,-0.492
0.049,-0.023,-0.554
0.006,0.038,0.119
-0.029,0.047,0.692
0.014,0.047,0.849
-0.029,-0.023,0.275
-0.064,-0.023,0.188
0.006,0.029,0.296
0.014,-0.006,-0.341
0.032,-0.006,-0.521
0.049,-0.023,-0.725
0.049,-0.006,-0.511
-0.020,0.064,0.982
0.023,0.020,-0.327
0.041,0.012,-0.329
0.014,0.029,0.914
-0.038,-0.049,-0.604
0.058,0.108,0.781
0.075,-0.023,-0.686
-0.038,0.020,0.916
-0.012,0.012,0.667
-0.012,0.047,0.307
0.049,-0.006,-0.611
0.014,0.038,-0.072
0.067,-0.023,-0.509
0.006,0.047,0.702
-0.020,-0.006,0.323
0.032,0.012,-0.334
0.014,0.038,0.486
-0.047,-0.014,0.276
0.006,0.038,0.631
0.014,0.029,0.533
0.023,-0.014,-0.585
-0.012,0.047,0.416
-0.012,0.012,0.156
0.032,-0.023,-0.207
-0.081,0.003,0.514
-0.064,-0.032,0.043
-0.012,0.055,0.805
0.023,0.029,0.999
0.006,0.047,0.805
0.058,0.003,-0.603
0.006,0.064,0.807
-0.055,-0.023,-0.059
-0.029,-0.032,-0.520
-0.003,0.020,0.019
-0.003,-0.075,-0.704
0.067,-0.006,-0.602
-0.029,-0.032,-0.259
-0.064,0.055,0.583
-0.047,-0.041,-0.442
-0.003,-0.006,-0.336
0.006,0.029,0.015
-0.038,-0.058,-0.427
-0.020,-0.041,-0.528
-0.012,-0.067,-0.545
-0.012,0.029,0.332
0.049,0.012,-0.236
-0.038,-0.032,-0.245
-0.055,0.038,0.872
0.006,-0.023,0.001
-0.012,0.047,0.331
-0.055,-0.041,-0.159
0.014,0.020,0.339
0.023,0.029,0.237
-0.003,-0.023,-0.345
-0.020,0.038,0.330
0.006,0.012,0.235
0.032,-0.014,-0.106
-0.055,-0.049,-0.367
-0.020,0.038,0.142
-0.055,-0.041,-0.258
-0.003,0.020,0.129
0.014,0.038,0.432
0.023,-0.014,-0.106
0.014,0.029,-0.060
-0.020,0.038,0.697
-0.064,0.038,0.272
-0.012,0.012,-0.160
-0.064,0.047,0.442
0.014,0.038,0.335
-0.047,-0.049,-0.616
0.014,0.003,-0.338
-0.073,-0.023,0.130
0.023,0.003,-0.612
0.023,0.012,-0.336
-0.029,-0.014,0.355
-0.029,-0.023,-0.163
-0.020,-0.049,-0.315
-0.029,0.029,0.428
0.032,-0.049,-0.467
-0.003,0.047,0.723
-0.012,-0.075,-0.697
-0.055,-0.058,-0.339
-0.038,-0.032,0.363
0.041,0.012,-0.516
-0.012,0.047,0.521
-0.047,-0.049,-0.149
-0.038,0.012,0.281
0.023,0.012,-0.043
-0.012,0.003,0.419
-0.029,0.047,0.615
-0.003,0.047,0.418
-0.038,-0.067,-0.427
0.032,0.020,0.231
0.023,0.108,0.500
-0.055,-0.041,-0.339
0.032,0.003,-0.414
-0.012,0.012,-0.144
-0.003,0.038,0.227
-0.003,0.038,0.821
0.032,0.029,0.426
-0.038,-0.032,-0.240
0.049,-0.041,-0.518
-0.012,0.055,0.896
0.006,0.055,0.902
0.014,0.029,-0.182
-0.012,0.029,0.233
-0.020,-0.067,-0.721
0.049,-0.014,-0.320
-0.003,0.064,0.988
-0.073,0.038,0.343
0.014,0.020,-0.060
-0.003,0.029,0.335
0.014,0.055,0.989
-0.047,0.020,0.494
-0.003,0.029,0.901
0.023,0.038,0.624
0.006,0.020,0.031
-0.047,-0.067,-0.620
-0.003,0.038,0.435
-0.055,-0.032,0.136
0.014,0.020,0.991
0.067,-0.006,-0.513
-0.029,-0.023,0.049
0.058,-0.006,-0.606
0.014,0.029,0.806
0.058,0.003,-0.710
-0.012,0.029,0.479
0.023,0.012,-0.232
-0.020,0.029,-0.066
0.041,-0.014,-0.512
0.067,-0.032,-0.599
-0.047,-0.041,-0.346
-0.038,-0.041,-0.249
0.058,-0.023,-0.601
-0.020,-0.049,-0.703
-0.020,0.047,0.973
0.023,0.029,0.335
-0.020,-0.049,-0.293
-0.047,-0.041,-0.237
-0.073,-0.006,0.422
-0.003,0.055,0.675
-0.047,-0.041,-0.426
0.023,0.047,0.706
0.041,-0.006,-0.412
0.014,-0.075,-0.599
-0.029,-0.049,-0.624
0.014,0.029,0.986
-0.020,-0.049,-0.468
0.049,-0.014,-0.510
-0.012,-0.067,-0.719
0.014,0.038,0.020
-0.012,0.055,0.417
-0.038,-0.032,0.252
-0.038,-0.041,-0.431
0.032,-0.049,-0.593
0.014,0.029,0.029
0.032,0.029,0.433
-0.047,-0.041,-0.327
0.006,0.038,0.673
-0.073,-0.006,0.433
-0.020,0.038,0.429
-0.020,0.038,0.709
-0.055,-0.014,-0.051
-0.029,-0.058,-0.620
-0.003,0.055,0.705
-0.020,-0.058,-0.707
-0.003,0.055,0.806
0.006,0.029,0.474
-0.029,0.029,0.416
-0.003,-0.058,-0.600
-0.047,0.047,0.534
0.067,-0.014,-0.510
-0.029,-0.058,-0.515
0.006,0.038,0.527
-0.003,0.029,0.043
-0.029,0.012,0.625
-0.003,0.055,0.888
0.014,0.020,0.132
-0.073,0.003,0.516
-0.038,-0.023,0.049
-0.012,-0.067,-0.509
0.041,0.003,-0.428
0.023,-0.006,-0.327
0.006,0.029,0.046
-0.055,-0.041,-0.248
-0.020,-0.023,0.239
-0.012,-0.067,-0.615
0.023,0.003,-0.243
-0.012,-0.067,-0.633
0.067,-0.006,-0.737
-0.038,-0.049,-0.337
-0.003,0.047,0.704
0.006,0.047,0.797
0.006,0.020,-0.063
-0.073,-0.023,0.041
-0.038,0.003,-0.236
0.023,0.029,0.806
-0.038,0.020,0.014
-0.029,-0.049,-0.139
-0.012,0.055,0.603
0.014,0.020,-0.082
0.041,-0.023,-0.116
0.014,0.020,0.186
-0.012,0.020,0.136
0.067,-0.023,-0.688
-0.003,0.038,0.571
0.023,0.055,0.983
-0.020,-0.049,-0.323
0.006,0.020,0.102
-0.003,0.012,-0.346
-0.003,0.038,-0.072
-0.055,-0.032,0.035
0.032,0.003,-0.456
0.041,-0.014,-0.507
0.075,-0.006,-0.597
0.014,0.003,-0.192
0.006,0.038,0.947
-0.003,-0.049,-0.228
-0.003,0.038,0.987
-0.055,-0.014,0.231
0.041,-0.023,-0.682
0.049,-0.023,-0.296
-0.029,-0.075,-0.604
0.006,0.064,0.983
0.014,0.012,0.108
-0.020,-0.006,-0.580
0.041,-0.006,-0.415
0.014,0.012,-0.158
-0.020,0.047,0.695
0.014,0.047,0.999
0.023,0.020,-0.056
0.041,-0.006,-0.502
0.023,0.047,0.619
-0.029,-0.023,0.341
0.032,0.047,0.806
-0.003,-0.041,-0.351
-0.047,-0.032,-0.153
-0.020,-0.067,-0.519
0.023,0.038,0.897
0.014,0.003,-0.251
0.058,-0.014,-0.498
0.049,-0.023,-0.308
0.006,0.047,0.413
0.032,0.038,0.737
-0.003,0.055,0.880
0.014,0.029,0.225
0.041,-0.041,-0.384
0.006,0.038,0.437
0.006,0.073,0.229
-0.003,0.020,-0.071
-0.029,-0.032,0.273
0.006,0.064,0.898
-0.055,-0.049,-0.343
0.058,-0.041,-0.534
-0.003,0.047,0.715
0.049,-0.049,-0.711
-0.038,-0.032,-0.332
0.058,-0.014,-0.592
-0.073,0.029,0.434
-0.038,-0.032,-0.051
-0.029,0.003,0.475
0.006,0.047,0.514
-0.012,-0.058,-0.327
0.023,-0.032,-0.114
-0.003,-0.058,-0.616
0.058,-0.023,-0.417
-0.003,0.020,-0.075
0.006,0.029,0.820
0.041,0.003,-0.242
-0.020,0.038,0.415
0.023,-0.014,-0.517
0.032,0.047,0.947
-0.020,-0.041,-0.010
0.014,0.038,-0.043
-0.047,-0.049,-0.328
0.014,0.029,0.485
0.023,0.020,0.033
-0.003,-0.006,-0.710
-0.003,0.047,0.711
-0.012,0.020,-0.053
0.058,-0.023,-0.466
0.014,0.038,0.023
0.023,0.029,0.048
0.067,-0.006,-0.707
-0.020,0.055,0.591
-0.029,-0.023,0.005
0.014,0.047,0.990
0.006,0.055,0.811
0.006,0.038,0.545
-0.064,-0.032,-0.162
0.006,0.047,0.320
-0.081,-0.006,0.524
0.058,-0.014,-0.603
0.041,-0.014,-0.685
0.023,0.038,0.323
0.032,-0.006,-0.459
-0.012,0.047,0.310
0.006,-0.006,-0.363
0.023,-0.067,-0.498
0.006,0.029,0.201
-0.012,0.047,0.852
0.067,-0.041,-0.500
0.006,0.020,0.622
0.006,0.020,0.138
-0.020,-0.058,-0.607
0.023,-0.006,-0.425
-0.055,-0.058,-0.431
-0.047,-0.049,-0.530
-0.029,-0.032,-0.036
-0.020,0.055,0.608
0.032,0.029,0.335
0.006,-0.058,-0.685
0.014,0.012,-0.335
-0.090,0.020,0.890
-0.081,0.003,0.610
-0.003,0.020,-0.161
-0.003,-0.067,-0.609
0.006,0.012,-0.256
0.006,0.038,0.895
-0.047,-0.032,-0.239
0.058,0.108,0.496
-0.047,0.038,0.747
-0.020,0.029,0.138
-0.003,0.012,0.727
-0.064,-0.032,-0.175
0.041,-0.014,-0.600
0.049,-0.014,-0.594
0.023,0.020,0.431
0.014,0.020,0.011
-0.003,0.038,0.230
-0.029,-0.032,-0.330
0.014,0.020,-0.088
0.006,0.038,0.901
-0.012,-0.041,-0.410
-0.047,-0.049,-0.054
0.049,-0.049,-0.587
-0.029,-0.058,-0.376
-0.003,0.047,0.761
0.014,0.047,0.228
-0.064,0.003,0.103
0.006,0.020,0.636
-0.003,0.047,0.522
-0.003,0.055,0.897
-0.055,-0.049,-0.340
-0.047,-0.049,-0.342
-0.099,0.029,0.796
0.014,0.047,0.980
0.041,-0.023,-0.402
-0.047,0.029,0.236
0.006,-0.075,-0.692
-0.029,-0.014,0.258
0.023,-0.006,-0.095
0.023,0.003,-0.326
0.041,-0.014,-0.410
-0.003,0.012,0.927
0.014,0.029,0.529
0.014,0.020,0.045
-0.029,-0.041,-0.532
0.067,-0.006,-0.693
-0.012,0.047,0.421
-0.003,0.029,0.417
-0.047,-0.041,-0.139
0.023,0.020,0.047
-0.020,0.038,0.629
0.014,0.081,0.081
0.006,0.055,0.673
-0.047,-0.014,0.371
-0.064,-0.006,0.285
0.032,0.003,-0.595
-0.064,-0.049,-0.157
0.023,-0.006,-0.506
0.006,0.055,0.990
-0.012,0.038,0.221
0.014,-0.014,-0.416
-0.003,0.055,0.520
-0.029,-0.014,0.083
-0.020,0.003,0.190
-0.029,-0.023,-0.236
0.014,0.003,-0.523
0.006,0.047,0.425
-0.012,-0.041,-0.137
0.058,-0.023,-0.225
-0.012,0.003,-0.044
0.032,-0.006,-0.517
0.014,-0.023,-0.169
0.023,0.047,0.992
0.006,-0.006,0.175
0.041,-0.006,-0.550
0.023,0.020,-0.152
0.032,0.003,-0.520
-0.012,0.038,0.121
-0.073,0.020,0.513
0.006,0.029,0.192
-0.029,-0.032,-0.430
-0.020,0.020,-0.070
-0.038,-0.049,-0.429
-0.055,-0.041,-0.332
-0.090,0.020,0.707
-0.038,-0.041,-0.422
0.014,0.020,0.632
-0.055,-0.058,-0.336
0.014,0.012,0.037
0.014,0.012,0.005
0.023,0.029,-0.051
-0.055,-0.049,0.116
0.023,0.012,-0.526
0.014,0.020,0.994
-0.012,0.003,-0.075
0.014,0.047,0.522
-0.020,-0.067,-0.700
-0.020,-0.049,-0.378
-0.081,0.029,0.802
0.032,-0.023,-0.126
-0.038,-0.041,-0.524
-0.012,-0.023,-0.034
-0.064,0.003,0.224
-0.055,-0.058,-0.422
0.023,0.003,-0.336
-0.081,0.038,0.976
0.006,-0.014,0.266
-0.020,0.029,-0.050
0.058,-0.006,-0.414
0.023,-0.023,-0.719
0.023,0.020,-0.238
0.006,0.038,0.023
-0.073,-0.006,0.517
0.006,0.047,0.036
0.049,-0.006,-0.596
0.014,0.055,0.796
-0.003,0.055,0.808
0.032,-0.006,-0.318
-0.073,-0.006,0.234
-0.047,0.020,-0.044
0.023,0.029,0.338
-0.047,-0.049,-0.333
0.049,-0.075,-0.646
-0.020,-0.067,-0.608
-0.081,0.012,0.607
0.006,0.038,0.116
0.032,0.003,-0.322
0.014,0.047,0.902
0.023,0.038,0.802
-0.038,-0.041,0.096
0.014,0.055,0.325
0.032,0.020,0.332
-0.038,-0.032,0.278
0.014,0.029,-0.073
-0.003,0.003,-0.160
-0.012,0.020,-0.162
-0.020,-0.049,-0.274
-0.020,0.047,0.524
0.014,0.003,-0.152
-0.003,0.064,0.980
0.032,0.003,-0.147
0.032,0.020,-0.150
-0.003,-0.041,-0.447
0.014,0.038,0.628
-0.047,-0.032,-0.059
-0.029,0.003,0.214
0.014,-0.014,0.006
-0.003,0.038,0.416
-0.020,0.047,0.426
0.041,-0.023,-0.605
-0.012,0.020,0.026
0.023,0.029,-0.136
0.023,0.047,0.525
-0.012,0.038,0.341
-0.012,0.012,0.044
-0.012,0.047,0.603
0.058,-0.023,-0.738
0.006,0.038,0.531
0.006,-0.058,-0.600
-0.012,-0.058,-0.233
0.058,-0.023,-0.325
-0.012,0.055,0.337
0.006,0.003,-0.328
-0.029,-0.058,-0.235
0.041,-0.014,-0.466
-0.081,0.029,0.698
0.006,-0.032,-0.219
-0.020,-0.049,-0.624
-0.012,-0.049,-0.704
-0.003,0.038,0.116
0.023,0.047,0.897
-0.029,0.038,0.962
0.006,0.012,0.134
-0.047,-0.032,-0.049
0.006,0.055,0.522
0.023,0.029,0.435
-0.029,-0.032,-0.434
-0.012,-0.032,-0.521
-0.020,0.020,0.220
-0.020,-0.067,-0.329
-0.029,-0.041,-0.146
0.023,-0.049,-0.550
0.014,0.012,-0.243
0.023,-0.023,-0.018
0.041,-0.006,-0.608
0.023,-0.014,-0.508
0.041,-0.041,-0.494
0.006,0.029,0.020
0.006,-0.075,-0.593
0.023,0.055,0.704
-0.012,0.029,0.235
-0.012,0.029,0.117
-0.047,-0.058,-0.245
0.049,-0.014,-0.706
0.032,-0.023,-0.611
0.006,0.029,0.109
0.058,-0.023,-0.594
0.023,0.029,0.809
0.006,0.038,0.709
0.058,-0.023,-0.587
-0.029,-0.032,-0.228
0.014,0.020,0.048
0.049,-0.023,-0.377
0.075,-0.041,-0.594
0.032,0.020,-0.247
0.049,-0.041,-0.704
0.014,0.003,-0.419
0.049,-0.093,-0.720
0.032,-0.006,-0.242
-0.020,-0.058,-0.718
-0.029,0.012,0.288
0.006,-0.006,-0.341
0.014,0.020,0.901
-0.047,-0.049,-0.515
-0.073,0.029,0.711
-0.047,-0.049,-0.337
-0.012,0.047,0.213
-0.020,-0.041,-0.358
-0.029,0.038,0.606
-0.020,0.020,0.139
-0.003,0.047,0.607
0.014,0.055,0.982
-0.003,0.047,0.428
0.032,0.020,0.037
0.006,0.038,0.993
0.032,-0.006,-0.507
-0.055,-0.041,-0.147
0.014,0.038,0.522
-0.020,-0.032,-0.612
-0.038,-0.058,-0.417
0.049,-0.006,-0.238
0.067,0.003,-0.607
0.014,0.029,0.222
0.023,0.020,-0.063
-0.064,-0.023,0.138
0.075,-0.041,-0.730
0.006,0.038,0.514
-0.047,-0.023,-0.048
0.023,0.038,0.132
-0.003,-0.058,-0.650
0.006,0.003,-0.235
0.014,0.047,0.513
-0.038,-0.049,-0.239
-0.029,-0.032,-0.351
0.014,0.038,0.231
0.041,-0.023,-0.041
-0.029,0.055,0.711
-0.012,0.020,0.315
0.006,0.047,0.307
0.014,0.029,0.192
0.006,0.055,0.886
0.049,-0.014,-0.684
-0.003,-0.006,0.303
-0.038,0.029,0.657
0.014,0.003,0.855
-0.029,-0.041,-0.511
0.006,0.029,0.429
-0.012,-0.058,-0.684
0.084,-0.023,-0.683
0.006,-0.023,-0.514
0.023,-0.075,-0.449
0.032,0.012,-0.618
-0.020,0.038,0.508
0.006,0.020,0.236
-0.012,0.047,0.696
-0.003,0.003,-0.236
-0.038,-0.041,-0.425
-0.003,0.038,0.224
-0.038,-0.067,-0.704
0.023,0.047,0.542
0.023,0.020,-0.046
-0.003,0.047,0.794
0.084,-0.023,-0.694
0.032,-0.075,-0.658
-0.020,-0.075,-0.712
-0.012,-0.032,-0.190
0.023,0.055,0.614
0.014,0.003,-0.244
0.023,0.029,-0.027
0.023,0.012,-0.248
0.014,0.029,0.106
-0.064,-0.049,-0.243
-0.003,0.047,0.806
-0.090,0.020,0.795
-0.047,-0.058,-0.192
0.041,-0.023,-0.612
0.041,-0.006,-0.714
-0.038,-0.049,-0.528
0.049,-0.014,-0.702
0.032,-0.023,-0.177
-0.055,-0.023,0.181
-0.003,0.029,0.629
-0.020,-0.041,-0.531
-0.055,-0.041,-0.087
-0.081,0.020,0.895
-0.029,-0.041,-0.374
0.006,0.020,0.385
0.032,-0.014,-0.697
0.041,-0.049,-0.592
-0.012,-0.041,-0.528
-0.029,-0.041,-0.436
-0.064,-0.032,0.035
-0.020,-0.023,-0.565
-0.020,-0.041,-0.512
-0.012,0.047,0.523
0.014,0.055,0.895
0.006,0.020,0.479
0.006,0.029,0.225
0.006,0.038,0.037
-0.055,-0.032,-0.240
0.041,-0.006,-0.230
0.023,0.055,0.899
-0.047,0.029,0.124
-0.020,0.012,-0.068
0.006,0.029,0.332
-0.020,-0.032,-0.345
-0.003,-0.014,0.075
-0.055,-0.041,-0.244
-0.020,0.029,0.226
0.014,0.047,0.759
-0.012,-0.058,-0.206
0.006,0.055,0.604
0.041,-0.023,-0.315
0.032,0.012,-0.047
0.058,-0.006,-0.420
-0.012,-0.067,-0.604
-0.038,-0.041,-0.149
-0.003,-0.014,0.023
0.049,-0.049,-0.542
0.023,0.012,0.245
-0.020,0.047,0.521
-0.020,0.047,0.333
-0.012,-0.023,-0.649
0.014,0.012,-0.004
-0.020,-0.006,-0.085
-0.073,-0.014,0.129
0.032,0.012,0.041
-0.029,0.029,0.791
-0.038,-0.058,-0.237
-0.038,-0.049,-0.192
-0.055,0.029,0.778
-0.029,-0.049,-0.329
-0.020,-0.014,-0.664
0.006,0.064,0.699
-0.003,0.055,0.762
-0.047,-0.014,0.548
0.006,0.038,0.414
0.014,0.029,0.430
0.014,0.020,0.999
0.014,0.029,0.040
-0.012,0.029,0.039
0.032,0.029,0.036
0.014,0.029,0.433
0.006,0.038,0.815
0.032,-0.014,-0.688
-0.038,0.012,0.634
0.014,0.029,0.574
0.014,0.038,0.580
0.014,0.020,-0.000
0.032,0.029,-0.150
-0.003,0.020,-0.051
-0.038,-0.032,0.241
-0.003,0.064,0.895
-0.012,0.020,-0.042
-0.003,0.047,0.909
0.014,-0.014,0.251
-0.012,0.038,0.421
-0.020,0.047,0.315
-0.012,-0.006,0.207
0.023,0.029,0.149
-0.073,0.020,0.420
0.014,0.029,0.519
-0.003,0.029,0.331
0.058,-0.014,-0.233
0.006,0.047,0.719
-0.003,0.055,0.709
0.014,0.047,0.233
-0.012,-0.058,-0.509
0.006,0.038,0.619
-0.003,0.012,0.045
-0.047,-0.032,-0.424
0.058,-0.023,-0.409
0.023,0.020,0.332
0.006,0.029,0.987
-0.038,-0.032,0.267
-0.020,0.047,0.792
0.041,-0.014,-0.709
-0.047,-0.041,-0.260
0.041,-0.041,-0.425
-0.029,-0.058,-0.131
0.032,0.029,-0.053
0.058,-0.006,-0.610
-0.064,0.020,0.619
-0.029,-0.067,-0.609
0.006,0.038,0.907
-0.020,0.055,0.703
0.014,0.020,-0.181
-0.038,-0.049,-0.441
-0.012,-0.049,-0.721
-0.020,-0.032,0.051
0.006,0.047,0.323
0.049,-0.014,-0.379
0.032,0.012,-0.418
-0.038,-0.041,-0.337
-0.038,-0.032,0.141
-0.003,0.029,0.422
0.075,-0.006,-0.605
0.014,0.020,-0.053
-0.038,-0.023,0.182
-0.003,0.038,0.801
0.006,0.020,0.283
0.049,-0.014,-0.709
-0.029,-0.049,-0.531
0.006,-0.058,-0.549
-0.020,0.012,0.578
0.006,0.047,0.606
0.032,-0.014,-0.318
0.023,0.047,0.890
-0.012,0.047,0.624
-0.020,-0.032,-0.420
0.075,-0.032,-0.591
0.014,0.029,0.817
0.014,0.038,0.893
0.067,0.003,-0.686
0.014,-0.006,-0.526
0.023,0.047,0.612
-0.029,0.038,0.595
-0.012,-0.014,0.302
-0.073,0.029,0.889
0.006,0.038,0.427
-0.020,0.047,0.803
-0.012,0.055,0.609
0.023,0.090,0.054
-0.029,-0.049,-0.714
-0.055,0.055,0.595
0.006,0.038,0.800
-0.020,-0.041,-0.615
-0.003,0.055,0.510
0.032,-0.006,-0.602
-0.003,0.055,0.986
-0.020,0.029,0.313
0.023,-0.067,-0.694
0.014,0.029,0.339
-0.003,-0.075,-0.706
0.041,-0.014,-0.697
0.032,0.012,-0.149
0.023,0.003,-0.526
-0.029,-0.049,-0.418
-0.038,-0.058,-0.522
-0.038,-0.058,-0.374
0.014,0.047,0.805
-0.012,-0.049,-0.713
-0.003,0.012,0.562
0.032,0.012,-0.237
-0.020,0.064,0.781
0.014,0.038,0.992
0.067,-0.023,-0.699
0.032,0.029,0.328
0.014,0.047,0.141
0.032,-0.014,-0.609
-0.055,-0.041,0.045
0.067,-0.032,-0.505
0.014,0.020,0.435
-0.020,0.038,0.420
-0.064,0.012,0.082
0.041,-0.023,-0.718
0.041,-0.006,-0.616
0.006,0.038,0.998
-0.029,-0.058,-0.606
0.014,0.038,0.814
-0.003,-0.014,-0.688
0.014,0.038,0.040
-0.029,0.047,0.597
0.006,0.012,-0.244
0.006,0.020,0.141
0.032,0.020,0.040
0.032,-0.014,-0.235
0.014,0.047,0.527
0.023,0.055,0.807
0.014,0.020,0.130
0.023,0.020,-0.334
0.032,0.029,-0.059
0.023,0.047,0.334
0.014,0.020,0.527
-0.020,0.055,0.896
0.014,0.020,0.036
0.014,0.029,0.022
-0.020,0.020,0.125
-0.012,0.055,0.697
-0.029,-0.049,-0.309
-0.047,-0.058,-0.544
-0.029,-0.041,-0.516
-0.020,0.047,0.703
0.049,-0.014,-0.224
0.006,0.038,0.417
-0.047,-0.058,-0.338
-0.047,0.038,0.889
0.006,0.029,-0.165
-0.055,-0.058,-0.235
0.014,0.047,0.323
-0.003,0.029,0.140
0.014,0.020,0.333
0.006,0.029,0.065
0.006,-0.058,-0.718
0.006,0.055,0.955
-0.029,0.047,0.977
0.075,-0.014,-0.700
-0.064,0.003,0.310
0.049,-0.006,-0.329
-0.012,0.047,0.428
-0.038,-0.023,-0.002
0.006,-0.014,-0.517
-0.003,0.047,0.893
-0.020,-0.049,-0.369
-0.029,-0.067,-0.708
0.006,0.020,0.545
-0.029,-0.041,-0.521
0.023,0.003,-0.151
0.014,0.003,-0.222
0.014,0.055,0.901
-0.029,-0.067,-0.614
-0.012,0.020,0.121
0.023,0.038,0.333
-0.020,0.038,0.888
0.023,0.047,0.984
-0.055,-0.032,-0.254
-0.012,0.012,0.020
-0.029,-0.032,-0.327
0.014,0.038,0.994
0.006,0.012,-0.261
0.006,-0.032,-0.183
0.014,0.012,-0.146
-0.029,-0.014,0.649
0.014,0.029,0.289
-0.047,-0.041,-0.417
0.006,0.029,-0.247
0.014,0.055,0.978
0.032,-0.006,-0.450
-0.003,0.029,0.222
-0.003,0.012,-0.238
0.023,0.029,0.716
0.014,0.055,0.706
-0.029,-0.041,-0.328
0.032,-0.032,-0.110
-0.012,-0.014,-0.245
0.041,0.003,-0.710
-0.012,0.029,0.339
0.023,0.012,-0.087
0.023,0.029,0.428
-0.090,0.003,0.515
0.006,0.055,0.321
0.006,0.047,0.892
-0.055,-0.032,-0.052
-0.029,-0.041,-0.346
0.067,-0.032,-0.567
0.049,-0.006,-0.324
0.023,0.003,-0.248
0.014,0.029,0.189
0.006,0.038,-0.073
-0.038,-0.049,-0.426
-0.012,0.020,0.042
-0.029,-0.014,-0.631
-0.003,0.038,0.336
0.006,0.003,-0.345
0.058,-0.006,-0.707
-0.012,0.038,0.309
0.067,-0.006,-0.416
0.032,0.012,0.148
-0.003,0.020,0.225
-0.012,0.029,0.416
0.014,0.012,-0.154
-0.012,0.055,0.976
0.058,-0.023,-0.647
0.006,0.038,0.729
-0.012,-0.058,-0.519
-0.064,-0.023,-0.066
-0.012,0.055,0.511
-0.020,0.055,0.975
0.014,0.020,-0.348
0.006,0.038,0.479
0.032,-0.067,-0.690
-0.090,0.029,0.887
0.006,-0.067,-0.405
-0.029,-0.023,0.177
0.049,0.003,-0.426
0.023,-0.006,-0.418
0.014,0.012,0.087
0.032,0.038,0.439
0.023,0.047,0.610
0.067,-0.032,-0.651
0.067,-0.014,-0.504
-0.012,-0.075,-0.600
-0.012,0.003,-0.144
0.006,-0.049,-0.630
-0.020,-0.058,-0.623
0.023,0.003,-0.279
0.006,0.047,0.699
-0.012,0.029,0.024
-0.020,0.038,0.500
-0.003,0.020,-0.059
0.014,0.047,0.708
0.032,-0.006,-0.326
-0.029,-0.058,-0.229
-0.012,0.055,0.684
-0.012,-0.049,-0.605
0.006,0.020,0.002
-0.029,-0.006,0.252
0.006,0.020,-0.076
-0.003,0.038,0.297
0.014,-0.014,-0.081
0.014,0.055,0.513
-0.081,-0.006,0.321
0.014,0.029,0.333
