Unnamed: 0,nframe_91012583700,absframe_91012583700,x0_91012583700,y0_91012583700,area_91012583700,yadj_91012583700,flower_91012583700,visit_num_91012583700,sx_91012583700,sy_91012583700,speeds_91012583700
0,0,141331,353.0,344.0,1242.0,736.0,,,353.0,736.0,34.532593299664015
1,1,141332,422.0,347.0,1155.0,733.0,,,387.5,734.5,30.739948673419164
2,2,141333,479.0,334.0,1402.0,746.0,,,418.0,738.3333333333334,60.36923425424944
3,3,141334,533.0,324.0,1547.0,756.0,,,478.0,745.0,52.952809179494906
4,4,141335,578.0,317.0,1809.0,763.0,,,530.0,755.0,47.13338048088161
5,5,141336,616.0,299.0,1426.0,781.0,,,575.6666666666666,766.6666666666666,42.28212125447089
6,6,141337,656.0,293.0,862.0,787.0,,,616.6666666666666,777.0,37.87846060464685
7,7,141338,691.0,305.0,1250.0,775.0,,,654.3333333333334,781.0,31.84162195757125
8,8,141339,710.0,316.0,2214.0,764.0,,,685.6666666666666,775.3333333333334,25.05105897074135
9,9,141340,724.0,325.0,1825.0,755.0,,,708.3333333333334,764.6666666666666,15.103347678945577
10,10,141341,733.0,322.0,2011.0,758.0,,,722.3333333333334,759.0,8.339997335464462
11,11,141342,735.0,315.0,2053.0,765.0,,,730.6666666666666,759.3333333333334,8.724168218868295
12,12,141343,743.0,307.0,1457.0,773.0,,,737.0,765.3333333333334,8.353309390761044
13,13,141344,745.0,300.0,1365.0,780.0,,,741.0,772.6666666666666,5.897268670984738
14,14,141345,747.0,302.0,2913.0,778.0,,,745.0,777.0,4.7140452079102735
15,15,141346,741.0,293.0,1307.0,787.0,,,744.3333333333334,781.6666666666666,5.754225500544098
16,16,141347,742.0,283.0,1925.0,797.0,,,743.3333333333334,787.3333333333334,5.011098792790972
17,17,141348,746.0,287.0,1470.0,793.0,,,743.0,792.3333333333334,5.7057475895412
18,18,141349,758.0,295.0,992.0,785.0,,,748.6666666666666,791.6666666666666,6.871842709362749
19,19,141350,758.0,296.0,921.0,784.0,2.0,1.0,754.0,787.3333333333334,3.8873012632302326
20,20,141351,752.0,297.0,1008.0,783.0,2.0,1.0,756.0,784.0,1.0540925533894718
21,21,141352,755.0,296.0,888.0,784.0,2.0,1.0,755.0,783.6666666666666,0.6666666666666288
22,22,141353,756.0,296.0,762.0,784.0,2.0,1.0,754.3333333333334,783.6666666666666,2.687419249432817
23,23,141354,760.0,296.0,647.0,784.0,2.0,1.0,757.0,784.0,3.333333333333303
24,24,141355,763.0,290.0,325.0,790.0,2.0,1.0,759.6666666666666,786.0,4.666666666666743
25,25,141356,770.0,296.0,679.0,784.0,2.0,1.0,764.3333333333334,786.0,3.0184617127124764
26,26,141357,769.0,297.0,991.0,783.0,2.0,1.0,767.3333333333334,785.6666666666666,4.346134936801693
27,27,141358,770.0,301.0,1117.0,779.0,2.0,1.0,769.6666666666666,782.0,1.054092553389436
28,28,141359,769.0,299.0,764.0,781.0,2.0,1.0,769.3333333333334,781.0,1.0540925533894718
29,29,141360,768.0,300.0,924.0,780.0,2.0,1.0,769.0,780.0,0.7453559924999129
30,30,141361,768.0,300.0,924.0,780.0,2.0,1.0,768.3333333333334,780.3333333333334,0.4714045207910048
31,31,141362,768.0,298.0,702.0,782.0,2.0,1.0,768.0,780.6666666666666,0.9428090415820902
32,32,141363,766.0,298.0,849.0,782.0,2.0,1.0,767.3333333333334,781.3333333333334,1.0540925533894718
33,33,141364,767.0,297.0,693.0,783.0,2.0,1.0,767.0,782.3333333333334,0.4714045207910048
34,34,141365,769.0,297.0,685.0,783.0,2.0,1.0,767.3333333333334,782.6666666666666,1.0540925533894718
35,35,141366,769.0,297.0,699.0,783.0,2.0,1.0,768.3333333333334,783.0,1.0540925533894718
36,36,141367,770.0,298.0,774.0,782.0,2.0,1.0,769.3333333333334,782.6666666666666,0.4714045207910048
37,37,141368,770.0,296.0,754.0,784.0,2.0,1.0,769.6666666666666,783.0,0.3333333333333712
38,38,141369,770.0,297.0,826.0,783.0,2.0,1.0,770.0,783.0,0.4714045207910853
39,39,141370,769.0,297.0,798.0,783.0,2.0,1.0,769.6666666666666,783.3333333333334,1.6666666666667425
40,40,141371,770.0,301.0,1316.0,779.0,2.0,1.0,769.6666666666666,781.6666666666666,0.6666666666667425
41,41,141372,772.0,297.0,977.0,783.0,2.0,1.0,770.3333333333334,781.6666666666666,2.0
42,42,141373,775.0,297.0,916.0,783.0,2.0,1.0,772.3333333333334,781.6666666666666,2.8284271247461903
43,43,141374,776.0,295.0,827.0,785.0,2.0,1.0,774.3333333333334,783.6666666666666,1.4907119849998258
44,44,141375,776.0,295.0,830.0,785.0,2.0,1.0,775.6666666666666,784.3333333333334,1.0540925533894718
45,45,141376,776.0,294.0,816.0,786.0,2.0,1.0,776.0,785.3333333333334,1.666666666666697
46,46,141377,779.0,299.0,902.0,781.0,2.0,1.0,777.0,784.0,0.7453559924999129
47,47,141378,778.0,294.0,872.0,786.0,2.0,1.0,777.6666666666666,784.3333333333334,0.6666666666667425
48,48,141379,778.0,294.0,864.0,786.0,2.0,1.0,778.3333333333334,784.3333333333334,1.6996731711975652
49,49,141380,778.0,294.0,881.0,786.0,2.0,1.0,778.0,786.0,0.3333333333333712
50,50,141381,778.0,293.0,838.0,787.0,2.0,1.0,778.0,786.3333333333334,0.0
51,51,141382,778.0,294.0,853.0,786.0,2.0,1.0,778.0,786.3333333333334,0.7453559924999129
52,52,141383,776.0,295.0,812.0,785.0,2.0,1.0,777.3333333333334,786.0,0.7453559924999129
53,53,141384,777.0,295.0,817.0,785.0,2.0,1.0,777.0,785.3333333333334,0.7453559925000147
54,54,141385,777.0,296.0,831.0,784.0,2.0,1.0,776.6666666666666,784.6666666666666,0.7453559925000147
55,55,141386,778.0,294.0,887.0,786.0,2.0,1.0,777.3333333333334,785.0,0.4714045207910048
56,56,141387,778.0,296.0,875.0,784.0,2.0,1.0,777.6666666666666,784.6666666666666,0.7453559925000147
57,57,141388,778.0,294.0,891.0,786.0,2.0,1.0,778.0,785.3333333333334,0.0
58,58,141389,778.0,294.0,908.0,786.0,2.0,1.0,778.0,785.3333333333334,0.7453559924999129
59,59,141390,779.0,294.0,925.0,786.0,2.0,1.0,778.3333333333334,786.0,0.0
60,60,141391,778.0,294.0,909.0,786.0,2.0,1.0,778.3333333333334,786.0,0.3333333333333712
61,61,141392,778.0,293.0,910.0,787.0,2.0,1.0,778.3333333333334,786.3333333333334,0.4714045207910853
62,62,141393,778.0,295.0,893.0,785.0,2.0,1.0,778.0,786.0,0.4714045207910853
63,63,141394,779.0,293.0,860.0,787.0,2.0,1.0,778.3333333333334,786.3333333333334,0.3333333333332575
64,64,141395,779.0,293.0,796.0,787.0,2.0,1.0,778.6666666666666,786.3333333333334,0.3333333333332575
65,65,141396,778.0,294.0,833.0,786.0,2.0,1.0,778.6666666666666,786.6666666666666,0.0
66,66,141397,779.0,293.0,883.0,787.0,2.0,1.0,778.6666666666666,786.6666666666666,0.0
67,67,141398,779.0,293.0,833.0,787.0,2.0,1.0,778.6666666666666,786.6666666666666,0.3333333333333712
68,68,141399,778.0,293.0,813.0,787.0,2.0,1.0,778.6666666666666,787.0,0.0
69,69,141400,779.0,293.0,778.0,787.0,2.0,1.0,778.6666666666666,787.0,0.3333333333332575
70,70,141401,778.0,293.0,793.0,787.0,2.0,1.0,778.3333333333334,787.0,0.4714045207910048
71,71,141402,779.0,294.0,799.0,786.0,2.0,1.0,778.6666666666666,786.6666666666666,0.0
72,72,141403,779.0,293.0,832.0,787.0,2.0,1.0,778.6666666666666,786.6666666666666,0.6666666666667425
73,73,141404,780.0,293.0,777.0,787.0,2.0,1.0,779.3333333333334,786.6666666666666,0.7453559924999129
74,74,141405,781.0,293.0,768.0,787.0,2.0,1.0,780.0,787.0,0.3333333333333712
75,75,141406,780.0,293.0,788.0,787.0,2.0,1.0,780.3333333333334,787.0,0.3333333333333712
76,76,141407,780.0,292.0,712.0,788.0,2.0,1.0,780.3333333333334,787.3333333333334,0.3333333333333712
77,77,141408,780.0,293.0,718.0,787.0,2.0,1.0,780.0,787.3333333333334,0.3333333333332575
78,78,141409,780.0,292.0,727.0,788.0,2.0,1.0,780.0,787.6666666666666,0.0
79,79,141410,780.0,292.0,715.0,788.0,2.0,1.0,780.0,787.6666666666666,0.3333333333333712
80,80,141411,780.0,292.0,713.0,788.0,2.0,1.0,780.0,788.0,0.3333333333333712
81,81,141412,780.0,291.0,717.0,789.0,2.0,1.0,780.0,788.3333333333334,0.4714045207910048
82,82,141413,781.0,291.0,765.0,789.0,2.0,1.0,780.3333333333334,788.6666666666666,2.0
83,83,141414,780.0,286.0,750.0,794.0,2.0,1.0,780.3333333333334,790.6666666666666,1.6666666666667425
84,84,141415,780.0,286.0,717.0,794.0,2.0,1.0,780.3333333333334,792.3333333333334,1.6666666666666288
85,85,141416,781.0,286.0,722.0,794.0,2.0,1.0,780.3333333333334,794.0,1.490711984999775
86,86,141417,784.0,284.0,671.0,796.0,2.0,1.0,781.6666666666666,794.6666666666666,1.7950549357116
87,87,141418,785.0,284.0,659.0,796.0,2.0,1.0,783.3333333333334,795.3333333333334,1.490711984999775
88,88,141419,785.0,284.0,703.0,796.0,2.0,1.0,784.6666666666666,796.0,0.7453559925000147
89,89,141420,786.0,285.0,734.0,795.0,2.0,1.0,785.3333333333334,795.6666666666666,0.4714045207910048
90,90,141421,786.0,283.0,707.0,797.0,2.0,1.0,785.6666666666666,796.0,0.9428090415820902
91,91,141422,787.0,286.0,619.0,794.0,2.0,1.0,786.3333333333334,795.3333333333334,0.7453559924999129
92,92,141423,788.0,286.0,606.0,794.0,2.0,1.0,787.0,795.0,1.0540925533894718
93,93,141424,787.0,286.0,605.0,794.0,2.0,1.0,787.3333333333334,794.0,0.6666666666666288
94,94,141425,787.0,284.0,623.0,796.0,2.0,1.0,787.3333333333334,794.6666666666666,0.7453559925000147
95,95,141426,787.0,284.0,615.0,796.0,2.0,1.0,787.0,795.3333333333334,1.0
96,96,141427,787.0,283.0,602.0,797.0,2.0,1.0,787.0,796.3333333333334,0.3333333333333712
97,97,141428,788.0,284.0,574.0,796.0,2.0,1.0,787.3333333333334,796.3333333333334,0.7453559924999129
98,98,141429,789.0,285.0,626.0,795.0,2.0,1.0,788.0,796.0,0.9428090415820096
99,99,141430,789.0,285.0,588.0,795.0,2.0,1.0,788.6666666666666,795.3333333333334,1.201850425154705
100,100,141431,791.0,286.0,577.0,794.0,2.0,1.0,789.6666666666666,794.6666666666666,1.0
101,101,141432,792.0,285.0,591.0,795.0,2.0,1.0,790.6666666666666,794.6666666666666,0.6666666666667425
102,102,141433,791.0,285.0,580.0,795.0,2.0,1.0,791.3333333333334,794.6666666666666,0.3333333333333712
103,103,141434,791.0,285.0,543.0,795.0,2.0,1.0,791.3333333333334,795.0,0.4714045207910853
104,104,141435,791.0,286.0,542.0,794.0,2.0,1.0,791.0,794.6666666666666,0.4714045207910048
105,105,141436,790.0,286.0,541.0,794.0,2.0,1.0,790.6666666666666,794.3333333333334,0.4714045207910048
106,106,141437,790.0,286.0,524.0,794.0,2.0,1.0,790.3333333333334,794.0,0.3333333333333712
107,107,141438,790.0,286.0,509.0,794.0,2.0,1.0,790.0,794.0,0.4714045207910853
108,108,141439,789.0,285.0,523.0,795.0,2.0,1.0,789.6666666666666,794.3333333333334,0.4714045207909245
109,109,141440,789.0,285.0,532.0,795.0,2.0,1.0,789.3333333333334,794.6666666666666,0.4714045207910853
110,110,141441,789.0,285.0,524.0,795.0,2.0,1.0,789.0,795.0,0.0
111,111,141442,789.0,285.0,536.0,795.0,2.0,1.0,789.0,795.0,0.7453559924999129
112,112,141443,791.0,286.0,546.0,794.0,2.0,1.0,789.6666666666666,794.6666666666666,1.0
113,113,141444,792.0,285.0,564.0,795.0,2.0,1.0,790.6666666666666,794.6666666666666,1.0
114,114,141445,792.0,285.0,555.0,795.0,2.0,1.0,791.6666666666666,794.6666666666666,0.3333333333333712
115,115,141446,791.0,285.0,560.0,795.0,2.0,1.0,791.6666666666666,795.0,0.3333333333332575
116,116,141447,791.0,285.0,548.0,795.0,2.0,1.0,791.3333333333334,795.0,0.6666666666667425
117,117,141448,790.0,285.0,561.0,795.0,2.0,1.0,790.6666666666666,795.0,0.4714045207910048
118,118,141449,790.0,284.0,597.0,796.0,2.0,1.0,790.3333333333334,795.3333333333334,0.4714045207910048
119,119,141450,790.0,284.0,596.0,796.0,2.0,1.0,790.0,795.6666666666666,0.3333333333333712
120,120,141451,790.0,284.0,569.0,796.0,2.0,1.0,790.0,796.0,0.3333333333333712
121,121,141452,790.0,285.0,554.0,795.0,2.0,1.0,790.0,795.6666666666666,0.0
122,122,141453,790.0,284.0,566.0,796.0,2.0,1.0,790.0,795.6666666666666,0.3333333333333712
123,123,141454,789.0,284.0,569.0,796.0,2.0,1.0,789.6666666666666,795.6666666666666,0.4714045207910048
124,124,141455,789.0,284.0,582.0,796.0,2.0,1.0,789.3333333333334,796.0,0.4714045207910853
125,125,141456,789.0,283.0,575.0,797.0,2.0,1.0,789.0,796.3333333333334,0.3333333333332575
126,126,141457,789.0,283.0,589.0,797.0,2.0,1.0,789.0,796.6666666666666,0.3333333333333712
127,127,141458,789.0,283.0,580.0,797.0,2.0,1.0,789.0,797.0,0.4714045207910853
128,128,141459,788.0,282.0,563.0,798.0,2.0,1.0,788.6666666666666,797.3333333333334,0.4714045207910048
129,129,141460,790.0,282.0,513.0,798.0,2.0,1.0,789.0,797.6666666666666,0.4714045207910853
130,130,141461,790.0,282.0,548.0,798.0,2.0,1.0,789.3333333333334,798.0,1.0540925533894718
131,131,141462,791.0,283.0,620.0,797.0,2.0,1.0,790.3333333333334,797.6666666666666,0.9428090415820096
132,132,141463,792.0,284.0,600.0,796.0,2.0,1.0,791.0,797.0,1.943650631615068
133,133,141464,793.0,287.0,520.0,793.0,2.0,1.0,792.0,795.3333333333334,1.9436506316151647
134,134,141465,794.0,288.0,506.0,792.0,2.0,1.0,793.0,793.6666666666666,1.3743685418724891
135,135,141466,793.0,288.0,499.0,792.0,2.0,1.0,793.3333333333334,792.3333333333334,0.6666666666667425
136,136,141467,793.0,289.0,474.0,791.0,2.0,1.0,793.3333333333334,791.6666666666666,0.3333333333332575
137,137,141468,794.0,289.0,462.0,791.0,2.0,1.0,793.3333333333334,791.3333333333334,0.6666666666667425
138,138,141469,793.0,290.0,413.0,790.0,2.0,1.0,793.3333333333334,790.6666666666666,0.3333333333332575
139,139,141470,793.0,290.0,425.0,790.0,2.0,1.0,793.3333333333334,790.3333333333334,0.0
140,140,141471,794.0,289.0,455.0,791.0,2.0,1.0,793.3333333333334,790.3333333333334,0.7453559924998622
141,141,141472,794.0,288.0,484.0,792.0,2.0,1.0,793.6666666666666,791.0,0.7453559924999129
142,142,141473,794.0,288.0,462.0,792.0,2.0,1.0,794.0,791.6666666666666,0.6666666666667425
143,143,141474,794.0,287.0,493.0,793.0,2.0,1.0,794.0,792.3333333333334,0.7453559924999129
144,144,141475,795.0,286.0,493.0,794.0,2.0,1.0,794.3333333333334,793.0,0.7453559924998622
145,145,141476,795.0,286.0,507.0,794.0,2.0,1.0,794.6666666666666,793.6666666666666,1.0
146,146,141477,797.0,287.0,474.0,793.0,2.0,1.0,795.6666666666666,793.6666666666666,1.201850425154642
147,147,141478,798.0,288.0,492.0,792.0,2.0,1.0,796.6666666666666,793.0,0.9428090415820902
148,148,141479,797.0,288.0,448.0,792.0,2.0,1.0,797.3333333333334,792.3333333333334,0.4714045207910048
149,149,141480,798.0,288.0,470.0,792.0,2.0,1.0,797.6666666666666,792.0,0.0
150,150,141481,798.0,288.0,447.0,792.0,2.0,1.0,797.6666666666666,792.0,0.4714045207910853
151,151,141482,798.0,289.0,415.0,791.0,2.0,1.0,798.0,791.6666666666666,0.3333333333332575
152,152,141483,798.0,289.0,454.0,791.0,2.0,1.0,798.0,791.3333333333334,0.3333333333333712
153,153,141484,798.0,289.0,447.0,791.0,2.0,1.0,798.0,791.0,0.0
154,154,141485,798.0,289.0,448.0,791.0,2.0,1.0,798.0,791.0,0.3333333333333712
155,155,141486,798.0,288.0,440.0,792.0,2.0,1.0,798.0,791.3333333333334,0.3333333333332575
156,156,141487,798.0,288.0,430.0,792.0,2.0,1.0,798.0,791.6666666666666,0.7453559925000147
157,157,141488,797.0,287.0,440.0,793.0,2.0,1.0,797.6666666666666,792.3333333333334,0.4714045207909245
158,158,141489,797.0,287.0,436.0,793.0,2.0,1.0,797.3333333333334,792.6666666666666,0.6666666666667425
159,159,141490,796.0,288.0,422.0,792.0,2.0,1.0,796.6666666666666,792.6666666666666,0.4714045207909245
160,160,141491,796.0,288.0,417.0,792.0,2.0,1.0,796.3333333333334,792.3333333333334,0.4714045207910853
161,161,141492,796.0,288.0,404.0,792.0,2.0,1.0,796.0,792.0,0.4714045207910853
162,162,141493,795.0,287.0,403.0,793.0,2.0,1.0,795.6666666666666,792.3333333333334,0.6666666666666288
163,163,141494,796.0,286.0,400.0,794.0,2.0,1.0,795.6666666666666,793.0,0.4714045207910853
164,164,141495,797.0,287.0,420.0,793.0,2.0,1.0,796.0,793.3333333333334,0.7453559924998622
165,165,141496,797.0,286.0,444.0,794.0,2.0,1.0,796.6666666666666,793.6666666666666,0.4714045207910048
166,166,141497,797.0,287.0,420.0,793.0,2.0,1.0,797.0,793.3333333333334,0.3333333333332575
167,167,141498,797.0,286.0,435.0,794.0,2.0,1.0,797.0,793.6666666666666,0.4714045207910048
168,168,141499,796.0,287.0,364.0,793.0,2.0,1.0,796.6666666666666,793.3333333333334,0.3333333333333712
169,169,141500,797.0,288.0,366.0,792.0,2.0,1.0,796.6666666666666,793.0,1.0540925533894718
170,170,141501,798.0,289.0,399.0,791.0,2.0,1.0,797.0,792.0,2.134374745810944
171,171,141502,800.0,292.0,438.0,788.0,2.0,1.0,798.3333333333334,790.3333333333334,1.4142135623730951
172,172,141503,800.0,291.0,387.0,789.0,2.0,1.0,799.3333333333334,789.3333333333334,1.0
173,173,141504,798.0,292.0,363.0,788.0,2.0,1.0,799.3333333333334,788.3333333333334,0.0
174,174,141505,800.0,292.0,370.0,788.0,2.0,1.0,799.3333333333334,788.3333333333334,0.0
175,175,141506,800.0,291.0,373.0,789.0,2.0,1.0,799.3333333333334,788.3333333333334,0.6666666666666288
176,176,141507,800.0,292.0,370.0,788.0,2.0,1.0,800.0,788.3333333333334,0.4714045207910048
177,177,141508,801.0,291.0,376.0,789.0,2.0,1.0,800.3333333333334,788.6666666666666,0.4714045207910048
178,178,141509,801.0,290.0,412.0,790.0,2.0,1.0,800.6666666666666,789.0,1.0
179,179,141510,800.0,289.0,418.0,791.0,2.0,1.0,800.6666666666666,790.0,0.7453559924999129
180,180,141511,802.0,289.0,420.0,791.0,2.0,1.0,801.0,790.6666666666666,0.6666666666666288
181,181,141512,803.0,290.0,440.0,790.0,2.0,1.0,801.6666666666666,790.6666666666666,0.7453559924999638
182,182,141513,802.0,290.0,442.0,790.0,2.0,1.0,802.3333333333334,790.3333333333334,0.0
183,183,141514,802.0,289.0,432.0,791.0,2.0,1.0,802.3333333333334,790.3333333333334,0.7453559925000147
184,184,141515,801.0,291.0,390.0,789.0,2.0,1.0,801.6666666666666,790.0,1.666666666666606
185,185,141516,798.0,293.0,339.0,787.0,2.0,1.0,800.3333333333334,789.0,3.282952600598717
186,186,141517,798.0,298.0,251.0,782.0,2.0,1.0,799.0,786.0,3.1622776601683795
187,187,141518,798.0,300.0,273.0,780.0,2.0,1.0,798.0,783.0,2.0
188,188,141519,798.0,299.0,296.0,781.0,2.0,1.0,798.0,781.0,0.3333333333333712
189,189,141520,798.0,299.0,287.0,781.0,2.0,1.0,798.0,780.6666666666666,0.3333333333333712
190,190,141521,798.0,299.0,298.0,781.0,2.0,1.0,798.0,781.0,0.4714045207910853
191,191,141522,799.0,298.0,279.0,782.0,2.0,1.0,798.3333333333334,781.3333333333334,0.4714045207909245
192,192,141523,799.0,298.0,271.0,782.0,2.0,1.0,798.6666666666666,781.6666666666666,0.6666666666667425
193,193,141524,798.0,297.0,288.0,783.0,2.0,1.0,798.6666666666666,782.3333333333334,0.3333333333332575
194,194,141525,799.0,297.0,254.0,783.0,2.0,1.0,798.6666666666666,782.6666666666666,0.6666666666667425
195,195,141526,799.0,296.0,279.0,784.0,2.0,1.0,798.6666666666666,783.3333333333334,0.4714045207910048
196,196,141527,799.0,296.0,323.0,784.0,2.0,1.0,799.0,783.6666666666666,0.6666666666667425
197,197,141528,799.0,295.0,323.0,785.0,2.0,1.0,799.0,784.3333333333334,0.3333333333332575
198,198,141529,799.0,295.0,314.0,785.0,2.0,1.0,799.0,784.6666666666666,0.0
199,199,141530,799.0,296.0,315.0,784.0,2.0,1.0,799.0,784.6666666666666,0.3333333333332575
200,200,141531,799.0,296.0,329.0,784.0,2.0,1.0,799.0,784.3333333333334,0.3333333333333712
201,201,141532,799.0,296.0,351.0,784.0,2.0,1.0,799.0,784.0,0.4714045207910853
202,202,141533,800.0,295.0,323.0,785.0,2.0,1.0,799.3333333333334,784.3333333333334,0.3333333333332575
203,203,141534,800.0,296.0,323.0,784.0,2.0,1.0,799.6666666666666,784.3333333333334,0.3333333333333712
204,204,141535,800.0,296.0,323.0,784.0,2.0,1.0,800.0,784.3333333333334,0.7453559925000147
205,205,141536,801.0,297.0,287.0,783.0,2.0,1.0,800.3333333333334,783.6666666666666,0.7453559924998622
206,206,141537,801.0,298.0,332.0,782.0,2.0,1.0,800.6666666666666,783.0,1.201850425154642
207,207,141538,803.0,298.0,485.0,782.0,2.0,1.0,801.6666666666666,782.3333333333334,1.6996731711976545
208,208,141539,800.0,302.0,403.0,778.0,2.0,1.0,801.3333333333334,780.6666666666666,2.23606797749979
209,209,141540,798.0,304.0,351.0,776.0,2.0,1.0,800.3333333333334,778.6666666666666,3.333333333333394
210,210,141541,795.0,304.0,387.0,776.0,2.0,1.0,797.6666666666666,776.6666666666666,2.687419249432803
211,211,141542,792.0,303.0,344.0,777.0,2.0,1.0,795.0,776.3333333333334,2.357022603955185
212,212,141543,791.0,303.0,330.0,777.0,2.0,1.0,792.6666666666666,776.6666666666666,1.7950549357114942
213,213,141544,790.0,302.0,279.0,778.0,2.0,1.0,791.0,777.3333333333334,1.374368541872572
214,214,141545,788.0,302.0,339.0,778.0,2.0,1.0,789.6666666666666,777.6666666666666,2.0
215,215,141546,791.0,297.0,418.0,783.0,2.0,1.0,789.6666666666666,779.6666666666666,1.6666666666667425
216,216,141547,790.0,297.0,432.0,783.0,2.0,1.0,789.6666666666666,781.3333333333334,2.0
217,217,141548,788.0,296.0,414.0,784.0,2.0,1.0,789.6666666666666,783.3333333333334,1.3743685418724616
218,218,141549,787.0,296.0,374.0,784.0,2.0,1.0,788.3333333333334,783.6666666666666,1.201850425154705
219,219,141550,787.0,295.0,343.0,785.0,2.0,1.0,787.3333333333334,784.3333333333334,0.6666666666667425
220,220,141551,786.0,296.0,249.0,784.0,2.0,1.0,786.6666666666666,784.3333333333334,0.4714045207909245
221,221,141552,786.0,295.0,227.0,785.0,2.0,1.0,786.3333333333334,784.6666666666666,0.3333333333332575
222,222,141553,788.0,295.0,208.0,785.0,2.0,1.0,786.6666666666666,784.6666666666666,1.0
223,223,141554,789.0,296.0,234.0,784.0,2.0,1.0,787.6666666666666,784.6666666666666,1.7950549357115575
224,224,141555,791.0,297.0,204.0,783.0,2.0,1.0,789.3333333333334,784.0,1.943650631615068
225,225,141556,793.0,298.0,203.0,782.0,2.0,1.0,791.0,783.0,0.6666666666666288
226,226,141557,789.0,298.0,218.0,782.0,2.0,1.0,791.0,782.3333333333334,0.7453559924998622
227,227,141558,793.0,296.0,170.0,784.0,2.0,1.0,791.6666666666666,782.6666666666666,4.642796092394728
228,228,141559,806.0,303.0,263.0,777.0,2.0,1.0,796.0,781.0,15.556349186104043
229,229,141560,822.0,331.0,1060.0,749.0,,,807.0,770.0,18.601075237738275
230,230,141561,826.0,341.0,1304.0,739.0,,,818.0,755.0,19.88019673499798
231,231,141562,840.0,352.0,1606.0,728.0,,,829.3333333333334,738.6666666666666,11.352924243950856
232,232,141563,844.0,357.0,1305.0,723.0,,,836.6666666666666,730.0,8.333333333333394
233,233,141564,846.0,356.0,1360.0,724.0,,,843.3333333333334,725.0,2.027587510099413
234,234,141565,846.0,353.0,1308.0,727.0,3.0,1.0,845.3333333333334,724.6666666666666,4.630814663149897
235,235,141566,851.0,345.0,623.0,735.0,3.0,1.0,847.6666666666666,728.6666666666666,3.800584750330533
236,236,141567,849.0,345.0,948.0,735.0,3.0,1.0,848.6666666666666,732.3333333333334,1.490711984999775
237,237,141568,844.0,349.0,1437.0,731.0,3.0,1.0,848.0,733.6666666666666,2.0275875100993943
238,238,141569,845.0,346.0,1182.0,734.0,3.0,1.0,846.0,733.3333333333334,1.201850425154642
239,239,141570,851.0,348.0,1091.0,732.0,3.0,1.0,846.6666666666666,732.3333333333334,2.603416558635528
240,240,141571,850.0,344.0,1072.0,736.0,3.0,1.0,848.6666666666666,734.0,1.8856180831641804
241,241,141572,849.0,342.0,1056.0,738.0,3.0,1.0,850.0,735.3333333333334,2.027587510099413
242,242,141573,850.0,342.0,1114.0,738.0,3.0,1.0,849.6666666666666,737.3333333333334,0.4714045207910048
243,243,141574,851.0,343.0,1100.0,737.0,3.0,1.0,850.0,737.6666666666666,0.9428090415820096
244,244,141575,851.0,344.0,1129.0,736.0,3.0,1.0,850.6666666666666,737.0,1.201850425154705
245,245,141576,852.0,345.0,1095.0,735.0,3.0,1.0,851.3333333333334,736.0,0.3333333333333712
246,246,141577,851.0,344.0,1101.0,736.0,3.0,1.0,851.3333333333334,735.6666666666666,0.0
247,247,141578,851.0,344.0,1120.0,736.0,3.0,1.0,851.3333333333334,735.6666666666666,0.4714045207910853
248,248,141579,851.0,344.0,1114.0,736.0,3.0,1.0,851.0,736.0,2.027587510099413
249,249,141580,852.0,350.0,1094.0,730.0,3.0,1.0,851.3333333333334,734.0,2.0275875100993943
250,250,141581,852.0,350.0,1072.0,730.0,3.0,1.0,851.6666666666666,732.0,2.027587510099413
251,251,141582,852.0,350.0,1120.0,730.0,3.0,1.0,852.0,730.0,0.0
252,252,141583,852.0,350.0,1152.0,730.0,3.0,1.0,852.0,730.0,2.108185106778908
253,253,141584,846.0,348.0,1217.0,732.0,3.0,1.0,850.0,730.6666666666666,1.054092553389436
254,254,141585,855.0,351.0,1148.0,729.0,3.0,1.0,851.0,730.3333333333334,1.8856180831641
255,255,141586,848.0,346.0,1019.0,734.0,3.0,1.0,849.6666666666666,731.6666666666666,0.7453559925000147
256,256,141587,847.0,346.0,1034.0,734.0,3.0,1.0,850.0,732.3333333333334,2.8674417556808844
257,257,141588,848.0,346.0,1063.0,734.0,3.0,1.0,847.6666666666666,734.0,0.0
258,258,141589,848.0,346.0,906.0,734.0,3.0,1.0,847.6666666666666,734.0,0.9428090415820902
259,259,141590,849.0,348.0,982.0,732.0,3.0,1.0,848.3333333333334,733.3333333333334,1.9436506316151647
260,260,141591,851.0,351.0,1066.0,729.0,3.0,1.0,849.3333333333334,731.6666666666666,4.772607021092049
261,261,141592,861.0,352.0,996.0,728.0,3.0,1.0,853.6666666666666,729.6666666666666,4.533823502911829
262,262,141593,862.0,352.0,1002.0,728.0,3.0,1.0,858.0,728.3333333333334,3.726779962499605
263,263,141594,862.0,349.0,969.0,731.0,3.0,1.0,861.6666666666666,729.0,1.3743685418725995
264,264,141595,862.0,348.0,922.0,732.0,3.0,1.0,862.0,730.3333333333334,2.23606797749979
265,265,141596,859.0,346.0,965.0,734.0,3.0,1.0,861.0,732.3333333333334,2.1343747458108724
266,266,141597,857.0,345.0,975.0,735.0,3.0,1.0,859.3333333333334,733.6666666666666,1.201850425154705
267,267,141598,860.0,345.0,912.0,735.0,3.0,1.0,858.6666666666666,734.6666666666666,1.054092553389436
268,268,141599,858.0,343.0,767.0,737.0,3.0,1.0,858.3333333333334,735.6666666666666,1.0
269,269,141600,857.0,342.0,628.0,738.0,3.0,1.0,858.3333333333334,736.6666666666666,1.666666666666697
270,270,141601,856.0,342.0,578.0,738.0,3.0,1.0,857.0,737.6666666666666,0.6666666666666288
271,271,141602,856.0,343.0,612.0,737.0,3.0,1.0,856.3333333333334,737.6666666666666,0.7453559924999638
272,272,141603,855.0,343.0,627.0,737.0,3.0,1.0,855.6666666666666,737.3333333333334,0.4714045207910048
273,273,141604,855.0,343.0,657.0,737.0,3.0,1.0,855.3333333333334,737.0,0.3333333333333712
274,274,141605,855.0,343.0,656.0,737.0,3.0,1.0,855.0,737.0,1.0540925533894718
275,275,141606,858.0,342.0,680.0,738.0,3.0,1.0,856.0,737.3333333333334,0.7453559924999129
276,276,141607,856.0,341.0,636.0,739.0,3.0,1.0,856.3333333333334,738.0,0.7453559924999129
277,277,141608,857.0,342.0,544.0,738.0,3.0,1.0,857.0,738.3333333333334,1.0
278,278,141609,855.0,342.0,672.0,738.0,3.0,1.0,856.0,738.3333333333334,0.4714045207910853
279,279,141610,855.0,342.0,640.0,738.0,3.0,1.0,855.6666666666666,738.0,0.6666666666666288
280,280,141611,855.0,342.0,640.0,738.0,3.0,1.0,855.0,738.0,0.3333333333333712
281,281,141612,854.0,342.0,620.0,738.0,3.0,1.0,854.6666666666666,738.0,0.3333333333332575
282,282,141613,854.0,342.0,620.0,738.0,3.0,1.0,854.3333333333334,738.0,0.9428090415820902
283,283,141614,853.0,344.0,693.0,736.0,3.0,1.0,853.6666666666666,737.3333333333334,0.6666666666667425
284,284,141615,854.0,344.0,684.0,736.0,3.0,1.0,853.6666666666666,736.6666666666666,0.7453559924999129
285,285,141616,852.0,341.0,748.0,739.0,3.0,1.0,853.0,737.0,1.3743685418725995
286,286,141617,852.0,340.0,735.0,740.0,3.0,1.0,852.6666666666666,738.3333333333334,1.3743685418724616
287,287,141618,853.0,340.0,735.0,740.0,3.0,1.0,852.3333333333334,739.6666666666666,0.4714045207910853
288,288,141619,851.0,340.0,778.0,740.0,3.0,1.0,852.0,740.0,0.4714045207910853
289,289,141620,851.0,339.0,802.0,741.0,3.0,1.0,851.6666666666666,740.3333333333334,0.7453559924998622
290,290,141621,852.0,338.0,790.0,742.0,3.0,1.0,851.3333333333334,741.0,1.7950549357114522
291,291,141622,853.0,335.0,739.0,745.0,3.0,1.0,852.0,742.6666666666666,2.403700850309347
292,292,141623,855.0,333.0,608.0,747.0,3.0,1.0,853.3333333333334,744.6666666666666,2.108185106778908
293,293,141624,854.0,332.0,650.0,748.0,3.0,1.0,854.0,746.6666666666666,1.201850425154642
294,294,141625,855.0,332.0,633.0,748.0,3.0,1.0,854.6666666666666,747.6666666666666,0.7453559925000147
295,295,141626,856.0,331.0,578.0,749.0,3.0,1.0,855.0,748.3333333333334,0.7453559924998622
296,296,141627,856.0,331.0,591.0,749.0,3.0,1.0,855.6666666666666,748.6666666666666,0.7453559925000147
297,297,141628,856.0,330.0,534.0,750.0,3.0,1.0,856.0,749.3333333333334,0.0
298,298,141629,856.0,331.0,632.0,749.0,3.0,1.0,856.0,749.3333333333334,0.3333333333333712
299,299,141630,855.0,331.0,582.0,749.0,3.0,1.0,855.6666666666666,749.3333333333334,0.4714045207910048
300,300,141631,855.0,331.0,575.0,749.0,3.0,1.0,855.3333333333334,749.0,0.3333333333333712
301,301,141632,855.0,331.0,578.0,749.0,3.0,1.0,855.0,749.0,0.4714045207910853
302,302,141633,854.0,330.0,561.0,750.0,3.0,1.0,854.6666666666666,749.3333333333334,0.7453559924998622
303,303,141634,854.0,329.0,564.0,751.0,3.0,1.0,854.3333333333334,750.0,0.4714045207910853
304,304,141635,854.0,330.0,585.0,750.0,3.0,1.0,854.0,750.3333333333334,0.4714045207910048
305,305,141636,853.0,329.0,569.0,751.0,3.0,1.0,853.6666666666666,750.6666666666666,0.3333333333333712
306,306,141637,854.0,328.0,495.0,752.0,3.0,1.0,853.6666666666666,751.0,1.0
307,307,141638,854.0,327.0,477.0,753.0,3.0,1.0,853.6666666666666,752.0,1.6996731711975652
308,308,141639,854.0,324.0,465.0,756.0,3.0,1.0,854.0,753.6666666666666,1.3333333333333712
309,309,141640,854.0,324.0,450.0,756.0,3.0,1.0,854.0,755.0,1.3333333333333712
310,310,141641,854.0,323.0,435.0,757.0,3.0,1.0,854.0,756.3333333333334,0.6666666666666288
311,311,141642,854.0,322.0,456.0,758.0,3.0,1.0,854.0,757.0,1.0540925533894718
312,312,141643,853.0,321.0,435.0,759.0,3.0,1.0,853.6666666666666,758.0,0.6666666666666288
313,313,141644,854.0,321.0,406.0,759.0,3.0,1.0,853.6666666666666,758.6666666666666,0.3333333333333712
314,314,141645,854.0,321.0,435.0,759.0,3.0,1.0,853.6666666666666,759.0,0.3333333333333712
315,315,141646,854.0,321.0,435.0,759.0,3.0,1.0,854.0,759.0,0.0
316,316,141647,854.0,321.0,406.0,759.0,3.0,1.0,854.0,759.0,0.3333333333333712
317,317,141648,853.0,321.0,435.0,759.0,3.0,1.0,853.6666666666666,759.0,0.0
318,318,141649,854.0,321.0,464.0,759.0,3.0,1.0,853.6666666666666,759.0,0.3333333333333712
319,319,141650,855.0,321.0,469.0,759.0,3.0,1.0,854.0,759.0,0.6666666666666288
320,320,141651,855.0,321.0,437.0,759.0,3.0,1.0,854.6666666666666,759.0,0.3333333333333712
321,321,141652,855.0,321.0,449.0,759.0,3.0,1.0,855.0,759.0,0.7453559924999129
322,322,141653,857.0,322.0,356.0,758.0,3.0,1.0,855.6666666666666,758.6666666666666,0.3333333333333712
323,323,141654,856.0,321.0,324.0,759.0,3.0,1.0,856.0,758.6666666666666,0.3333333333333712
324,324,141655,855.0,320.0,336.0,760.0,3.0,1.0,856.0,759.0,0.9428090415820096
325,325,141656,855.0,320.0,359.0,760.0,3.0,1.0,855.3333333333334,759.6666666666666,0.3333333333333712
326,326,141657,856.0,320.0,347.0,760.0,3.0,1.0,855.3333333333334,760.0,0.4714045207910048
327,327,141658,856.0,319.0,345.0,761.0,3.0,1.0,855.6666666666666,760.3333333333334,0.4714045207910048
328,328,141659,856.0,319.0,342.0,761.0,3.0,1.0,856.0,760.6666666666666,0.4714045207910853
329,329,141660,855.0,319.0,382.0,761.0,3.0,1.0,855.6666666666666,761.0,0.3333333333332575
330,330,141661,855.0,319.0,354.0,761.0,3.0,1.0,855.3333333333334,761.0,0.3333333333333712
331,331,141662,855.0,319.0,388.0,761.0,3.0,1.0,855.0,761.0,0.4714045207910853
332,332,141663,856.0,318.0,397.0,762.0,3.0,1.0,855.3333333333334,761.3333333333334,0.4714045207909245
333,333,141664,856.0,318.0,417.0,762.0,3.0,1.0,855.6666666666666,761.6666666666666,0.9428090415821706
334,334,141665,857.0,317.0,426.0,763.0,3.0,1.0,856.3333333333334,762.3333333333334,0.9428090415820096
335,335,141666,858.0,316.0,415.0,764.0,3.0,1.0,857.0,763.0,1.201850425154642
336,336,141667,859.0,316.0,433.0,764.0,3.0,1.0,858.0,763.6666666666666,0.4714045207910853
337,337,141668,858.0,316.0,456.0,764.0,3.0,1.0,858.3333333333334,764.0,0.3333333333333712
338,338,141669,858.0,317.0,451.0,763.0,3.0,1.0,858.3333333333334,763.6666666666666,0.0
339,339,141670,859.0,316.0,455.0,764.0,3.0,1.0,858.3333333333334,763.6666666666666,0.4714045207909245
340,340,141671,859.0,317.0,462.0,763.0,3.0,1.0,858.6666666666666,763.3333333333334,0.3333333333333712
341,341,141672,859.0,317.0,471.0,763.0,3.0,1.0,859.0,763.3333333333334,0.4714045207910853
342,342,141673,858.0,317.0,493.0,763.0,3.0,1.0,858.6666666666666,763.0,0.6666666666666288
343,343,141674,857.0,317.0,499.0,763.0,3.0,1.0,858.0,763.0,0.9428090415820096
344,344,141675,857.0,319.0,456.0,761.0,3.0,1.0,857.3333333333334,762.3333333333334,0.4714045207910853
345,345,141676,857.0,318.0,443.0,762.0,3.0,1.0,857.0,762.0,0.0
346,346,141677,857.0,317.0,492.0,763.0,3.0,1.0,857.0,762.0,0.4714045207910853
347,347,141678,856.0,318.0,479.0,762.0,3.0,1.0,856.6666666666666,762.3333333333334,0.3333333333332575
348,348,141679,856.0,318.0,476.0,762.0,3.0,1.0,856.3333333333334,762.3333333333334,0.3333333333333712
349,349,141680,857.0,318.0,479.0,762.0,3.0,1.0,856.3333333333334,762.0,0.4714045207910048
350,350,141681,857.0,317.0,512.0,763.0,3.0,1.0,856.6666666666666,762.3333333333334,1.201850425154705
351,351,141682,858.0,315.0,512.0,765.0,3.0,1.0,857.3333333333334,763.3333333333334,1.054092553389436
352,352,141683,858.0,315.0,499.0,765.0,3.0,1.0,857.6666666666666,764.3333333333334,1.0540925533894718
353,353,141684,858.0,314.0,499.0,766.0,3.0,1.0,858.0,765.3333333333334,0.0
354,354,141685,858.0,315.0,467.0,765.0,3.0,1.0,858.0,765.3333333333334,0.3333333333332575
355,355,141686,858.0,314.0,485.0,766.0,3.0,1.0,858.0,765.6666666666666,0.4714045207910048
356,356,141687,859.0,315.0,436.0,765.0,3.0,1.0,858.3333333333334,765.3333333333334,0.4714045207909245
357,357,141688,859.0,314.0,455.0,766.0,3.0,1.0,858.6666666666666,765.6666666666666,0.0
358,358,141689,858.0,314.0,436.0,766.0,3.0,1.0,858.6666666666666,765.6666666666666,0.4714045207910048
359,359,141690,858.0,314.0,443.0,766.0,3.0,1.0,858.3333333333334,766.0,0.3333333333333712
360,360,141691,858.0,314.0,443.0,766.0,3.0,1.0,858.0,766.0,0.0
361,361,141692,858.0,314.0,455.0,766.0,3.0,1.0,858.0,766.0,0.4714045207910853
362,362,141693,857.0,315.0,470.0,765.0,3.0,1.0,857.6666666666666,765.6666666666666,0.0
363,363,141694,858.0,314.0,431.0,766.0,3.0,1.0,857.6666666666666,765.6666666666666,0.7453559924999638
364,364,141695,860.0,315.0,448.0,765.0,3.0,1.0,858.3333333333334,765.3333333333334,1.0
365,365,141696,860.0,315.0,459.0,765.0,3.0,1.0,859.3333333333334,765.3333333333334,0.7453559924999129
366,366,141697,860.0,315.0,445.0,765.0,3.0,1.0,860.0,765.0,0.4714045207910853
367,367,141698,859.0,316.0,456.0,764.0,3.0,1.0,859.6666666666666,764.6666666666666,0.3333333333332575
368,368,141699,859.0,315.0,433.0,765.0,3.0,1.0,859.3333333333334,764.6666666666666,0.3333333333333712
369,369,141700,859.0,315.0,453.0,765.0,3.0,1.0,859.0,764.6666666666666,0.3333333333333712
370,370,141701,859.0,315.0,465.0,765.0,3.0,1.0,859.0,765.0,0.4714045207910853
371,371,141702,858.0,314.0,473.0,766.0,3.0,1.0,858.6666666666666,765.3333333333334,0.3333333333332575
372,372,141703,858.0,315.0,474.0,765.0,3.0,1.0,858.3333333333334,765.3333333333334,0.3333333333333712
373,373,141704,858.0,315.0,462.0,765.0,3.0,1.0,858.0,765.3333333333334,0.3333333333333712
374,374,141705,858.0,315.0,467.0,765.0,3.0,1.0,858.0,765.0,0.3333333333333712
375,375,141706,858.0,314.0,464.0,766.0,3.0,1.0,858.0,765.3333333333334,0.7453559924998622
376,376,141707,860.0,314.0,484.0,766.0,3.0,1.0,858.6666666666666,765.6666666666666,0.9428090415821706
377,377,141708,860.0,313.0,483.0,767.0,3.0,1.0,859.3333333333334,766.3333333333334,1.3743685418724616
378,378,141709,862.0,313.0,556.0,767.0,3.0,1.0,860.6666666666666,766.6666666666666,1.3743685418725995
379,379,141710,864.0,313.0,575.0,767.0,3.0,1.0,862.0,767.0,1.3333333333333712
380,380,141711,864.0,313.0,551.0,767.0,3.0,1.0,863.3333333333334,767.0,1.0
381,381,141712,865.0,313.0,588.0,767.0,3.0,1.0,864.3333333333334,767.0,0.4714045207910048
382,382,141713,865.0,314.0,583.0,766.0,3.0,1.0,864.6666666666666,766.6666666666666,0.6666666666667425
383,383,141714,866.0,313.0,550.0,767.0,3.0,1.0,865.3333333333334,766.6666666666666,0.4714045207909245
384,384,141715,866.0,314.0,588.0,766.0,3.0,1.0,865.6666666666666,766.3333333333334,0.6666666666666288
385,385,141716,865.0,312.0,556.0,768.0,3.0,1.0,865.6666666666666,767.0,0.3333333333333712
386,386,141717,866.0,312.0,562.0,768.0,3.0,1.0,865.6666666666666,767.3333333333334,1.0540925533894718
387,387,141718,867.0,311.0,591.0,769.0,3.0,1.0,866.0,768.3333333333334,1.374368541872572
388,388,141719,869.0,311.0,678.0,769.0,3.0,1.0,867.3333333333334,768.6666666666666,1.0540925533894718
389,389,141720,869.0,311.0,670.0,769.0,3.0,1.0,868.3333333333334,769.0,1.0540925533894718
390,390,141721,870.0,310.0,648.0,770.0,3.0,1.0,869.3333333333334,769.3333333333334,0.4714045207909245
391,391,141722,870.0,310.0,672.0,770.0,3.0,1.0,869.6666666666666,769.6666666666666,0.7453559924999638
392,392,141723,868.0,309.0,691.0,771.0,3.0,1.0,869.3333333333334,770.3333333333334,0.3333333333333712
393,393,141724,869.0,310.0,694.0,770.0,3.0,1.0,869.0,770.3333333333334,0.4714045207910853
394,394,141725,869.0,311.0,678.0,769.0,3.0,1.0,868.6666666666666,770.0,0.6666666666666288
395,395,141726,868.0,311.0,649.0,769.0,3.0,1.0,868.6666666666666,769.3333333333334,0.4714045207910048
396,396,141727,868.0,311.0,646.0,769.0,3.0,1.0,868.3333333333334,769.0,0.3333333333332575
397,397,141728,870.0,311.0,647.0,769.0,3.0,1.0,868.6666666666666,769.0,0.3333333333333712
398,398,141729,869.0,311.0,622.0,769.0,3.0,1.0,869.0,769.0,0.3333333333333712
399,399,141730,869.0,311.0,620.0,769.0,3.0,1.0,869.3333333333334,769.0,1.0
400,400,141731,867.0,311.0,598.0,769.0,3.0,1.0,868.3333333333334,769.0,0.6666666666667425
401,401,141732,867.0,311.0,599.0,769.0,3.0,1.0,867.6666666666666,769.0,0.0
402,402,141733,869.0,311.0,630.0,769.0,3.0,1.0,867.6666666666666,769.0,0.3333333333333712
403,403,141734,867.0,310.0,620.0,770.0,3.0,1.0,867.6666666666666,769.3333333333334,0.3333333333332575
404,404,141735,867.0,310.0,648.0,770.0,3.0,1.0,867.6666666666666,769.6666666666666,0.7453559924999129
405,405,141736,867.0,310.0,674.0,770.0,3.0,1.0,867.0,770.0,1.0540925533894718
406,406,141737,870.0,311.0,648.0,769.0,3.0,1.0,868.0,769.6666666666666,1.054092553389436
407,407,141738,870.0,311.0,658.0,769.0,3.0,1.0,869.0,769.3333333333334,1.0
408,408,141739,870.0,310.0,656.0,770.0,3.0,1.0,870.0,769.3333333333334,0.3333333333333712
409,409,141740,871.0,311.0,687.0,769.0,3.0,1.0,870.3333333333334,769.3333333333334,1.3743685418724891
410,410,141741,874.0,312.0,829.0,768.0,3.0,1.0,871.6666666666666,769.0,1.666666666666697
411,411,141742,873.0,314.0,715.0,766.0,3.0,1.0,872.6666666666666,767.6666666666666,2.8674417556808844
412,412,141743,878.0,316.0,674.0,764.0,3.0,1.0,875.0,766.0,1.0540925533894718
413,413,141744,873.0,315.0,639.0,765.0,3.0,1.0,874.6666666666666,765.0,0.7453559924998622
414,414,141745,872.0,316.0,602.0,764.0,3.0,1.0,874.3333333333334,764.3333333333334,2.027587510099413
415,415,141746,872.0,317.0,589.0,763.0,3.0,1.0,872.3333333333334,764.0,0.7453559924999129
416,416,141747,872.0,317.0,560.0,763.0,3.0,1.0,872.0,763.3333333333334,1.3333333333333712
417,417,141748,872.0,320.0,504.0,760.0,3.0,1.0,872.0,762.0,1.201850425154642
418,418,141749,874.0,320.0,539.0,760.0,3.0,1.0,872.6666666666666,761.0,1.201850425154705
419,419,141750,874.0,320.0,515.0,760.0,3.0,1.0,873.3333333333334,760.0,0.6666666666666288
420,420,141751,874.0,320.0,488.0,760.0,3.0,1.0,874.0,760.0,0.7453559924999129
421,421,141752,872.0,319.0,485.0,761.0,3.0,1.0,873.3333333333334,760.3333333333334,0.6666666666667425
422,422,141753,872.0,320.0,548.0,760.0,3.0,1.0,872.6666666666666,760.3333333333334,0.9428090415820096
423,423,141754,872.0,318.0,522.0,762.0,3.0,1.0,872.0,761.0,0.4714045207910853
424,424,141755,873.0,318.0,612.0,762.0,3.0,1.0,872.3333333333334,761.3333333333334,1.201850425154642
425,425,141756,874.0,317.0,605.0,763.0,3.0,1.0,873.0,762.3333333333334,0.4714045207910048
426,426,141757,873.0,317.0,625.0,763.0,3.0,1.0,873.3333333333334,762.6666666666666,0.3333333333333712
427,427,141758,873.0,317.0,606.0,763.0,3.0,1.0,873.3333333333334,763.0,0.6666666666667425
428,428,141759,872.0,317.0,551.0,763.0,3.0,1.0,872.6666666666666,763.0,0.4714045207910048
429,429,141760,872.0,318.0,551.0,762.0,3.0,1.0,872.3333333333334,762.6666666666666,0.4714045207910048
430,430,141761,872.0,318.0,570.0,762.0,3.0,1.0,872.0,762.3333333333334,0.0
431,431,141762,872.0,317.0,542.0,763.0,3.0,1.0,872.0,762.3333333333334,0.6666666666666288
432,432,141763,872.0,316.0,553.0,764.0,3.0,1.0,872.0,763.0,0.3333333333333712
433,433,141764,872.0,317.0,541.0,763.0,3.0,1.0,872.0,763.3333333333334,1.0540925533894718
434,434,141765,875.0,318.0,544.0,762.0,3.0,1.0,873.0,763.0,1.4142135623730951
435,435,141766,875.0,319.0,575.0,761.0,3.0,1.0,874.0,762.0,1.4142135623730951
436,436,141767,875.0,320.0,599.0,760.0,3.0,1.0,875.0,761.0,0.7453559924999129
437,437,141768,876.0,320.0,532.0,760.0,3.0,1.0,875.3333333333334,760.3333333333334,0.9428090415821706
438,438,141769,873.0,321.0,494.0,759.0,3.0,1.0,874.6666666666666,759.6666666666666,0.6666666666666288
439,439,141770,875.0,322.0,505.0,758.0,3.0,1.0,874.6666666666666,759.0,1.201850425154642
440,440,141771,874.0,323.0,427.0,757.0,3.0,1.0,874.0,758.0,1.0
441,441,141772,873.0,324.0,417.0,756.0,3.0,1.0,874.0,757.0,0.9428090415820096
442,442,141773,873.0,324.0,389.0,756.0,3.0,1.0,873.3333333333334,756.3333333333334,0.4714045207910853
443,443,141774,873.0,324.0,390.0,756.0,3.0,1.0,873.0,756.0,0.3333333333333712
444,444,141775,873.0,323.0,383.0,757.0,3.0,1.0,873.0,756.3333333333334,0.3333333333332575
445,445,141776,873.0,323.0,362.0,757.0,3.0,1.0,873.0,756.6666666666666,0.3333333333333712
446,446,141777,873.0,323.0,360.0,757.0,3.0,1.0,873.0,757.0,0.0
447,447,141778,873.0,323.0,345.0,757.0,3.0,1.0,873.0,757.0,0.0
448,448,141779,873.0,323.0,345.0,757.0,3.0,1.0,873.0,757.0,0.0
449,449,141780,873.0,323.0,345.0,757.0,3.0,1.0,873.0,757.0,0.3333333333333712
450,450,141781,874.0,323.0,368.0,757.0,3.0,1.0,873.3333333333334,757.0,0.3333333333332575
451,451,141782,874.0,323.0,368.0,757.0,3.0,1.0,873.6666666666666,757.0,0.4714045207910853
452,452,141783,874.0,324.0,384.0,756.0,3.0,1.0,874.0,756.6666666666666,0.3333333333332575
453,453,141784,874.0,324.0,384.0,756.0,3.0,1.0,874.0,756.3333333333334,0.0
454,454,141785,874.0,323.0,368.0,757.0,3.0,1.0,874.0,756.3333333333334,0.7453559924998622
455,455,141786,872.0,323.0,366.0,757.0,3.0,1.0,873.3333333333334,756.6666666666666,1.374368541872572
456,456,141787,870.0,325.0,380.0,755.0,3.0,1.0,872.0,756.3333333333334,1.7950549357114942
457,457,141788,869.0,325.0,400.0,755.0,3.0,1.0,870.3333333333334,755.6666666666666,1.6996731711976545
458,458,141789,867.0,324.0,441.0,756.0,3.0,1.0,868.6666666666666,755.3333333333334,1.6996731711975652
459,459,141790,865.0,326.0,417.0,754.0,3.0,1.0,867.0,755.0,1.0540925533894718
460,460,141791,866.0,326.0,447.0,754.0,3.0,1.0,866.0,754.6666666666666,0.4714045207910048
461,461,141792,866.0,325.0,420.0,755.0,3.0,1.0,865.6666666666666,754.3333333333334,0.3333333333332575
462,462,141793,864.0,326.0,377.0,754.0,3.0,1.0,865.3333333333334,754.3333333333334,0.9428090415821706
463,463,141794,864.0,328.0,324.0,752.0,3.0,1.0,864.6666666666666,753.6666666666666,1.8856180831640197
464,464,141795,862.0,329.0,329.0,751.0,3.0,1.0,863.3333333333334,752.3333333333334,1.4907119849999275
465,465,141796,862.0,330.0,311.0,750.0,3.0,1.0,862.6666666666666,751.0,1.0540925533894718
466,466,141797,861.0,329.0,263.0,751.0,3.0,1.0,861.6666666666666,750.6666666666666,0.7453559924999129
467,467,141798,860.0,328.0,252.0,752.0,3.0,1.0,861.0,751.0,0.3333333333333712
468,468,141799,861.0,330.0,279.0,750.0,3.0,1.0,860.6666666666666,751.0,0.7453559924999129
469,469,141800,859.0,328.0,259.0,752.0,3.0,1.0,860.0,751.3333333333334,0.7453559924999129
470,470,141801,858.0,329.0,277.0,751.0,3.0,1.0,859.3333333333334,751.0,0.6666666666667425
471,471,141802,859.0,330.0,269.0,750.0,3.0,1.0,858.6666666666666,751.0,0.4714045207910048
472,472,141803,858.0,329.0,256.0,751.0,3.0,1.0,858.3333333333334,750.6666666666666,0.0
473,473,141804,858.0,329.0,256.0,751.0,3.0,1.0,858.3333333333334,750.6666666666666,0.3333333333333712
474,474,141805,858.0,330.0,229.0,750.0,3.0,1.0,858.0,750.6666666666666,0.3333333333332575
475,475,141806,858.0,330.0,211.0,750.0,3.0,1.0,858.0,750.3333333333334,0.4714045207910853
476,476,141807,857.0,330.0,195.0,750.0,3.0,1.0,857.6666666666666,750.0,1.054092553389436
477,477,141808,857.0,333.0,203.0,747.0,3.0,1.0,857.3333333333334,749.0,1.3333333333333712
478,478,141809,858.0,334.0,277.0,746.0,3.0,1.0,857.3333333333334,747.6666666666666,1.054092553389436
479,479,141810,858.0,333.0,264.0,747.0,3.0,1.0,857.6666666666666,746.6666666666666,0.4714045207910853
480,480,141811,858.0,332.0,221.0,748.0,3.0,1.0,858.0,747.0,0.7453559924999129
481,481,141812,859.0,332.0,244.0,748.0,3.0,1.0,858.3333333333334,747.6666666666666,1.3333333333333712
482,482,141813,858.0,329.0,179.0,751.0,3.0,1.0,858.3333333333334,749.0,1.6996731711975652
483,483,141814,857.0,327.0,177.0,753.0,3.0,1.0,858.0,750.6666666666666,3.282952600598717
484,484,141815,855.0,323.0,202.0,757.0,3.0,1.0,856.6666666666666,753.6666666666666,2.4267032964268656
485,485,141816,856.0,322.0,224.0,758.0,3.0,1.0,856.0,756.0,2.0
486,486,141817,857.0,321.0,216.0,759.0,3.0,1.0,856.0,758.0,0.7453559924999129
487,487,141818,856.0,321.0,202.0,759.0,3.0,1.0,856.3333333333334,758.6666666666666,0.3333333333333712
488,488,141819,856.0,321.0,159.0,759.0,3.0,1.0,856.3333333333334,759.0,1.201850425154642
489,489,141820,860.0,323.0,202.0,757.0,3.0,1.0,857.3333333333334,758.3333333333334,2.134374745810944
490,490,141821,861.0,325.0,194.0,755.0,3.0,1.0,859.0,757.0,2.403700850309347
491,491,141822,860.0,327.0,200.0,753.0,3.0,1.0,860.3333333333334,755.0,0.7453559924999129
492,492,141823,859.0,321.0,208.0,759.0,3.0,1.0,860.0,755.6666666666666,3.726779962499666
493,493,141824,866.0,315.0,144.0,765.0,3.0,1.0,861.6666666666666,759.0,8.517954892787143
494,494,141825,882.0,314.0,185.0,766.0,3.0,1.0,869.0,763.3333333333334,16.996731711975897
495,495,141826,909.0,311.0,1069.0,769.0,3.0,1.0,885.6666666666666,766.6666666666666,22.482091638556405
496,496,141827,931.0,333.0,1597.0,747.0,3.0,1.0,907.3333333333334,760.6666666666666,29.21377148614063
497,497,141828,966.0,339.0,1134.0,741.0,3.0,1.0,935.3333333333334,752.3333333333334,32.744804507314115
498,498,141829,1000.0,348.0,2015.0,732.0,3.0,1.0,965.6666666666666,740.0,36.9519207138742
499,499,141830,1039.0,358.0,687.0,722.0,,,1001.6666666666666,731.6666666666666,36.93989111456012
500,500,141831,1075.0,359.0,959.0,721.0,,,1038.0,725.0,38.36954811073772
501,501,141832,1115.0,343.0,550.0,737.0,,,1076.3333333333333,726.6666666666666,38.07740654100402
502,502,141833,1146.0,318.0,330.0,762.0,,,1112.0,740.0,41.135278182007184
503,503,141834,1173.0,284.0,368.0,796.0,,,1144.6666666666667,765.0,41.71996591028747
504,504,141835,1203.0,254.0,702.0,826.0,,,1174.0,794.6666666666666,38.70113406320004
505,505,141836,1224.0,232.0,980.0,848.0,,,1200.0,823.3333333333334,35.18364519046998
506,506,141837,1252.0,214.0,913.0,866.0,,,1226.3333333333333,846.6666666666666,29.30680618711117
507,507,141838,1276.0,205.0,1225.0,875.0,,,1250.6666666666667,863.0,26.88452673523888
508,508,141839,1300.0,205.0,1456.0,875.0,,,1276.0,872.0,21.676920650518888
509,509,141840,1317.0,212.0,1472.0,868.0,,,1297.6666666666667,872.6666666666666,20.97882530341273
510,510,141841,1336.0,224.0,1588.0,856.0,,,1317.6666666666667,866.3333333333334,15.380362660079076
511,511,141842,1340.0,228.0,1783.0,852.0,,,1331.0,858.6666666666666,10.354816378006088
512,512,141843,1343.0,229.0,2005.0,851.0,,,1339.6666666666667,853.0,4.176654695380423
513,513,141844,1347.0,230.0,1298.0,850.0,,,1343.3333333333333,851.0,5.374838498865846
514,514,141845,1356.0,226.0,1327.0,854.0,,,1348.6666666666667,851.6666666666666,7.031674369909658
515,515,141846,1364.0,231.0,1347.0,849.0,,,1355.6666666666667,851.0,9.386751893552407
516,516,141847,1375.0,233.0,1283.0,847.0,,,1365.0,850.0,7.195677714974292
517,517,141848,1377.0,231.0,1322.0,849.0,,,1372.0,848.3333333333334,6.4721626129824665
518,518,141849,1383.0,235.0,1229.0,845.0,,,1378.3333333333333,847.0,4.642796092394835
519,519,141850,1388.0,228.0,984.0,852.0,,,1382.6666666666667,848.6666666666666,6.128258770283286
520,520,141851,1394.0,224.0,1093.0,856.0,,,1388.3333333333333,851.0,5.2068331172712
521,521,141852,1393.0,223.0,1095.0,857.0,,,1391.6666666666667,855.0,3.887301263230136
522,522,141853,1398.0,222.0,1037.0,858.0,,,1395.0,857.0,3.333333333333394
523,523,141854,1402.0,218.0,910.0,862.0,,,1397.6666666666667,859.0,5.897268670984738
524,524,141855,1405.0,210.0,990.0,870.0,,,1401.6666666666667,863.3333333333334,7.401201103724794
525,525,141856,1411.0,204.0,745.0,876.0,,,1406.0,869.3333333333334,6.1282587702833045
526,526,141857,1415.0,205.0,607.0,875.0,,,1410.3333333333333,873.6666666666666,4.642796092394835
527,527,141858,1418.0,215.0,947.0,865.0,,,1414.6666666666667,872.0,5.934831271588143
528,528,141859,1425.0,215.0,1325.0,865.0,,,1419.3333333333333,868.3333333333334,6.20035841257947
529,529,141860,1430.0,216.0,1433.0,864.0,9.0,1.0,1424.3333333333333,864.6666666666666,4.384315479322113
530,530,141861,1431.0,217.0,1474.0,863.0,9.0,1.0,1428.6666666666667,864.0,2.867441755680792
531,531,141862,1432.0,220.0,1563.0,860.0,9.0,1.0,1431.0,862.3333333333334,3.1622776601683795
532,532,141863,1427.0,225.0,1099.0,855.0,9.0,1.0,1430.0,859.3333333333334,1.6996731711976545
533,533,141864,1432.0,222.0,1004.0,858.0,9.0,1.0,1430.3333333333333,857.6666666666666,3.77123616632812
534,534,141865,1424.0,228.0,1404.0,852.0,9.0,1.0,1427.6666666666667,855.0,3.144660377352245
535,535,141866,1419.0,230.0,1725.0,850.0,9.0,1.0,1425.0,853.3333333333334,4.95535624910625
536,536,141867,1421.0,232.0,1363.0,848.0,9.0,1.0,1421.3333333333333,850.0,0.7453559924998622
537,537,141868,1423.0,226.0,1239.0,854.0,9.0,1.0,1421.0,850.6666666666666,3.0
538,538,141869,1428.0,230.0,922.0,850.0,9.0,1.0,1424.0,850.6666666666666,2.134374745810961
539,539,141870,1425.0,227.0,1213.0,853.0,9.0,1.0,1425.3333333333333,852.3333333333334,1.4142135623730951
540,540,141871,1426.0,229.0,1118.0,851.0,9.0,1.0,1426.3333333333333,851.3333333333334,1.3743685418724616
541,541,141872,1424.0,229.0,1372.0,851.0,9.0,1.0,1425.0,851.6666666666666,0.7453559924998622
542,542,141873,1424.0,229.0,1241.0,851.0,9.0,1.0,1424.6666666666667,851.0,0.3333333333334849
543,543,141874,1425.0,229.0,1106.0,851.0,9.0,1.0,1424.3333333333333,851.0,0.4714045207911657
544,544,141875,1425.0,228.0,937.0,852.0,9.0,1.0,1424.6666666666667,851.3333333333334,0.6666666666667425
545,545,141876,1424.0,231.0,1224.0,849.0,9.0,1.0,1424.6666666666667,850.6666666666666,0.6666666666666288
546,546,141877,1425.0,231.0,1094.0,849.0,9.0,1.0,1424.6666666666667,850.0,1.4907119849998258
547,547,141878,1427.0,232.0,1085.0,848.0,9.0,1.0,1425.3333333333333,848.6666666666666,0.9428090415820902
548,548,141879,1426.0,233.0,1059.0,847.0,9.0,1.0,1426.0,848.0,0.7453559924998622
549,549,141880,1426.0,233.0,1104.0,847.0,9.0,1.0,1426.3333333333333,847.3333333333334,0.9428090415820096
550,550,141881,1425.0,234.0,1105.0,846.0,9.0,1.0,1425.6666666666667,846.6666666666666,0.3333333333334849
551,551,141882,1425.0,233.0,1136.0,847.0,9.0,1.0,1425.3333333333333,846.6666666666666,0.4714045207910048
552,552,141883,1425.0,232.0,1125.0,848.0,9.0,1.0,1425.0,847.0,0.4714045207910048
553,553,141884,1426.0,233.0,1162.0,847.0,9.0,1.0,1425.3333333333333,847.3333333333334,0.3333333333333712
554,554,141885,1425.0,234.0,1157.0,846.0,9.0,1.0,1425.3333333333333,847.0,1.4907119849998258
555,555,141886,1423.0,228.0,1258.0,852.0,9.0,1.0,1424.6666666666667,848.3333333333334,0.4714045207911657
556,556,141887,1425.0,234.0,1283.0,846.0,9.0,1.0,1424.3333333333333,848.0,2.108185106778872
557,557,141888,1423.0,228.0,1309.0,852.0,9.0,1.0,1423.6666666666667,850.0,2.687419249432803
558,558,141889,1430.0,224.0,824.0,856.0,9.0,1.0,1426.0,851.3333333333334,3.333333333333303
559,559,141890,1431.0,226.0,1009.0,854.0,9.0,1.0,1428.0,854.0,1.3743685418724891
560,560,141891,1427.0,227.0,1157.0,853.0,9.0,1.0,1429.3333333333333,854.3333333333334,2.0
561,561,141892,1430.0,230.0,1088.0,850.0,9.0,1.0,1429.3333333333333,852.3333333333334,1.3333333333332575
562,562,141893,1427.0,226.0,1196.0,854.0,9.0,1.0,1428.0,852.3333333333334,0.3333333333332575
563,563,141894,1427.0,226.0,1170.0,854.0,9.0,1.0,1428.0,852.6666666666666,1.4907119849999275
564,564,141895,1428.0,226.0,1169.0,854.0,9.0,1.0,1427.3333333333333,854.0,0.7453559924999638
565,565,141896,1428.0,228.0,1156.0,852.0,9.0,1.0,1427.6666666666667,853.3333333333334,0.3333333333332575
566,566,141897,1428.0,226.0,1146.0,854.0,9.0,1.0,1428.0,853.3333333333334,0.0
567,567,141898,1428.0,226.0,1160.0,854.0,9.0,1.0,1428.0,853.3333333333334,0.3333333333332575
568,568,141899,1428.0,227.0,1243.0,853.0,9.0,1.0,1428.0,853.6666666666666,2.108185106778944
569,569,141900,1434.0,224.0,1023.0,856.0,9.0,1.0,1430.0,854.3333333333334,2.134374745810961
570,570,141901,1433.0,222.0,1148.0,858.0,9.0,1.0,1431.6666666666667,855.6666666666666,2.134374745810855
571,571,141902,1433.0,223.0,1085.0,857.0,9.0,1.0,1433.3333333333333,857.0,1.201850425154642
572,572,141903,1431.0,226.0,893.0,854.0,9.0,1.0,1432.3333333333333,856.3333333333334,0.4714045207911657
573,573,141904,1434.0,223.0,893.0,857.0,9.0,1.0,1432.6666666666667,856.0,0.3333333333332575
574,574,141905,1434.0,223.0,914.0,857.0,9.0,1.0,1433.0,856.0,0.7453559925000147
575,575,141906,1433.0,225.0,893.0,855.0,9.0,1.0,1433.6666666666667,856.3333333333334,1.374368541872627
576,576,141907,1433.0,227.0,885.0,853.0,9.0,1.0,1433.3333333333333,855.0,1.4907119849999275
577,577,141908,1436.0,227.0,643.0,853.0,9.0,1.0,1434.0,853.6666666666666,1.4907119849998258
578,578,141909,1435.0,229.0,579.0,851.0,9.0,1.0,1434.6666666666667,852.3333333333334,0.9428090415820096
579,579,141910,1435.0,229.0,627.0,851.0,9.0,1.0,1435.3333333333333,851.6666666666666,0.7453559925000147
580,580,141911,1438.0,226.0,481.0,854.0,9.0,1.0,1436.0,852.0,0.7453559924998622
581,581,141912,1436.0,231.0,645.0,849.0,9.0,1.0,1436.3333333333333,851.3333333333334,0.7453559924999638
582,582,141913,1436.0,227.0,539.0,853.0,9.0,1.0,1436.6666666666667,852.0,0.3333333333334849
583,583,141914,1437.0,226.0,495.0,854.0,9.0,1.0,1436.3333333333333,852.0,2.108185106778944
584,584,141915,1438.0,225.0,370.0,855.0,9.0,1.0,1437.0,854.0,0.9428090415820902
585,585,141916,1438.0,225.0,369.0,855.0,9.0,1.0,1437.6666666666667,854.6666666666666,0.4714045207910048
586,586,141917,1438.0,225.0,404.0,855.0,9.0,1.0,1438.0,855.0,1.8856180831641
587,587,141918,1442.0,221.0,506.0,859.0,9.0,1.0,1439.3333333333333,856.3333333333334,1.9436506316151647
588,588,141919,1443.0,222.0,379.0,858.0,9.0,1.0,1441.0,857.3333333333334,2.134374745810961
589,589,141920,1443.0,221.0,473.0,859.0,9.0,1.0,1442.6666666666667,858.6666666666666,0.7453559924997604
590,590,141921,1444.0,222.0,374.0,858.0,9.0,1.0,1443.3333333333333,858.3333333333334,0.4714045207910853
591,591,141922,1444.0,221.0,404.0,859.0,9.0,1.0,1443.6666666666667,858.6666666666666,0.4714045207909245
592,592,141923,1444.0,222.0,430.0,858.0,9.0,1.0,1444.0,858.3333333333334,0.7453559925000147
593,593,141924,1446.0,223.0,284.0,857.0,9.0,1.0,1444.6666666666667,858.0,1.201850425154642
594,594,141925,1447.0,223.0,224.0,857.0,9.0,1.0,1445.6666666666667,857.3333333333334,0.7453559924998113
595,595,141926,1446.0,223.0,206.0,857.0,9.0,1.0,1446.3333333333333,857.0,0.3333333333334849
596,596,141927,1447.0,223.0,156.0,857.0,9.0,1.0,1446.6666666666667,857.0,1.666666666666697
597,597,141928,1444.0,227.0,56.0,853.0,9.0,1.0,1445.6666666666667,855.6666666666666,1.666666666666606
598,598,141929,1443.0,227.0,70.0,853.0,9.0,1.0,1444.6666666666667,854.3333333333334,1.9436506316151647
599,599,141930,1444.0,228.0,73.0,852.0,9.0,1.0,1443.6666666666667,852.6666666666666,0.3333333333332575
600,600,141931,1444.0,228.0,62.0,852.0,9.0,1.0,1443.6666666666667,852.3333333333334,0.4714045207910048
601,601,141932,1444.0,228.0,59.0,852.0,9.0,1.0,1444.0,852.0,0.0
602,602,141933,1444.0,228.0,56.0,852.0,9.0,1.0,1444.0,852.0,0.3333333333333712
603,603,141934,1444.0,227.0,76.0,853.0,9.0,1.0,1444.0,852.3333333333334,0.4714045207909245
604,604,141935,1445.0,227.0,76.0,853.0,9.0,1.0,1444.3333333333333,852.6666666666666,0.7453559925000655
605,605,141936,1445.0,226.0,76.0,854.0,9.0,1.0,1444.6666666666667,853.3333333333334,0.4714045207909245
606,606,141937,1445.0,226.0,62.0,854.0,9.0,1.0,1445.0,853.6666666666666,0.3333333333333712
607,607,141938,1445.0,226.0,53.0,854.0,9.0,1.0,1445.0,854.0,0.6666666666666288
608,608,141939,1445.0,228.0,29.0,852.0,9.0,1.0,1445.0,853.3333333333334,0.7453559924999638
609,609,141940,1444.0,228.0,27.0,852.0,9.0,1.0,1444.6666666666667,852.6666666666666,1.0540925533895078
610,610,141941,1444.0,229.0,21.0,851.0,9.0,1.0,1444.3333333333333,851.6666666666666,0.4714045207909245
611,611,141942,1444.0,229.0,23.0,851.0,9.0,1.0,1444.0,851.3333333333334,0.3333333333333712
612,612,141943,1444.0,229.0,37.0,851.0,9.0,1.0,1444.0,851.0,0.3333333333333712
613,613,141944,1444.0,230.0,7.0,850.0,9.0,1.0,1444.0,850.6666666666666,0.7453559924998622
614,614,141945,1443.0,231.0,10.0,849.0,9.0,1.0,1443.6666666666667,850.0,0.3333333333333712
615,615,141946,1444.0,230.0,27.0,850.0,9.0,1.0,1443.6666666666667,849.6666666666666,0.4714045207910853
616,616,141947,1443.0,231.0,11.0,849.0,9.0,1.0,1443.3333333333333,849.3333333333334,0.0
617,617,141948,1443.0,231.0,6.0,849.0,9.0,1.0,1443.3333333333333,849.3333333333334,96.76661499596744
618,618,141949,1719.0,137.0,6216.0,943.0,9.0,1.0,1535.0,880.3333333333334,48.594695641031066
619,619,141950,,,,,,,1581.0,896.0,138.70562353415957
620,620,141951,1704.0,137.0,223.0,943.0,,,1711.5,943.0,7.0
621,621,141952,1705.0,137.0,254.0,943.0,,,1704.5,943.0,0.8975274678556944
622,622,141953,1707.0,138.0,265.0,942.0,,,1705.3333333333333,942.6666666666666,1.054092553389436
623,623,141954,1707.0,138.0,265.0,942.0,,,1706.3333333333333,942.3333333333334,0.9428090415821706
624,624,141955,1707.0,139.0,323.0,941.0,8.0,1.0,1707.0,941.6666666666666,0.4714045207910048
625,625,141956,1706.0,137.0,324.0,943.0,8.0,1.0,1706.6666666666667,942.0,0.1666666666667424
626,626,141957,,,,,,,1706.5,942.0,1.118033988749895
627,627,141958,,,,,,,1706.0,943.0,
628,628,141959,,,,,,,,,
629,629,141960,,,,,,,,,
630,630,141961,,,,,,,,,
631,631,141962,,,,,,,,,
632,632,141963,,,,,,,,,
633,633,141964,,,,,,,,,
634,634,141965,1722.0,70.0,73.0,1010.0,,,1722.0,1010.0,1.4142135623730951
635,635,141966,1720.0,72.0,506.0,1008.0,,,1721.0,1009.0,0.6666666666667425
636,636,141967,1719.0,71.0,942.0,1009.0,,,1720.3333333333333,1009.0,2.357022603955314
637,637,141968,1729.0,71.0,352.0,1009.0,,,1722.6666666666667,1008.6666666666666,1.3743685418724891
638,638,141969,,,,,,,1724.0,1009.0,141.09748403143126
639,639,141970,1454.0,168.0,1155.0,912.0,,,1591.5,960.5,140.1320805525987
640,640,141971,1461.0,153.0,1577.0,927.0,,,1457.5,919.5,7.531415685130069
641,641,141972,1467.0,140.0,1287.0,940.0,,,1460.6666666666667,926.3333333333334,19.82702981061736
642,642,141973,1471.0,111.0,915.0,969.0,,,1466.3333333333333,945.3333333333334,21.31770260709268
643,643,141974,1490.0,96.0,951.0,984.0,,,1476.0,964.3333333333334,25.247662157998853
644,644,141975,1523.0,89.0,1197.0,991.0,,,1494.6666666666667,981.3333333333334,30.14225531634197
645,645,141976,1560.0,95.0,1412.0,985.0,,,1524.3333333333333,986.6666666666666,33.0016834587436
646,646,141977,1589.0,97.0,937.0,983.0,,,1557.3333333333333,986.3333333333334,30.66123140239334
647,647,141978,1613.0,108.0,1455.0,972.0,,,1587.3333333333333,980.0,23.40939982143925
648,648,141979,1626.0,119.0,2302.0,961.0,,,1609.3333333333333,972.0,18.35755975068582
649,649,141980,1637.0,124.0,1443.0,956.0,,,1625.3333333333333,963.0,13.5973853695809
650,650,141981,1653.0,116.0,1813.0,964.0,,,1638.6666666666667,960.3333333333334,12.54768681647913
651,651,141982,1662.0,108.0,1516.0,972.0,,,1650.6666666666667,964.0,15.620499351813308
652,652,141983,1673.0,94.0,1406.0,986.0,,,1662.6666666666667,974.0,16.138291249213577
653,653,141984,1683.0,78.0,1161.0,1002.0,,,1672.6666666666667,986.6666666666666,19.350567031599933
654,654,141985,1705.0,69.0,3077.0,1011.0,,,1687.0,999.6666666666666,21.270741511391776
655,655,141986,1727.0,60.0,338.0,1020.0,,,1705.0,1011.0,25.46675392655216
656,656,141987,1757.0,59.0,234.0,1021.0,,,1729.6666666666667,1017.3333333333334,18.870906472957422
657,657,141988,1751.0,36.0,28.0,1044.0,,,1745.0,1028.3333333333333,6.200358412579377
658,658,141989,1738.0,75.0,2713.0,1005.0,,,1748.6666666666667,1023.3333333333334,20.047166605006637
659,659,141990,1713.0,100.0,35.0,980.0,8.0,1.0,1734.0,1009.6666666666666,37.88432686774597
660,660,141991,1710.0,142.0,118.0,938.0,8.0,1.0,1720.3333333333333,974.3333333333334,24.82158558817526
661,661,141992,1710.0,144.0,23.0,936.0,8.0,1.0,1711.0,951.3333333333334,4.53382350291192
662,662,141993,1724.0,108.0,792.0,972.0,8.0,1.0,1714.6666666666667,948.6666666666666,24.659908984242204
663,663,141994,1727.0,70.0,19.0,1010.0,8.0,1.0,1720.3333333333333,972.6666666666666,25.64067948484299
664,664,141995,1731.0,70.0,5.0,1010.0,,,1727.3333333333333,997.3333333333334,26.373387259803465
665,665,141996,1800.0,130.0,946.0,950.0,,,1752.6666666666667,990.0,16.26943282491564
666,666,141997,,,,,,,1765.5,980.0,45.71925196238451
667,667,141998,,,,,,,1800.0,950.0,
668,668,141999,,,,,,,,,
669,669,142000,,,,,,,,,
670,670,142001,,,,,,,,,
671,671,142002,,,,,,,,,
672,672,142003,,,,,,,,,
673,673,142004,,,,,,,,,
674,674,142005,,,,,,,,,
675,675,142006,,,,,,,,,
676,676,142007,,,,,,,,,
677,677,142008,,,,,,,,,
678,678,142009,,,,,,,,,
679,679,142010,,,,,,,,,
680,680,142011,,,,,,,,,
681,681,142012,,,,,,,,,
682,682,142013,,,,,,,,,
683,683,142014,,,,,,,,,
684,684,142015,,,,,,,,,
685,685,142016,,,,,,,,,
686,686,142017,,,,,,,,,
687,687,142018,1728.0,70.0,15.0,1010.0,,,1728.0,1010.0,2.0
688,688,142019,1724.0,70.0,90.0,1010.0,,,1726.0,1010.0,0.7453559925000147
689,689,142020,1724.0,71.0,124.0,1009.0,,,1725.3333333333333,1009.6666666666666,3.3993463423951304
690,690,142021,1718.0,68.0,315.0,1012.0,,,1722.0,1010.3333333333334,5.676462121975544
691,691,142022,1707.0,71.0,1072.0,1009.0,,,1716.3333333333333,1010.0,3.0
692,692,142023,1715.0,71.0,982.0,1009.0,,,1713.3333333333333,1010.0,2.23606797749979
693,693,142024,1724.0,71.0,132.0,1009.0,,,1715.3333333333333,1009.0,4.166666666666743
