Unnamed: 0,nframe_81713422600,absframe_81713422600,x0_81713422600,y0_81713422600,area_81713422600,yadj_81713422600,flower_81713422600,visit_num_81713422600,sx_81713422600,sy_81713422600,speeds_81713422600
0,0,261686,662.0,1042.0,1968.0,38.0,,,662.0,38.0,32.50384592629001
1,1,261687,727.0,1041.0,1354.0,39.0,,,694.5,38.5,24.24985681515571
2,2,261688,764.0,1020.0,1902.0,60.0,,,717.6666666666666,45.66666666666666,47.330985857281966
3,3,261689,801.0,1013.0,1502.0,67.0,,,764.0,55.333333333333336,41.55451573268278
4,4,261690,848.0,1011.0,785.0,69.0,,,804.3333333333334,65.33333333333333,37.91950538824163
5,5,261691,874.0,991.0,2378.0,89.0,,,841.0,75.0,29.8328677803526
6,6,261692,888.0,992.0,1735.0,88.0,,,870.0,82.0,18.633899812498225
7,7,261693,886.0,970.0,1485.0,110.0,,,882.6666666666666,95.66666666666669,11.911712256803778
8,8,261694,885.0,957.0,2249.0,123.0,,,886.3333333333334,107.0,16.100379567644442
9,9,261695,866.0,949.0,1971.0,131.0,,,879.0,121.33333333333331,16.99673171197592
10,10,261696,848.0,936.0,1989.0,144.0,,,866.3333333333334,132.66666666666666,23.134870265947583
11,11,261697,829.0,916.0,2691.0,164.0,,,847.6666666666666,146.33333333333334,19.692073983655845
12,12,261698,817.0,916.0,1652.0,164.0,,,831.3333333333334,157.33333333333334,17.716909687891107
13,13,261699,808.0,901.0,2268.0,179.0,,,818.0,169.0,10.842303978193696
14,14,261700,806.0,893.0,1314.0,187.0,,,810.3333333333334,176.66666666666666,9.29755045398758
15,15,261701,810.0,889.0,1432.0,191.0,,,808.0,185.66666666666663,6.333333333333343
16,16,261702,808.0,882.0,2028.0,198.0,,,808.0,192.0,6.574360974438646
17,17,261703,823.0,883.0,1013.0,197.0,,,813.6666666666666,195.33333333333331,7.071067811865476
18,18,261704,825.0,874.0,839.0,206.0,,,818.6666666666666,200.33333333333331,7.601169500660914
19,19,261705,826.0,868.0,764.0,212.0,2.0,1.0,824.6666666666666,205.0,5.426273532033245
20,20,261706,826.0,867.0,817.0,213.0,2.0,1.0,825.6666666666666,210.33333333333331,2.0
21,21,261707,825.0,868.0,775.0,212.0,2.0,1.0,825.6666666666666,212.33333333333331,0.4714045207909647
22,22,261708,825.0,867.0,751.0,213.0,2.0,1.0,825.3333333333334,212.66666666666663,0.3333333333333712
23,23,261709,825.0,867.0,780.0,213.0,2.0,1.0,825.0,212.66666666666663,0.3333333333333428
24,24,261710,825.0,867.0,800.0,213.0,2.0,1.0,825.0,213.0,0.3333333333333712
25,25,261711,824.0,867.0,759.0,213.0,2.0,1.0,824.6666666666666,213.0,0.4714045207909848
26,26,261712,824.0,866.0,741.0,214.0,2.0,1.0,824.3333333333334,213.33333333333331,0.4714045207910451
27,27,261713,824.0,866.0,740.0,214.0,2.0,1.0,824.0,213.66666666666663,0.0
28,28,261714,824.0,867.0,760.0,213.0,2.0,1.0,824.0,213.66666666666663,0.3333333333333144
29,29,261715,824.0,867.0,757.0,213.0,2.0,1.0,824.0,213.33333333333331,0.0
30,30,261716,824.0,866.0,702.0,214.0,2.0,1.0,824.0,213.33333333333331,0.0
31,31,261717,824.0,867.0,720.0,213.0,2.0,1.0,824.0,213.33333333333331,0.4714045207910451
32,32,261718,825.0,866.0,780.0,214.0,2.0,1.0,824.3333333333334,213.66666666666663,1.4907119849998895
33,33,261719,820.0,868.0,867.0,212.0,2.0,1.0,823.0,213.0,1.2018504251546578
34,34,261720,821.0,869.0,922.0,211.0,2.0,1.0,822.0,212.33333333333331,1.4142135623730951
35,35,261721,822.0,869.0,972.0,211.0,2.0,1.0,821.0,211.33333333333331,0.7453559924998875
36,36,261722,822.0,867.0,827.0,213.0,2.0,1.0,821.6666666666666,211.66666666666663,0.7453559924999638
37,37,261723,822.0,867.0,913.0,213.0,2.0,1.0,822.0,212.33333333333331,0.7453559924999384
38,38,261724,821.0,867.0,835.0,213.0,2.0,1.0,821.6666666666666,213.0,0.3333333333332575
39,39,261725,821.0,867.0,835.0,213.0,2.0,1.0,821.3333333333334,213.0,0.0
40,40,261726,822.0,867.0,844.0,213.0,2.0,1.0,821.3333333333334,213.0,0.6666666666666288
41,41,261727,823.0,867.0,877.0,213.0,2.0,1.0,822.0,213.0,1.0
42,42,261728,824.0,867.0,887.0,213.0,2.0,1.0,823.0,213.0,2.98142396999969
43,43,261729,830.0,863.0,910.0,217.0,2.0,1.0,825.6666666666666,214.33333333333331,0.7453559924999892
44,44,261730,825.0,866.0,920.0,214.0,2.0,1.0,826.3333333333334,214.66666666666663,2.603416558635564
45,45,261731,830.0,862.0,900.0,218.0,2.0,1.0,828.3333333333334,216.33333333333331,1.3333333333333712
46,46,261732,826.0,863.0,893.0,217.0,2.0,1.0,827.0,216.33333333333331,2.6874192494328453
47,47,261733,826.0,858.0,641.0,222.0,2.0,1.0,827.3333333333334,219.0,2.357022603955205
48,48,261734,825.0,857.0,699.0,223.0,2.0,1.0,825.6666666666666,220.66666666666663,2.0275875100993943
49,49,261735,825.0,857.0,738.0,223.0,2.0,1.0,825.3333333333334,222.66666666666663,0.3333333333333428
50,50,261736,826.0,857.0,767.0,223.0,2.0,1.0,825.3333333333334,223.0,0.3333333333332575
51,51,261737,826.0,857.0,729.0,223.0,2.0,1.0,825.6666666666666,223.0,0.3333333333333712
52,52,261738,826.0,857.0,743.0,223.0,2.0,1.0,826.0,223.0,0.4714045207910651
53,53,261739,825.0,856.0,715.0,224.0,2.0,1.0,825.6666666666666,223.33333333333331,0.0
54,54,261740,826.0,857.0,664.0,223.0,2.0,1.0,825.6666666666666,223.33333333333331,0.3333333333333144
55,55,261741,826.0,856.0,674.0,224.0,2.0,1.0,825.6666666666666,223.66666666666663,0.3333333333333712
56,56,261742,826.0,856.0,650.0,224.0,2.0,1.0,826.0,223.66666666666663,0.3333333333333428
57,57,261743,826.0,856.0,619.0,224.0,2.0,1.0,826.0,224.0,0.3333333333333428
58,58,261744,826.0,855.0,621.0,225.0,2.0,1.0,826.0,224.33333333333331,0.6666666666666572
59,59,261745,826.0,854.0,651.0,226.0,2.0,1.0,826.0,225.0,0.7453559924999384
60,60,261746,827.0,854.0,629.0,226.0,2.0,1.0,826.3333333333334,225.66666666666663,0.6666666666666856
61,61,261747,826.0,853.0,687.0,227.0,2.0,1.0,826.3333333333334,226.33333333333331,1.054092553389436
62,62,261748,827.0,851.0,856.0,229.0,2.0,1.0,826.6666666666666,227.33333333333331,1.666666666666697
63,63,261749,831.0,851.0,925.0,229.0,2.0,1.0,828.0,228.33333333333331,1.4907119849998895
64,64,261750,830.0,851.0,879.0,229.0,2.0,1.0,829.3333333333334,229.0,0.4714045207910651
65,65,261751,826.0,850.0,847.0,230.0,2.0,1.0,829.0,229.33333333333331,0.94280904158203
66,66,261752,829.0,849.0,775.0,231.0,2.0,1.0,828.3333333333334,230.0,0.7453559924999384
67,67,261753,829.0,849.0,795.0,231.0,2.0,1.0,828.0,230.66666666666663,1.3743685418725926
68,68,261754,830.0,849.0,882.0,231.0,2.0,1.0,829.3333333333334,231.0,0.3333333333333428
69,69,261755,829.0,850.0,831.0,230.0,2.0,1.0,829.3333333333334,230.66666666666663,0.3333333333332575
70,70,261756,830.0,849.0,910.0,231.0,2.0,1.0,829.6666666666666,230.66666666666663,0.3333333333333712
71,71,261757,831.0,849.0,980.0,231.0,2.0,1.0,830.0,230.66666666666663,0.4714045207910651
72,72,261758,830.0,849.0,882.0,231.0,2.0,1.0,830.3333333333334,231.0,0.3333333333333428
73,73,261759,830.0,848.0,903.0,232.0,2.0,1.0,830.3333333333334,231.33333333333331,1.7950549357115682
74,74,261760,826.0,847.0,1181.0,233.0,2.0,1.0,828.6666666666666,232.0,1.6996731711975932
75,75,261761,831.0,844.0,1116.0,236.0,2.0,1.0,829.0,233.66666666666663,4.955356249106174
76,76,261762,825.0,834.0,664.0,246.0,2.0,1.0,827.3333333333334,238.33333333333331,4.333333333333314
77,77,261763,826.0,834.0,606.0,246.0,2.0,1.0,827.3333333333334,242.66666666666663,4.068851871911264
78,78,261764,824.0,834.0,586.0,246.0,2.0,1.0,825.0,246.0,0.0
79,79,261765,825.0,834.0,553.0,246.0,2.0,1.0,825.0,246.0,0.7453559924999003
80,80,261766,824.0,835.0,597.0,245.0,2.0,1.0,824.3333333333334,245.66666666666663,0.3333333333333144
81,81,261767,824.0,835.0,605.0,245.0,2.0,1.0,824.3333333333334,245.33333333333331,0.3333333333333712
82,82,261768,824.0,834.0,593.0,246.0,2.0,1.0,824.0,245.33333333333331,0.6666666666666572
83,83,261769,824.0,833.0,562.0,247.0,2.0,1.0,824.0,246.0,1.0540925533894718
84,84,261770,825.0,832.0,515.0,248.0,2.0,1.0,824.3333333333334,247.0,0.3333333333333428
85,85,261771,824.0,833.0,535.0,247.0,2.0,1.0,824.3333333333334,247.33333333333331,0.3333333333333144
86,86,261772,824.0,832.0,518.0,248.0,2.0,1.0,824.3333333333334,247.66666666666663,0.3333333333333712
87,87,261773,824.0,832.0,497.0,248.0,2.0,1.0,824.0,247.66666666666663,0.3333333333333428
88,88,261774,824.0,832.0,476.0,248.0,2.0,1.0,824.0,248.0,0.0
89,89,261775,824.0,832.0,466.0,248.0,2.0,1.0,824.0,248.0,0.0
90,90,261776,824.0,832.0,487.0,248.0,2.0,1.0,824.0,248.0,0.3333333333333712
91,91,261777,823.0,832.0,488.0,248.0,2.0,1.0,823.6666666666666,248.0,0.3333333333332575
92,92,261778,823.0,832.0,496.0,248.0,2.0,1.0,823.3333333333334,248.0,0.4714045207910651
93,93,261779,823.0,831.0,524.0,249.0,2.0,1.0,823.0,248.33333333333331,0.3333333333333144
94,94,261780,823.0,831.0,517.0,249.0,2.0,1.0,823.0,248.66666666666663,0.3333333333333428
95,95,261781,823.0,831.0,512.0,249.0,2.0,1.0,823.0,249.0,0.0
96,96,261782,823.0,831.0,516.0,249.0,2.0,1.0,823.0,249.0,0.0
97,97,261783,823.0,831.0,524.0,249.0,2.0,1.0,823.0,249.0,0.0
98,98,261784,823.0,831.0,509.0,249.0,2.0,1.0,823.0,249.0,0.0
99,99,261785,823.0,831.0,492.0,249.0,2.0,1.0,823.0,249.0,0.4714045207910651
100,100,261786,822.0,830.0,576.0,250.0,2.0,1.0,822.6666666666666,249.33333333333331,0.7453559924998875
101,101,261787,821.0,830.0,699.0,250.0,2.0,1.0,822.0,249.66666666666663,1.0540925533894627
102,102,261788,820.0,830.0,723.0,250.0,2.0,1.0,821.0,250.0,1.0
103,103,261789,819.0,830.0,693.0,250.0,2.0,1.0,820.0,250.0,0.6666666666666288
104,104,261790,819.0,830.0,707.0,250.0,2.0,1.0,819.3333333333334,250.0,0.4714045207910651
105,105,261791,819.0,831.0,710.0,249.0,2.0,1.0,819.0,249.66666666666663,0.0
106,106,261792,819.0,830.0,726.0,250.0,2.0,1.0,819.0,249.66666666666663,0.4714045207910451
107,107,261793,818.0,831.0,733.0,249.0,2.0,1.0,818.6666666666666,249.33333333333331,1.0540925533894538
108,108,261794,816.0,830.0,719.0,250.0,2.0,1.0,817.6666666666666,249.66666666666663,0.7453559924998875
109,109,261795,817.0,831.0,722.0,249.0,2.0,1.0,817.0,249.33333333333331,0.3333333333333712
110,110,261796,817.0,831.0,754.0,249.0,2.0,1.0,816.6666666666666,249.33333333333331,0.7453559924999638
111,111,261797,817.0,832.0,713.0,248.0,2.0,1.0,817.0,248.66666666666663,0.0
112,112,261798,817.0,831.0,717.0,249.0,2.0,1.0,817.0,248.66666666666663,0.0
113,113,261799,817.0,831.0,741.0,249.0,2.0,1.0,817.0,248.66666666666663,0.0
114,114,261800,817.0,832.0,720.0,248.0,2.0,1.0,817.0,248.66666666666663,0.4714045207910451
115,115,261801,816.0,832.0,744.0,248.0,2.0,1.0,816.6666666666666,248.33333333333331,0.7453559924998875
116,116,261802,815.0,830.0,766.0,250.0,2.0,1.0,816.0,248.66666666666663,1.201850425154642
117,117,261803,815.0,829.0,816.0,251.0,2.0,1.0,815.3333333333334,249.66666666666663,0.3333333333333144
118,118,261804,816.0,833.0,846.0,247.0,2.0,1.0,815.3333333333334,249.33333333333331,1.3333333333333428
119,119,261805,815.0,834.0,753.0,246.0,2.0,1.0,815.3333333333334,248.0,1.6996731711975932
120,120,261806,814.0,834.0,732.0,246.0,2.0,1.0,815.0,246.33333333333331,1.0540925533894627
121,121,261807,813.0,834.0,730.0,246.0,2.0,1.0,814.0,246.0,0.6666666666666288
122,122,261808,813.0,834.0,699.0,246.0,2.0,1.0,813.3333333333334,246.0,0.3333333333333712
123,123,261809,813.0,834.0,682.0,246.0,2.0,1.0,813.0,246.0,0.0
124,124,261810,813.0,834.0,667.0,246.0,2.0,1.0,813.0,246.0,0.0
125,125,261811,813.0,834.0,671.0,246.0,2.0,1.0,813.0,246.0,0.3333333333333428
126,126,261812,813.0,835.0,632.0,245.0,2.0,1.0,813.0,245.66666666666663,0.94280904158203
127,127,261813,811.0,836.0,714.0,244.0,2.0,1.0,812.3333333333334,245.0,1.201850425154705
128,128,261814,811.0,837.0,687.0,243.0,2.0,1.0,811.6666666666666,244.0,1.2018504251546578
129,129,261815,810.0,837.0,575.0,243.0,2.0,1.0,810.6666666666666,243.33333333333331,0.4714045207909848
130,130,261816,810.0,837.0,641.0,243.0,2.0,1.0,810.3333333333334,243.0,0.3333333333333428
131,131,261817,811.0,838.0,564.0,242.0,2.0,1.0,810.3333333333334,242.66666666666663,0.4714045207909647
132,132,261818,811.0,838.0,538.0,242.0,2.0,1.0,810.6666666666666,242.33333333333331,0.4714045207909848
133,133,261819,809.0,838.0,480.0,242.0,2.0,1.0,810.3333333333334,242.0,0.6666666666667425
134,134,261820,809.0,838.0,538.0,242.0,2.0,1.0,809.6666666666666,242.0,0.7453559924999003
135,135,261821,809.0,837.0,503.0,243.0,2.0,1.0,809.0,242.33333333333331,0.4714045207910451
136,136,261822,810.0,837.0,525.0,243.0,2.0,1.0,809.3333333333334,242.66666666666663,0.0
137,137,261823,809.0,838.0,453.0,242.0,2.0,1.0,809.3333333333334,242.66666666666663,0.6666666666666572
138,138,261824,809.0,839.0,457.0,241.0,2.0,1.0,809.3333333333334,242.0,1.0540925533894718
139,139,261825,809.0,840.0,486.0,240.0,2.0,1.0,809.0,241.0,0.4714045207910651
140,140,261826,808.0,839.0,486.0,241.0,2.0,1.0,808.6666666666666,240.66666666666663,0.3333333333332575
141,141,261827,808.0,839.0,467.0,241.0,2.0,1.0,808.3333333333334,240.66666666666663,0.3333333333333712
142,142,261828,808.0,840.0,519.0,240.0,2.0,1.0,808.0,240.66666666666663,0.3333333333333144
143,143,261829,808.0,840.0,431.0,240.0,2.0,1.0,808.0,240.33333333333331,1.4142135623730951
144,144,261830,811.0,842.0,491.0,238.0,2.0,1.0,809.0,239.33333333333331,1.2018504251546736
145,145,261831,811.0,842.0,495.0,238.0,2.0,1.0,810.0,238.66666666666663,1.2018504251546578
146,146,261832,811.0,842.0,483.0,238.0,2.0,1.0,811.0,238.0,0.4714045207910651
147,147,261833,810.0,841.0,463.0,239.0,2.0,1.0,810.6666666666666,238.33333333333331,1.0540925533894538
148,148,261834,808.0,841.0,468.0,239.0,2.0,1.0,809.6666666666666,238.66666666666663,0.7453559924999003
149,149,261835,809.0,841.0,475.0,239.0,2.0,1.0,809.0,239.0,0.3333333333333712
150,150,261836,811.0,841.0,484.0,239.0,2.0,1.0,809.3333333333334,239.0,0.7453559924999003
151,151,261837,810.0,842.0,481.0,238.0,2.0,1.0,810.0,238.66666666666663,2.8284271247461903
152,152,261838,815.0,847.0,689.0,233.0,2.0,1.0,812.0,236.66666666666663,2.403700850309347
153,153,261839,815.0,847.0,651.0,233.0,2.0,1.0,813.3333333333334,234.66666666666663,2.603416558635528
154,154,261840,815.0,848.0,615.0,232.0,2.0,1.0,815.0,232.66666666666663,2.0
155,155,261841,809.0,847.0,479.0,233.0,2.0,1.0,813.0,232.66666666666663,0.6666666666666572
156,156,261842,815.0,849.0,503.0,231.0,2.0,1.0,813.0,232.0,0.3333333333333428
157,157,261843,815.0,849.0,485.0,231.0,2.0,1.0,813.0,231.66666666666663,1.795054935711463
158,158,261844,814.0,849.0,485.0,231.0,2.0,1.0,814.6666666666666,231.0,0.4714045207909848
159,159,261845,814.0,850.0,554.0,230.0,2.0,1.0,814.3333333333334,230.66666666666663,0.3333333333333144
160,160,261846,815.0,850.0,503.0,230.0,2.0,1.0,814.3333333333334,230.33333333333331,0.3333333333332575
161,161,261847,815.0,849.0,531.0,231.0,2.0,1.0,814.6666666666666,230.33333333333331,0.4714045207910651
162,162,261848,815.0,851.0,539.0,229.0,2.0,1.0,815.0,230.0,0.3333333333333428
163,163,261849,815.0,851.0,550.0,229.0,2.0,1.0,815.0,229.66666666666663,1.0540925533894718
164,164,261850,816.0,852.0,621.0,228.0,2.0,1.0,815.3333333333334,228.66666666666663,0.3333333333332575
165,165,261851,816.0,851.0,630.0,229.0,2.0,1.0,815.6666666666666,228.66666666666663,0.7453559924999892
166,166,261852,817.0,852.0,647.0,228.0,2.0,1.0,816.3333333333334,228.33333333333331,0.3333333333333144
167,167,261853,816.0,851.0,636.0,229.0,2.0,1.0,816.3333333333334,228.66666666666663,0.0
168,168,261854,816.0,851.0,657.0,229.0,2.0,1.0,816.3333333333334,228.66666666666663,0.3333333333333428
169,169,261855,817.0,851.0,687.0,229.0,2.0,1.0,816.3333333333334,229.0,1.3333333333332575
170,170,261856,820.0,851.0,829.0,229.0,2.0,1.0,817.6666666666666,229.0,1.3743685418725442
171,171,261857,815.0,855.0,760.0,225.0,2.0,1.0,817.3333333333334,227.66666666666663,1.201850425154705
172,172,261858,815.0,854.0,804.0,226.0,2.0,1.0,816.6666666666666,226.66666666666663,1.3333333333332575
173,173,261859,816.0,851.0,894.0,229.0,2.0,1.0,815.3333333333334,226.66666666666663,4.027681991198164
174,174,261860,826.0,850.0,899.0,230.0,2.0,1.0,819.0,228.33333333333331,4.068851871911255
175,175,261861,825.0,847.0,704.0,233.0,2.0,1.0,822.3333333333334,230.66666666666663,3.1446603773521797
176,176,261862,824.0,846.0,642.0,234.0,2.0,1.0,825.0,232.33333333333331,1.0
177,177,261863,826.0,847.0,700.0,233.0,2.0,1.0,825.0,233.33333333333331,0.6666666666666572
178,178,261864,825.0,845.0,623.0,235.0,2.0,1.0,825.0,234.0,1.4907119849998514
179,179,261865,822.0,842.0,455.0,238.0,2.0,1.0,824.3333333333334,235.33333333333331,2.1343747458109656
180,180,261866,822.0,842.0,455.0,238.0,2.0,1.0,823.0,237.0,1.201850425154642
181,181,261867,823.0,842.0,402.0,238.0,2.0,1.0,822.3333333333334,238.0,0.3333333333332575
182,182,261868,823.0,842.0,384.0,238.0,2.0,1.0,822.6666666666666,238.0,0.3333333333333712
183,183,261869,823.0,842.0,384.0,238.0,2.0,1.0,823.0,238.0,0.0
184,184,261870,823.0,842.0,383.0,238.0,2.0,1.0,823.0,238.0,0.0
185,185,261871,823.0,842.0,373.0,238.0,2.0,1.0,823.0,238.0,0.0
186,186,261872,823.0,842.0,388.0,238.0,2.0,1.0,823.0,238.0,0.3333333333333428
187,187,261873,823.0,841.0,384.0,239.0,2.0,1.0,823.0,238.33333333333331,0.4714045207910451
188,188,261874,824.0,841.0,375.0,239.0,2.0,1.0,823.3333333333334,238.66666666666663,0.7453559924999129
189,189,261875,824.0,840.0,377.0,240.0,2.0,1.0,823.6666666666666,239.33333333333331,0.4714045207910451
190,190,261876,824.0,840.0,360.0,240.0,2.0,1.0,824.0,239.66666666666663,0.3333333333333428
191,191,261877,824.0,840.0,360.0,240.0,2.0,1.0,824.0,240.0,0.0
192,192,261878,824.0,840.0,367.0,240.0,2.0,1.0,824.0,240.0,0.3333333333333428
193,193,261879,824.0,839.0,384.0,241.0,2.0,1.0,824.0,240.33333333333331,0.4714045207910451
194,194,261880,823.0,839.0,385.0,241.0,2.0,1.0,823.6666666666666,240.66666666666663,0.3333333333333428
195,195,261881,824.0,839.0,388.0,241.0,2.0,1.0,823.6666666666666,241.0,0.3333333333333712
196,196,261882,825.0,839.0,444.0,241.0,2.0,1.0,824.0,241.0,0.7453559924999384
197,197,261883,824.0,837.0,356.0,243.0,2.0,1.0,824.3333333333334,241.66666666666663,0.4714045207910651
198,198,261884,823.0,838.0,380.0,242.0,2.0,1.0,824.0,242.0,2.1343747458109257
199,199,261885,820.0,843.0,430.0,237.0,2.0,1.0,822.3333333333334,240.66666666666663,3.0731814857643243
200,200,261886,817.0,843.0,331.0,237.0,2.0,1.0,820.0,238.66666666666663,2.8674417556808383
201,201,261887,818.0,845.0,257.0,235.0,2.0,1.0,818.3333333333334,236.33333333333331,0.4714045207910451
202,202,261888,819.0,842.0,217.0,238.0,2.0,1.0,818.0,236.66666666666663,1.9436506316151163
203,203,261889,820.0,838.0,246.0,242.0,2.0,1.0,819.0,238.33333333333331,4.027681991198167
204,204,261890,823.0,834.0,236.0,246.0,2.0,1.0,820.6666666666666,242.0,3.0731814857643243
205,205,261891,826.0,836.0,224.0,244.0,2.0,1.0,823.0,244.0,5.044248650140517
206,206,261892,835.0,836.0,99.0,244.0,2.0,1.0,828.0,244.66666666666663,5.497474167490246
207,207,261893,839.0,838.0,210.0,242.0,2.0,1.0,833.3333333333334,243.33333333333331,7.774602526460368
208,208,261894,846.0,848.0,521.0,232.0,2.0,1.0,840.0,239.33333333333331,10.43498389499901
209,209,261895,849.0,864.0,1209.0,216.0,2.0,1.0,844.6666666666666,230.0,12.52552948537065
210,210,261896,855.0,872.0,1613.0,208.0,2.0,1.0,850.0,218.66666666666663,12.206555615733702
211,211,261897,867.0,878.0,1342.0,202.0,2.0,1.0,857.0,208.66666666666663,14.01982722987536
212,212,261898,869.0,901.0,1911.0,179.0,2.0,1.0,863.6666666666666,196.33333333333331,18.77350378710497
213,213,261899,871.0,926.0,1476.0,154.0,2.0,1.0,869.0,178.33333333333334,22.303462611093465
214,214,261900,878.0,944.0,1718.0,136.0,,,872.6666666666666,156.33333333333334,19.55618685849688
215,215,261901,898.0,952.0,1806.0,128.0,,,882.3333333333334,139.33333333333334,15.951314818673874
216,216,261902,892.0,969.0,1462.0,111.0,,,889.3333333333334,125.0,14.17352775031282
217,217,261903,906.0,976.0,1339.0,104.0,,,898.6666666666666,114.33333333333331,8.412952976082684
218,218,261904,912.0,973.0,1763.0,107.0,,,903.3333333333334,107.33333333333331,10.159833769418748
219,219,261905,912.0,992.0,1369.0,88.0,,,910.0,99.66666666666669,9.15302014516399
220,220,261906,921.0,999.0,1238.0,81.0,,,915.0,92.0,9.098229375970805
221,221,261907,925.0,997.0,735.0,83.0,,,919.3333333333334,84.0,6.227180564089803
222,222,261908,930.0,997.0,1215.0,83.0,,,925.3333333333334,82.33333333333333,2.98142396999969
223,223,261909,929.0,995.0,1089.0,85.0,,,928.0,83.66666666666667,7.803133273813079
224,224,261910,933.0,1019.0,1736.0,61.0,,,930.6666666666666,76.33333333333333,6.798692684790377
225,225,261911,934.0,1017.0,2072.0,63.0,,,932.0,69.66666666666667,1.6996731711975597
226,226,261912,934.0,996.0,935.0,84.0,,,933.6666666666666,69.33333333333333,5.906681715556476
227,227,261913,938.0,1002.0,1159.0,78.0,,,935.3333333333334,75.0,4.7726070210921225
228,228,261914,937.0,1003.0,1210.0,77.0,,,936.3333333333334,79.66666666666667,7.125852775477302
229,229,261915,938.0,1017.0,2281.0,63.0,,,937.6666666666666,72.66666666666667,4.678556282539399
230,230,261916,937.0,1016.0,2256.0,64.0,,,937.3333333333334,68.0,0.6666666666666714
231,231,261917,937.0,1001.0,1285.0,79.0,,,937.3333333333334,68.66666666666667,5.67646212197546
232,232,261918,937.0,1000.0,1190.0,80.0,,,937.0,74.33333333333333,5.333333333333343
233,233,261919,937.0,1000.0,1225.0,80.0,,,937.0,79.66666666666667,1.0540925533894718
234,234,261920,936.0,998.0,1163.0,82.0,4.0,1.0,936.6666666666666,80.66666666666667,0.3333333333333712
235,235,261921,938.0,1000.0,1190.0,80.0,4.0,1.0,937.0,80.66666666666667,0.3333333333333286
236,236,261922,937.0,999.0,1151.0,81.0,4.0,1.0,937.0,81.0,0.94280904158204
237,237,261923,938.0,1000.0,1224.0,80.0,4.0,1.0,937.6666666666666,80.33333333333333,0.0
238,238,261924,938.0,1000.0,1214.0,80.0,4.0,1.0,937.6666666666666,80.33333333333333,0.7453559924999384
239,239,261925,938.0,1001.0,1283.0,79.0,4.0,1.0,938.0,79.66666666666667,0.3333333333333428
240,240,261926,938.0,1001.0,1470.0,79.0,4.0,1.0,938.0,79.33333333333333,0.6666666666666714
241,241,261927,938.0,998.0,1340.0,82.0,4.0,1.0,938.0,80.0,3.1622776601683795
242,242,261928,941.0,992.0,776.0,88.0,4.0,1.0,939.0,83.0,3.590109871423012
243,243,261929,942.0,991.0,618.0,89.0,4.0,1.0,940.3333333333334,86.33333333333333,3.073181485764303
244,244,261930,944.0,991.0,623.0,89.0,4.0,1.0,942.3333333333334,88.66666666666667,1.795054935711468
245,245,261931,946.0,994.0,706.0,86.0,4.0,1.0,944.0,88.0,1.3743685418725893
246,246,261932,946.0,992.0,550.0,88.0,4.0,1.0,945.3333333333334,87.66666666666667,0.4714045207909848
247,247,261933,945.0,992.0,589.0,88.0,4.0,1.0,945.6666666666666,87.33333333333333,1.4907119849998514
248,248,261934,944.0,990.0,570.0,90.0,4.0,1.0,945.0,88.66666666666667,1.201850425154642
249,249,261935,944.0,989.0,557.0,91.0,4.0,1.0,944.3333333333334,89.66666666666667,1.0540925533894718
250,250,261936,944.0,989.0,559.0,91.0,4.0,1.0,944.0,90.66666666666669,1.3743685418725582
251,251,261937,945.0,986.0,653.0,94.0,4.0,1.0,944.3333333333334,92.0,1.8856180831640696
252,252,261938,948.0,985.0,665.0,95.0,4.0,1.0,945.6666666666666,93.33333333333331,1.666666666666697
253,253,261939,948.0,986.0,651.0,94.0,4.0,1.0,947.0,94.33333333333331,1.3333333333333712
254,254,261940,949.0,986.0,625.0,94.0,4.0,1.0,948.3333333333334,94.33333333333331,0.4714045207910651
255,255,261941,947.0,984.0,607.0,96.0,4.0,1.0,948.0,94.66666666666669,0.7453559924999384
256,256,261942,947.0,984.0,616.0,96.0,4.0,1.0,947.6666666666666,95.33333333333331,0.4714045207909848
257,257,261943,948.0,985.0,651.0,95.0,4.0,1.0,947.3333333333334,95.66666666666669,0.6666666666666288
258,258,261944,949.0,984.0,724.0,96.0,4.0,1.0,948.0,95.66666666666669,1.0540925533894585
259,259,261945,950.0,983.0,728.0,97.0,4.0,1.0,949.0,96.0,0.94280904158204
260,260,261946,950.0,983.0,741.0,97.0,4.0,1.0,949.6666666666666,96.66666666666669,0.7453559924999384
261,261,261947,950.0,982.0,687.0,98.0,4.0,1.0,950.0,97.33333333333331,0.7453559924999003
262,262,261948,952.0,982.0,766.0,98.0,4.0,1.0,950.6666666666666,97.66666666666669,0.4714045207910551
263,263,261949,951.0,982.0,728.0,98.0,4.0,1.0,951.0,98.0,0.3333333333333712
264,264,261950,951.0,982.0,750.0,98.0,4.0,1.0,951.3333333333334,98.0,0.3333333333333712
265,265,261951,951.0,982.0,724.0,98.0,4.0,1.0,951.0,98.0,0.0
266,266,261952,951.0,982.0,747.0,98.0,4.0,1.0,951.0,98.0,0.0
267,267,261953,951.0,982.0,734.0,98.0,4.0,1.0,951.0,98.0,0.0
268,268,261954,951.0,982.0,722.0,98.0,4.0,1.0,951.0,98.0,0.0
269,269,261955,951.0,982.0,730.0,98.0,4.0,1.0,951.0,98.0,0.3333333333333712
270,270,261956,950.0,982.0,737.0,98.0,4.0,1.0,950.6666666666666,98.0,0.94280904158204
271,271,261957,949.0,980.0,764.0,100.0,4.0,1.0,950.0,98.66666666666669,0.6666666666666572
272,272,261958,951.0,980.0,839.0,100.0,4.0,1.0,950.0,99.33333333333331,1.201850425154642
273,273,261959,952.0,979.0,924.0,101.0,4.0,1.0,950.6666666666666,100.33333333333331,1.7950549357115737
274,274,261960,954.0,978.0,892.0,102.0,4.0,1.0,952.3333333333334,101.0,1.490711984999794
275,275,261961,955.0,978.0,977.0,102.0,4.0,1.0,953.6666666666666,101.66666666666669,1.7950549357115682
276,276,261962,957.0,977.0,881.0,103.0,4.0,1.0,955.3333333333334,102.33333333333331,1.3743685418724825
277,277,261963,958.0,977.0,871.0,103.0,4.0,1.0,956.6666666666666,102.66666666666669,1.0540925533894585
278,278,261964,958.0,977.0,849.0,103.0,4.0,1.0,957.6666666666666,103.0,0.7453559924999003
279,279,261965,956.0,975.0,863.0,105.0,4.0,1.0,957.3333333333334,103.66666666666669,0.3333333333333428
280,280,261966,958.0,978.0,845.0,102.0,4.0,1.0,957.3333333333334,103.33333333333331,1.0540925533894718
281,281,261967,957.0,974.0,825.0,106.0,4.0,1.0,957.0,104.33333333333331,1.6996731711975597
282,282,261968,961.0,974.0,780.0,106.0,4.0,1.0,958.6666666666666,104.66666666666669,1.4907119849998895
283,283,261969,960.0,974.0,684.0,106.0,4.0,1.0,959.3333333333334,106.0,1.3333333333332575
284,284,261970,961.0,974.0,619.0,106.0,4.0,1.0,960.6666666666666,106.0,0.6666666666667425
285,285,261971,963.0,974.0,607.0,106.0,4.0,1.0,961.3333333333334,106.0,1.0
286,286,261972,963.0,974.0,568.0,106.0,4.0,1.0,962.3333333333334,106.0,0.3333333333332575
287,287,261973,962.0,974.0,554.0,106.0,4.0,1.0,962.6666666666666,106.0,0.0
288,288,261974,963.0,974.0,536.0,106.0,4.0,1.0,962.6666666666666,106.0,0.0
289,289,261975,963.0,974.0,521.0,106.0,4.0,1.0,962.6666666666666,106.0,1.0540925533894585
290,290,261976,965.0,973.0,557.0,107.0,4.0,1.0,963.6666666666666,106.33333333333331,1.2018504251546658
291,291,261977,966.0,972.0,626.0,108.0,4.0,1.0,964.6666666666666,107.0,1.3743685418725893
292,292,261978,967.0,973.0,612.0,107.0,4.0,1.0,966.0,107.33333333333331,0.6666666666666288
293,293,261979,967.0,973.0,612.0,107.0,4.0,1.0,966.6666666666666,107.33333333333331,0.4714045207910551
294,294,261980,967.0,973.0,659.0,107.0,4.0,1.0,967.0,107.0,0.3333333333333286
295,295,261981,967.0,974.0,645.0,106.0,4.0,1.0,967.0,106.66666666666669,0.3333333333333712
296,296,261982,966.0,973.0,593.0,107.0,4.0,1.0,966.6666666666666,106.66666666666669,0.4714045207909747
297,297,261983,966.0,972.0,593.0,108.0,4.0,1.0,966.3333333333334,107.0,0.7453559924999511
298,298,261984,966.0,972.0,611.0,108.0,4.0,1.0,966.0,107.66666666666669,0.3333333333333286
299,299,261985,966.0,972.0,594.0,108.0,4.0,1.0,966.0,108.0,0.4714045207910551
300,300,261986,967.0,973.0,611.0,107.0,4.0,1.0,966.3333333333334,107.66666666666669,0.0
301,301,261987,966.0,972.0,609.0,108.0,4.0,1.0,966.3333333333334,107.66666666666669,0.0
302,302,261988,966.0,972.0,611.0,108.0,4.0,1.0,966.3333333333334,107.66666666666669,0.3333333333333286
303,303,261989,967.0,972.0,611.0,108.0,4.0,1.0,966.3333333333334,108.0,0.0
304,304,261990,966.0,972.0,611.0,108.0,4.0,1.0,966.3333333333334,108.0,0.0
305,305,261991,966.0,972.0,627.0,108.0,4.0,1.0,966.3333333333334,108.0,0.4714045207910551
306,306,261992,966.0,973.0,679.0,107.0,4.0,1.0,966.0,107.66666666666669,0.94280904158204
307,307,261993,968.0,974.0,655.0,106.0,4.0,1.0,966.6666666666666,107.0,1.0540925533894718
308,308,261994,967.0,975.0,631.0,105.0,4.0,1.0,967.0,106.0,1.0540925533894718
309,309,261995,967.0,976.0,605.0,104.0,4.0,1.0,967.3333333333334,105.0,0.6666666666666714
310,310,261996,968.0,976.0,579.0,104.0,4.0,1.0,967.3333333333334,104.33333333333331,0.4714045207909747
311,311,261997,968.0,976.0,593.0,104.0,4.0,1.0,967.6666666666666,104.0,0.7453559924999511
312,312,261998,968.0,978.0,620.0,102.0,4.0,1.0,968.0,103.33333333333331,0.6666666666666572
313,313,261999,968.0,978.0,620.0,102.0,4.0,1.0,968.0,102.66666666666669,0.7453559924999511
314,314,262000,969.0,978.0,578.0,102.0,4.0,1.0,968.3333333333334,102.0,0.4714045207909747
315,315,262001,969.0,979.0,566.0,101.0,4.0,1.0,968.6666666666666,101.66666666666669,0.745355992500002
316,316,262002,970.0,979.0,560.0,101.0,4.0,1.0,969.3333333333334,101.33333333333331,0.6666666666666288
317,317,262003,971.0,978.0,654.0,102.0,4.0,1.0,970.0,101.33333333333331,1.2018504251546658
318,318,262004,972.0,977.0,720.0,103.0,4.0,1.0,971.0,102.0,0.7453559924999511
319,319,262005,969.0,981.0,696.0,99.0,4.0,1.0,970.6666666666666,101.33333333333331,0.3333333333333428
320,320,262006,971.0,977.0,679.0,103.0,4.0,1.0,970.6666666666666,101.66666666666669,0.4714045207909848
321,321,262007,971.0,978.0,673.0,102.0,4.0,1.0,970.3333333333334,101.33333333333331,1.201850425154642
322,322,262008,971.0,978.0,668.0,102.0,4.0,1.0,971.0,102.33333333333331,1.7950549357114784
323,323,262009,969.0,982.0,660.0,98.0,4.0,1.0,970.3333333333334,100.66666666666669,1.4907119849999022
324,324,262010,969.0,982.0,660.0,98.0,4.0,1.0,969.6666666666666,99.33333333333331,1.4907119849998387
325,325,262011,969.0,982.0,653.0,98.0,4.0,1.0,969.0,98.0,0.3333333333333286
326,326,262012,969.0,983.0,704.0,97.0,4.0,1.0,969.0,97.66666666666669,0.7453559924999511
327,327,262013,968.0,984.0,770.0,96.0,4.0,1.0,968.6666666666666,97.0,0.6666666666667425
328,328,262014,971.0,982.0,723.0,98.0,4.0,1.0,969.3333333333334,97.0,0.3333333333332575
329,329,262015,970.0,983.0,682.0,97.0,4.0,1.0,969.6666666666666,97.0,0.6666666666667425
330,330,262016,970.0,984.0,705.0,96.0,4.0,1.0,970.3333333333334,97.0,1.666666666666663
331,331,262017,968.0,986.0,683.0,94.0,4.0,1.0,969.3333333333334,95.66666666666669,0.9428090415821204
332,332,262018,968.0,985.0,629.0,95.0,4.0,1.0,968.6666666666666,95.0,0.94280904158204
333,333,262019,968.0,986.0,679.0,94.0,4.0,1.0,968.0,94.33333333333331,0.0
334,334,262020,968.0,986.0,656.0,94.0,4.0,1.0,968.0,94.33333333333331,0.4714045207910551
335,335,262021,967.0,986.0,662.0,94.0,4.0,1.0,967.6666666666666,94.0,0.3333333333332575
336,336,262022,967.0,986.0,630.0,94.0,4.0,1.0,967.3333333333334,94.0,0.3333333333333712
337,337,262023,967.0,986.0,670.0,94.0,4.0,1.0,967.0,94.0,0.3333333333333286
338,338,262024,967.0,985.0,641.0,95.0,4.0,1.0,967.0,94.33333333333331,0.3333333333333428
339,339,262025,967.0,985.0,634.0,95.0,4.0,1.0,967.0,94.66666666666669,0.3333333333333712
340,340,262026,968.0,986.0,653.0,94.0,4.0,1.0,967.3333333333334,94.66666666666669,0.4714045207909848
341,341,262027,968.0,986.0,637.0,94.0,4.0,1.0,967.6666666666666,94.33333333333331,0.0
342,342,262028,967.0,985.0,648.0,95.0,4.0,1.0,967.6666666666666,94.33333333333331,0.4714045207909848
343,343,262029,967.0,985.0,644.0,95.0,4.0,1.0,967.3333333333334,94.66666666666669,0.0
344,344,262030,968.0,986.0,606.0,94.0,4.0,1.0,967.3333333333334,94.66666666666669,0.4714045207909848
345,345,262031,968.0,986.0,647.0,94.0,4.0,1.0,967.6666666666666,94.33333333333331,0.7453559924999384
346,346,262032,968.0,987.0,620.0,93.0,4.0,1.0,968.0,93.66666666666669,0.3333333333333428
347,347,262033,968.0,987.0,596.0,93.0,4.0,1.0,968.0,93.33333333333331,0.3333333333333712
348,348,262034,969.0,986.0,603.0,94.0,4.0,1.0,968.3333333333334,93.33333333333331,0.3333333333332575
349,349,262035,969.0,987.0,618.0,93.0,4.0,1.0,968.6666666666666,93.33333333333331,0.3333333333333712
350,350,262036,969.0,987.0,591.0,93.0,4.0,1.0,969.0,93.33333333333331,0.3333333333333286
351,351,262037,969.0,987.0,580.0,93.0,4.0,1.0,969.0,93.0,0.3333333333333286
352,352,262038,969.0,986.0,575.0,94.0,4.0,1.0,969.0,93.33333333333331,0.3333333333333428
353,353,262039,969.0,986.0,640.0,94.0,4.0,1.0,969.0,93.66666666666669,0.4714045207910551
354,354,262040,968.0,986.0,612.0,94.0,4.0,1.0,968.6666666666666,94.0,0.3333333333332575
355,355,262041,968.0,986.0,616.0,94.0,4.0,1.0,968.3333333333334,94.0,0.0
356,356,262042,969.0,986.0,598.0,94.0,4.0,1.0,968.3333333333334,94.0,0.4714045207909747
357,357,262043,969.0,987.0,593.0,93.0,4.0,1.0,968.6666666666666,93.66666666666669,0.3333333333333712
358,358,262044,969.0,986.0,595.0,94.0,4.0,1.0,969.0,93.66666666666669,0.0
359,359,262045,969.0,986.0,586.0,94.0,4.0,1.0,969.0,93.66666666666669,0.7453559924999384
360,360,262046,970.0,985.0,599.0,95.0,4.0,1.0,969.3333333333334,94.33333333333331,0.7453559924999003
361,361,262047,971.0,985.0,535.0,95.0,4.0,1.0,970.0,94.66666666666669,0.3333333333333428
362,362,262048,969.0,987.0,523.0,93.0,4.0,1.0,970.0,94.33333333333331,1.2018504251546578
363,363,262049,973.0,987.0,569.0,93.0,4.0,1.0,971.0,93.66666666666669,0.4714045207910651
364,364,262050,970.0,986.0,518.0,94.0,4.0,1.0,970.6666666666666,93.33333333333331,1.054092553389436
365,365,262051,968.0,984.0,556.0,96.0,4.0,1.0,970.3333333333334,94.33333333333331,1.7950549357115737
366,366,262052,968.0,985.0,552.0,95.0,4.0,1.0,968.6666666666666,95.0,1.795054935711468
367,367,262053,965.0,984.0,521.0,96.0,4.0,1.0,967.0,95.66666666666669,1.3743685418725926
368,368,262054,964.0,985.0,606.0,95.0,4.0,1.0,965.6666666666666,95.33333333333331,2.4267032964267643
369,369,262055,961.0,987.0,559.0,93.0,4.0,1.0,963.3333333333334,94.66666666666669,1.7950549357115737
370,370,262056,960.0,986.0,601.0,94.0,4.0,1.0,961.6666666666666,94.0,1.699673171197557
371,371,262057,959.0,986.0,565.0,94.0,4.0,1.0,960.0,93.66666666666669,0.3333333333333712
372,372,262058,960.0,987.0,607.0,93.0,4.0,1.0,959.6666666666666,93.66666666666669,0.0
373,373,262059,960.0,986.0,568.0,94.0,4.0,1.0,959.6666666666666,93.66666666666669,0.3333333333333712
374,374,262060,960.0,986.0,545.0,94.0,4.0,1.0,960.0,93.66666666666669,0.3333333333333712
375,375,262061,961.0,987.0,592.0,93.0,4.0,1.0,960.3333333333334,93.66666666666669,0.3333333333333428
376,376,262062,960.0,987.0,573.0,93.0,4.0,1.0,960.3333333333334,93.33333333333331,0.0
377,377,262063,960.0,986.0,591.0,94.0,4.0,1.0,960.3333333333334,93.33333333333331,0.4714045207910651
378,378,262064,960.0,986.0,576.0,94.0,4.0,1.0,960.0,93.66666666666669,0.3333333333333286
379,379,262065,960.0,986.0,576.0,94.0,4.0,1.0,960.0,94.0,0.0
380,380,262066,960.0,986.0,537.0,94.0,4.0,1.0,960.0,94.0,0.3333333333333286
381,381,262067,960.0,987.0,521.0,93.0,4.0,1.0,960.0,93.66666666666669,0.3333333333333428
382,382,262068,960.0,987.0,541.0,93.0,4.0,1.0,960.0,93.33333333333331,0.7453559924998938
383,383,262069,962.0,987.0,517.0,93.0,4.0,1.0,960.6666666666666,93.0,1.0540925533894585
384,384,262070,963.0,986.0,514.0,94.0,4.0,1.0,961.6666666666666,93.33333333333331,1.3743685418725926
385,385,262071,964.0,986.0,484.0,94.0,4.0,1.0,963.0,93.66666666666669,0.7453559924999384
386,386,262072,963.0,985.0,473.0,95.0,4.0,1.0,963.3333333333334,94.33333333333331,0.4714045207910651
387,387,262073,962.0,985.0,489.0,95.0,4.0,1.0,963.0,94.66666666666669,0.7453559924998938
388,388,262074,962.0,985.0,493.0,95.0,4.0,1.0,962.3333333333334,95.0,0.3333333333333712
389,389,262075,962.0,985.0,493.0,95.0,4.0,1.0,962.0,95.0,0.0
390,390,262076,962.0,985.0,482.0,95.0,4.0,1.0,962.0,95.0,0.3333333333333286
391,391,262077,962.0,986.0,472.0,94.0,4.0,1.0,962.0,94.66666666666669,0.3333333333333712
392,392,262078,961.0,985.0,480.0,95.0,4.0,1.0,961.6666666666666,94.66666666666669,1.201850425154642
393,393,262079,960.0,982.0,477.0,98.0,4.0,1.0,961.0,95.66666666666669,1.201850425154642
394,394,262080,960.0,983.0,450.0,97.0,4.0,1.0,960.3333333333334,96.66666666666669,0.7453559924998875
395,395,262081,962.0,983.0,406.0,97.0,4.0,1.0,960.6666666666666,97.33333333333331,2.7487370837451786
396,396,262082,968.0,984.0,419.0,96.0,4.0,1.0,963.3333333333334,96.66666666666669,1.699673171197557
397,397,262083,965.0,982.0,451.0,98.0,4.0,1.0,965.0,97.0,1.8856180831641505
398,398,262084,966.0,987.0,484.0,93.0,4.0,1.0,966.3333333333334,95.66666666666669,0.4714045207910651
399,399,262085,967.0,985.0,420.0,95.0,4.0,1.0,966.0,95.33333333333331,1.699673171197557
400,400,262086,970.0,983.0,526.0,97.0,4.0,1.0,967.6666666666666,95.0,6.289320754704432
401,401,262087,982.0,977.0,384.0,103.0,4.0,1.0,973.0,98.33333333333331,14.472195564061645
402,402,262088,1010.0,991.0,987.0,89.0,4.0,1.0,987.3333333333334,96.33333333333331,18.187297154271587
403,403,262089,1019.0,1007.0,1509.0,73.0,4.0,1.0,1003.6666666666666,88.33333333333333,22.19108930279105
404,404,262090,1038.0,1013.0,1678.0,67.0,,,1022.3333333333334,76.33333333333333,17.294829028097162
405,405,262091,1056.0,1015.0,1600.0,65.0,,,1037.6666666666667,68.33333333333333,22.04288748982044
406,406,262092,1081.0,1030.0,1626.0,50.0,,,1058.3333333333333,60.66666666666666,15.538482694408948
407,407,262093,1076.0,1040.0,1405.0,40.0,,,1071.0,51.66666666666666,8.232726023485716
408,408,262094,1079.0,1024.0,1908.0,56.0,,,1078.6666666666667,48.66666666666666,2.134374745811048
409,409,262095,1077.0,1025.0,1937.0,55.0,,,1077.3333333333333,50.333333333333336,7.031674369909648
410,410,262096,1074.0,1019.0,1548.0,61.0,,,1076.6666666666667,57.333333333333336,9.551032521262972
411,411,262097,1065.0,999.0,1565.0,81.0,,,1072.0,65.66666666666667,20.875291082468227
412,412,262098,1056.0,966.0,1699.0,114.0,,,1065.0,85.33333333333333,26.917569644296574
413,413,262099,1063.0,939.0,2354.0,141.0,,,1061.3333333333333,112.0,27.018512172212592
414,414,262100,1068.0,918.0,1500.0,162.0,,,1062.3333333333333,139.0,18.049315160907856
415,415,262101,1060.0,912.0,1354.0,168.0,,,1063.6666666666667,157.0,13.812232903400387
416,416,262102,1077.0,900.0,1749.0,180.0,,,1068.3333333333333,170.0,5.830951894845301
417,417,262103,1077.0,903.0,1569.0,177.0,,,1071.3333333333333,175.0,6.1463629715286485
418,418,262104,1074.0,900.0,1672.0,180.0,,,1076.0,179.0,4.0
419,419,262105,1065.0,900.0,1591.0,180.0,,,1072.0,179.0,8.055363982396315
420,420,262106,1055.0,893.0,1404.0,187.0,,,1064.6666666666667,182.33333333333331,8.806563209082004
421,421,262107,1061.0,877.0,913.0,203.0,,,1060.3333333333333,190.0,13.207741837439286
422,422,262108,1058.0,861.0,482.0,219.0,,,1058.0,203.0,21.59217965426886
423,423,262109,1065.0,829.0,1521.0,251.0,,,1061.3333333333333,224.33333333333331,21.426878239984244
424,424,262110,1067.0,813.0,2064.0,267.0,,,1063.3333333333333,245.66666666666663,25.44056253745627
425,425,262111,1065.0,785.0,2117.0,295.0,,,1065.6666666666667,271.0,21.83015244004392
426,426,262112,1073.0,764.0,2422.0,316.0,,,1068.3333333333333,292.6666666666667,23.038614927503307
427,427,262113,1071.0,744.0,2124.0,336.0,,,1069.6666666666667,315.6666666666667,23.610261422619693
428,428,262114,1081.0,716.0,2325.0,364.0,,,1075.0,338.6666666666667,24.82158558817526
429,429,262115,1101.0,695.0,1967.0,385.0,,,1084.3333333333333,361.6666666666667,28.69765766670785
430,430,262116,1115.0,670.0,2151.0,410.0,,,1099.0,386.3333333333333,30.479501308256346
431,431,262117,1141.0,647.0,2142.0,433.0,,,1119.0,409.3333333333333,31.89043743820395
432,432,262118,1164.0,623.0,1542.0,457.0,,,1140.0,433.3333333333333,29.36362072739372
433,433,262119,1171.0,602.0,1536.0,478.0,,,1158.6666666666667,456.0,22.718078948518254
434,434,262120,1167.0,584.0,1321.0,496.0,,,1167.3333333333333,477.0,20.275875100994053
435,435,262121,1154.0,563.0,1521.0,517.0,,,1164.0,497.0,19.470775822013675
436,436,262122,1135.0,556.0,1561.0,524.0,,,1152.0,512.3333333333334,24.413111231467404
437,437,262123,1107.0,542.0,1391.0,538.0,,,1132.0,526.3333333333334,26.8741924943284
438,438,262124,1084.0,523.0,1142.0,557.0,,,1108.6666666666667,539.6666666666666,26.503668509179075
439,439,262125,1074.0,505.0,1241.0,575.0,,,1088.3333333333333,556.6666666666666,23.946700074215805
440,440,262126,1062.0,486.0,1326.0,594.0,,,1073.3333333333333,575.3333333333334,20.572365498945885
441,441,262127,1044.0,476.0,828.0,604.0,,,1060.0,591.0,16.200137173630466
442,442,262128,1035.0,476.0,824.0,604.0,,,1047.0,600.6666666666666,13.06819718927511
443,443,262129,1023.0,482.0,1035.0,598.0,,,1034.0,602.0,12.982894729433683
444,444,262130,1010.0,495.0,1579.0,585.0,,,1022.6666666666666,595.6666666666666,16.346933113652227
445,445,262131,997.0,507.0,1264.0,573.0,,,1010.0,585.3333333333334,18.333333333333304
446,446,262132,979.0,515.0,2346.0,565.0,,,995.3333333333334,574.3333333333334,16.499158227686216
447,447,262133,975.0,530.0,2181.0,550.0,,,983.6666666666666,562.6666666666666,14.533486237727708
448,448,262134,971.0,542.0,2209.0,538.0,,,975.0,551.0,13.4370962471643
449,449,262135,963.0,552.0,2132.0,528.0,,,969.6666666666666,538.6666666666666,11.551815634108916
450,450,262136,951.0,555.0,1674.0,525.0,,,961.6666666666666,530.3333333333334,12.96576689251776
451,451,262137,943.0,569.0,1750.0,511.0,,,952.3333333333334,521.3333333333334,18.067773643823603
452,452,262138,916.0,579.0,1680.0,501.0,,,936.6666666666666,512.3333333333334,17.384539747207054
453,453,262139,907.0,583.0,2261.0,497.0,,,922.0,503.0,21.10818693198339
454,454,262140,884.0,592.0,1622.0,488.0,,,902.3333333333334,495.3333333333333,14.79489401411482
455,455,262141,875.0,596.0,2097.0,484.0,,,888.6666666666666,489.6666666666667,16.25491378698212
456,456,262142,860.0,596.0,1821.0,484.0,,,873.0,485.3333333333333,11.68569876197203
457,457,262143,849.0,594.0,1999.0,486.0,,,861.3333333333334,484.6666666666667,13.743685418725567
458,458,262144,835.0,586.0,1317.0,494.0,,,848.0,488.0,8.749603165604501
459,459,262145,835.0,588.0,1386.0,492.0,,,839.6666666666666,490.6666666666667,8.806563209081895
460,460,262146,826.0,581.0,1197.0,499.0,,,832.0,495.0,4.027681991198192
461,461,262147,830.0,575.0,927.0,505.0,,,830.3333333333334,498.6666666666667,5.333333333333314
462,462,262148,835.0,572.0,683.0,508.0,,,830.3333333333334,504.0,5.467073155618848
463,463,262149,836.0,568.0,535.0,512.0,,,833.6666666666666,508.3333333333333,2.357022603955201
464,464,262150,831.0,568.0,714.0,512.0,3.0,1.0,834.0,510.6666666666667,1.6666666666666514
465,465,262151,832.0,568.0,648.0,512.0,3.0,1.0,833.0,512.0,1.4907119849999022
466,466,262152,832.0,570.0,682.0,510.0,3.0,1.0,831.6666666666666,511.3333333333333,1.4142135623730951
467,467,262153,834.0,571.0,662.0,509.0,3.0,1.0,832.6666666666666,510.3333333333333,1.943650631615068
468,468,262154,835.0,573.0,900.0,507.0,3.0,1.0,833.6666666666666,508.6666666666667,1.4142135623730951
469,469,262155,835.0,573.0,919.0,507.0,3.0,1.0,834.6666666666666,507.6666666666667,1.0
470,470,262156,834.0,574.0,940.0,506.0,3.0,1.0,834.6666666666666,506.6666666666667,0.4714045207910048
471,471,262157,834.0,574.0,942.0,506.0,3.0,1.0,834.3333333333334,506.3333333333333,0.3333333333333712
472,472,262158,834.0,573.0,901.0,507.0,3.0,1.0,834.0,506.3333333333333,0.7453559924999129
473,473,262159,836.0,573.0,826.0,507.0,3.0,1.0,834.6666666666666,506.6666666666667,0.6666666666667425
474,474,262160,836.0,574.0,838.0,506.0,3.0,1.0,835.3333333333334,506.6666666666667,0.7453559924999129
475,475,262161,836.0,574.0,818.0,506.0,3.0,1.0,836.0,506.3333333333333,0.3333333333333144
476,476,262162,836.0,574.0,959.0,506.0,3.0,1.0,836.0,506.0,0.6666666666666856
477,477,262163,836.0,572.0,823.0,508.0,3.0,1.0,836.0,506.6666666666667,1.6666666666666288
478,478,262164,836.0,569.0,698.0,511.0,3.0,1.0,836.0,508.3333333333333,1.6666666666666856
479,479,262165,836.0,569.0,869.0,511.0,3.0,1.0,836.0,510.0,1.699673171197554
480,480,262166,841.0,573.0,832.0,507.0,3.0,1.0,837.6666666666666,509.6666666666667,1.9436506316151647
481,481,262167,841.0,572.0,916.0,508.0,3.0,1.0,839.3333333333334,508.6666666666667,2.23606797749979
482,482,262168,842.0,572.0,952.0,508.0,3.0,1.0,841.3333333333334,507.6666666666667,0.7453559924998622
483,483,262169,842.0,571.0,916.0,509.0,3.0,1.0,841.6666666666666,508.3333333333333,0.7453559925000147
484,484,262170,843.0,571.0,918.0,509.0,3.0,1.0,842.3333333333334,508.6666666666667,0.4714045207909647
485,485,262171,843.0,571.0,918.0,509.0,3.0,1.0,842.6666666666666,509.0,0.0
486,486,262172,842.0,571.0,942.0,509.0,3.0,1.0,842.6666666666666,509.0,0.3333333333333144
487,487,262173,843.0,570.0,833.0,510.0,3.0,1.0,842.6666666666666,509.3333333333333,0.7453559925000147
488,488,262174,845.0,570.0,928.0,510.0,3.0,1.0,843.3333333333334,509.6666666666667,2.108185106778908
489,489,262175,848.0,569.0,936.0,511.0,3.0,1.0,845.3333333333334,510.3333333333333,1.7950549357114731
490,490,262176,848.0,568.0,819.0,512.0,3.0,1.0,847.0,511.0,1.4142135623730951
491,491,262177,848.0,567.0,794.0,513.0,3.0,1.0,848.0,512.0,1.0540925533894718
492,492,262178,849.0,566.0,864.0,514.0,3.0,1.0,848.3333333333334,513.0,0.7453559924999129
493,493,262179,847.0,566.0,822.0,514.0,3.0,1.0,848.0,513.6666666666666,1.666666666666697
494,494,262180,852.0,570.0,1015.0,510.0,3.0,1.0,849.3333333333334,512.6666666666666,1.414213562373055
495,495,262181,852.0,569.0,1065.0,511.0,3.0,1.0,850.3333333333334,511.6666666666667,2.108185106778925
496,496,262182,853.0,568.0,976.0,512.0,3.0,1.0,852.3333333333334,511.0,1.201850425154642
497,497,262183,854.0,567.0,1017.0,513.0,3.0,1.0,853.0,512.0,0.9428090415820096
498,498,262184,854.0,567.0,1032.0,513.0,3.0,1.0,853.6666666666666,512.6666666666666,0.7453559925000147
499,499,262185,854.0,566.0,994.0,514.0,3.0,1.0,854.0,513.3333333333334,0.6666666666666288
500,500,262186,856.0,567.0,1045.0,513.0,3.0,1.0,854.6666666666666,513.3333333333334,0.4714045207910048
501,501,262187,855.0,566.0,944.0,514.0,3.0,1.0,855.0,513.6666666666666,1.201850425154642
502,502,262188,856.0,563.0,992.0,517.0,3.0,1.0,855.6666666666666,514.6666666666666,0.9428090415821706
503,503,262189,858.0,565.0,989.0,515.0,3.0,1.0,856.3333333333334,515.3333333333334,1.4142135623730951
504,504,262190,858.0,563.0,1007.0,517.0,3.0,1.0,857.3333333333334,516.3333333333334,0.9428090415820096
505,505,262191,858.0,561.0,1009.0,519.0,3.0,1.0,858.0,517.0,0.7453559924999129
506,506,262192,859.0,563.0,791.0,517.0,3.0,1.0,858.3333333333334,517.6666666666666,0.3333333333332575
507,507,262193,859.0,563.0,792.0,517.0,3.0,1.0,858.6666666666666,517.6666666666666,1.201850425154642
508,508,262194,861.0,563.0,755.0,517.0,3.0,1.0,859.6666666666666,517.0,0.3333333333333712
509,509,262195,860.0,563.0,718.0,517.0,3.0,1.0,860.0,517.0,0.7453559924999129
510,510,262196,861.0,562.0,775.0,518.0,3.0,1.0,860.6666666666666,517.3333333333334,0.4714045207910853
511,511,262197,862.0,564.0,747.0,516.0,3.0,1.0,861.0,517.0,1.0
512,512,262198,860.0,560.0,799.0,520.0,3.0,1.0,861.0,518.0,0.9428090415820096
513,513,262199,859.0,560.0,809.0,520.0,3.0,1.0,860.3333333333334,518.6666666666666,2.027587510099413
514,514,262200,861.0,558.0,933.0,522.0,3.0,1.0,860.0,520.6666666666666,1.666666666666697
515,515,262201,863.0,556.0,1143.0,524.0,3.0,1.0,861.0,522.0,2.134374745810944
516,516,262202,863.0,555.0,1154.0,525.0,3.0,1.0,862.3333333333334,523.6666666666666,0.3333333333333712
517,517,262203,861.0,557.0,1188.0,523.0,3.0,1.0,862.3333333333334,524.0,0.6666666666666288
518,518,262204,863.0,554.0,1164.0,526.0,3.0,1.0,862.3333333333334,524.6666666666666,0.3333333333333712
519,519,262205,862.0,555.0,1182.0,525.0,3.0,1.0,862.0,524.6666666666666,1.0540925533894718
520,520,262206,860.0,554.0,1386.0,526.0,3.0,1.0,861.6666666666666,525.6666666666666,0.7453559924999638
521,521,262207,862.0,552.0,1263.0,528.0,3.0,1.0,861.3333333333334,526.3333333333334,1.201850425154642
522,522,262208,864.0,558.0,1231.0,522.0,3.0,1.0,862.0,525.3333333333334,0.9428090415820096
523,523,262209,862.0,552.0,1235.0,528.0,3.0,1.0,862.6666666666666,526.0,1.4907119849999275
524,524,262210,864.0,556.0,1188.0,524.0,3.0,1.0,863.3333333333334,524.6666666666666,1.0540925533894718
525,525,262211,863.0,555.0,1120.0,525.0,3.0,1.0,863.0,525.6666666666666,0.4714045207910048
526,526,262212,863.0,553.0,1168.0,527.0,3.0,1.0,863.3333333333334,525.3333333333334,2.0275875100993943
527,527,262213,858.0,555.0,992.0,525.0,3.0,1.0,861.3333333333334,525.6666666666666,1.6666666666667425
528,528,262214,858.0,555.0,994.0,525.0,3.0,1.0,859.6666666666666,525.6666666666666,1.7950549357114522
529,529,262215,858.0,555.0,1020.0,525.0,3.0,1.0,858.0,525.0,0.4714045207910853
530,530,262216,857.0,554.0,826.0,526.0,3.0,1.0,857.6666666666666,525.3333333333334,1.0
531,531,262217,858.0,552.0,1055.0,528.0,3.0,1.0,857.6666666666666,526.3333333333334,1.7950549357114522
532,532,262218,853.0,553.0,910.0,527.0,3.0,1.0,856.0,527.0,2.403700850309347
533,533,262219,851.0,550.0,969.0,530.0,3.0,1.0,854.0,528.3333333333334,1.7950549357114522
534,534,262220,860.0,547.0,1362.0,533.0,3.0,1.0,854.6666666666666,530.0,3.282952600598717
535,535,262221,862.0,549.0,840.0,531.0,3.0,1.0,857.6666666666666,531.3333333333334,3.0184617127124764
536,536,262222,860.0,551.0,1060.0,529.0,3.0,1.0,860.6666666666666,531.0,1.3333333333332575
537,537,262223,856.0,547.0,673.0,533.0,3.0,1.0,859.3333333333334,531.0,4.013864859597435
538,538,262224,850.0,548.0,518.0,532.0,3.0,1.0,855.3333333333334,531.3333333333334,5.174724898753322
539,539,262225,845.0,547.0,414.0,533.0,3.0,1.0,850.3333333333334,532.6666666666666,4.666666666666743
540,540,262226,842.0,547.0,358.0,533.0,3.0,1.0,845.6666666666666,532.6666666666666,1.4907119849998258
541,541,262227,846.0,546.0,597.0,534.0,3.0,1.0,844.3333333333334,533.3333333333334,4.53382350291172
542,542,262228,858.0,543.0,502.0,537.0,3.0,1.0,848.6666666666666,534.6666666666666,9.871395263307306
543,543,262229,871.0,541.0,648.0,539.0,3.0,1.0,858.3333333333334,536.6666666666666,12.775845264491137
544,544,262230,883.0,536.0,1275.0,544.0,,,870.6666666666666,540.0,14.05149260557201
545,545,262231,897.0,527.0,2195.0,553.0,,,883.6666666666666,545.3333333333334,13.743685418725551
546,546,262232,911.0,531.0,1872.0,549.0,,,897.0,548.6666666666666,14.1499901845274
547,547,262233,924.0,525.0,2331.0,555.0,,,910.6666666666666,552.3333333333334,14.193112570695831
548,548,262234,939.0,520.0,2006.0,560.0,,,924.6666666666666,554.6666666666666,15.524174696260024
549,549,262235,956.0,519.0,1346.0,561.0,,,939.6666666666666,558.6666666666666,15.919938581679418
550,550,262236,969.0,509.0,1852.0,571.0,,,954.6666666666666,564.0,13.864422895390332
551,551,262237,976.0,501.0,1824.0,579.0,,,967.0,570.3333333333334,12.297244497131157
552,552,262238,987.0,499.0,1347.0,581.0,,,977.3333333333334,577.0,15.103347678945577
553,553,262239,1011.0,492.0,1353.0,588.0,,,991.3333333333334,582.6666666666666,18.6934331904132
554,554,262240,1028.0,480.0,779.0,600.0,,,1008.6666666666666,589.6666666666666,22.59301760377418
555,555,262241,1050.0,474.0,2045.0,606.0,,,1029.6666666666667,598.0,20.97882530341276
556,556,262242,1071.0,473.0,1430.0,607.0,,,1049.6666666666667,604.3333333333334,18.773503787104943
557,557,262243,1082.0,464.0,2306.0,616.0,,,1067.6666666666667,609.6666666666666,13.420548092798274
558,558,262244,1089.0,464.0,1920.0,616.0,,,1080.6666666666667,613.0,10.137937550497016
559,559,262245,1098.0,459.0,1655.0,621.0,,,1089.6666666666667,617.6666666666666,11.897712198383022
560,560,262246,1117.0,457.0,2112.0,623.0,,,1101.3333333333333,620.0,16.898389140848852
561,561,262247,1136.0,445.0,2063.0,635.0,,,1117.0,626.3333333333334,18.4541473808886
562,562,262248,1151.0,443.0,2406.0,637.0,,,1134.6666666666667,631.6666666666666,19.189117286165622
563,563,262249,1172.0,440.0,2151.0,640.0,,,1153.0,637.3333333333334,17.950549357115072
564,564,262250,1186.0,425.0,1598.0,655.0,,,1169.6666666666667,644.0,19.43650631615101
565,565,262251,1205.0,421.0,2265.0,659.0,,,1187.6666666666667,651.3333333333334,14.522013940527891
566,566,262252,1209.0,417.0,1671.0,663.0,,,1200.0,659.0,14.126413400277976
567,567,262253,1226.0,411.0,1779.0,669.0,,,1213.3333333333333,663.6666666666666,14.240006242195928
568,568,262254,1241.0,398.0,1808.0,682.0,,,1225.3333333333333,671.3333333333334,18.126101499096805
569,569,262255,1255.0,388.0,1671.0,692.0,,,1240.6666666666667,681.0,15.092308563562344
570,570,262256,1265.0,388.0,1287.0,692.0,,,1253.6666666666667,688.6666666666666,13.09792180292553
571,571,262257,1279.0,388.0,1313.0,692.0,,,1266.3333333333333,692.0,14.193112570695853
572,572,262258,1297.0,381.0,614.0,699.0,,,1280.3333333333333,694.3333333333334,14.142135623730953
573,573,262259,1307.0,382.0,383.0,698.0,,,1294.3333333333333,696.3333333333334,12.944325225965132
574,574,262260,1317.0,380.0,256.0,700.0,7.0,1.0,1307.0,699.0,8.39311887467604
575,575,262261,1322.0,378.0,204.0,702.0,7.0,1.0,1315.3333333333333,700.0,5.587684871413537
576,576,262262,1323.0,377.0,231.0,703.0,7.0,1.0,1320.6666666666667,701.6666666666666,4.678556282539243
577,577,262263,1331.0,381.0,756.0,699.0,7.0,1.0,1325.3333333333333,701.3333333333334,4.06885187191138
578,578,262264,1332.0,385.0,692.0,695.0,7.0,1.0,1328.6666666666667,699.0,4.714045207910258
579,579,262265,1325.0,391.0,1034.0,689.0,7.0,1.0,1329.3333333333333,694.3333333333334,4.176654695380623
580,580,262266,1325.0,392.0,986.0,688.0,7.0,1.0,1327.3333333333333,690.6666666666666,3.5433819375780526
581,581,262267,1324.0,392.0,973.0,688.0,7.0,1.0,1324.6666666666667,688.3333333333334,0.4714045207911657
582,582,262268,1324.0,392.0,1036.0,688.0,7.0,1.0,1324.3333333333333,688.0,0.0
583,583,262269,1325.0,392.0,962.0,688.0,7.0,1.0,1324.3333333333333,688.0,0.3333333333333712
584,584,262270,1324.0,391.0,964.0,689.0,7.0,1.0,1324.3333333333333,688.3333333333334,0.4714045207910853
585,585,262271,1325.0,391.0,958.0,689.0,7.0,1.0,1324.6666666666667,688.6666666666666,0.3333333333334849
586,586,262272,1324.0,392.0,940.0,688.0,7.0,1.0,1324.3333333333333,688.6666666666666,0.0
587,587,262273,1324.0,391.0,942.0,689.0,7.0,1.0,1324.3333333333333,688.6666666666666,0.3333333333332575
588,588,262274,1324.0,391.0,925.0,689.0,7.0,1.0,1324.0,688.6666666666666,0.3333333333333712
589,589,262275,1324.0,391.0,960.0,689.0,7.0,1.0,1324.0,689.0,0.0
590,590,262276,1324.0,391.0,949.0,689.0,7.0,1.0,1324.0,689.0,0.3333333333332575
591,591,262277,1325.0,391.0,973.0,689.0,7.0,1.0,1324.3333333333333,689.0,0.7453559925000147
592,592,262278,1326.0,390.0,936.0,690.0,7.0,1.0,1325.0,689.3333333333334,0.7453559924999638
593,593,262279,1326.0,390.0,909.0,690.0,7.0,1.0,1325.6666666666667,689.6666666666666,0.4714045207910048
594,594,262280,1326.0,390.0,928.0,690.0,7.0,1.0,1326.0,690.0,0.4714045207910048
595,595,262281,1327.0,391.0,905.0,689.0,7.0,1.0,1326.3333333333333,689.6666666666666,0.3333333333334849
596,596,262282,1327.0,390.0,989.0,690.0,7.0,1.0,1326.6666666666667,689.6666666666666,0.6666666666665151
597,597,262283,1328.0,390.0,1019.0,690.0,7.0,1.0,1327.3333333333333,689.6666666666666,0.9428090415821706
598,598,262284,1329.0,389.0,965.0,691.0,7.0,1.0,1328.0,690.3333333333334,2.23606797749979
599,599,262285,1333.0,393.0,1013.0,687.0,7.0,1.0,1330.0,689.3333333333334,1.054092553389436
600,600,262286,1329.0,387.0,1014.0,693.0,7.0,1.0,1330.3333333333333,690.3333333333334,1.8856180831642608
601,601,262287,1333.0,393.0,1010.0,687.0,7.0,1.0,1331.6666666666667,689.0,2.23606797749979
602,602,262288,1330.0,387.0,1014.0,693.0,7.0,1.0,1330.6666666666667,691.0,2.6034165586354545
603,603,262289,1334.0,393.0,985.0,687.0,7.0,1.0,1332.3333333333333,689.0,2.108185106778872
604,604,262290,1331.0,387.0,968.0,693.0,7.0,1.0,1331.6666666666667,691.0,1.490711984999775
605,605,262291,1334.0,385.0,803.0,695.0,7.0,1.0,1333.0,691.6666666666666,2.23606797749979
606,606,262292,1331.0,387.0,973.0,693.0,7.0,1.0,1332.0,693.6666666666666,1.4907119849998258
607,607,262293,1335.0,385.0,717.0,695.0,7.0,1.0,1333.3333333333333,694.3333333333334,0.6666666666667425
608,608,262294,1336.0,385.0,687.0,695.0,7.0,1.0,1334.0,694.3333333333334,2.108185106778908
609,609,262295,1337.0,385.0,720.0,695.0,7.0,1.0,1336.0,695.0,0.3333333333332575
610,610,262296,1336.0,385.0,684.0,695.0,7.0,1.0,1336.3333333333333,695.0,0.3333333333334849
611,611,262297,1337.0,385.0,733.0,695.0,7.0,1.0,1336.6666666666667,695.0,0.0
612,612,262298,1337.0,385.0,731.0,695.0,7.0,1.0,1336.6666666666667,695.0,0.4714045207910048
613,613,262299,1337.0,384.0,709.0,696.0,7.0,1.0,1337.0,695.3333333333334,1.054092553389436
614,614,262300,1340.0,384.0,736.0,696.0,7.0,1.0,1338.0,695.6666666666666,1.4907119849998258
615,615,262301,1341.0,383.0,708.0,697.0,7.0,1.0,1339.3333333333333,696.3333333333334,1.333333333333485
616,616,262302,1341.0,384.0,709.0,696.0,7.0,1.0,1340.6666666666667,696.3333333333334,0.4714045207909245
617,617,262303,1341.0,383.0,714.0,697.0,7.0,1.0,1341.0,696.6666666666666,0.4714045207909245
618,618,262304,1342.0,384.0,705.0,696.0,7.0,1.0,1341.3333333333333,696.3333333333334,0.4714045207910853
619,619,262305,1342.0,383.0,729.0,697.0,7.0,1.0,1341.6666666666667,696.6666666666666,0.3333333333332575
620,620,262306,1341.0,384.0,686.0,696.0,7.0,1.0,1341.6666666666667,696.3333333333334,0.4714045207910853
621,621,262307,1341.0,383.0,676.0,697.0,7.0,1.0,1341.3333333333333,696.6666666666666,0.3333333333332575
622,622,262308,1341.0,383.0,685.0,697.0,7.0,1.0,1341.0,696.6666666666666,0.3333333333332575
623,623,262309,1342.0,384.0,706.0,696.0,7.0,1.0,1341.3333333333333,696.6666666666666,0.7453559924999638
624,624,262310,1343.0,384.0,706.0,696.0,7.0,1.0,1342.0,696.3333333333334,1.0540925533894718
625,625,262311,1344.0,384.0,652.0,696.0,7.0,1.0,1343.0,696.0,1.3743685418724891
626,626,262312,1346.0,385.0,646.0,695.0,7.0,1.0,1344.3333333333333,695.6666666666666,1.6996731711976545
627,627,262313,1348.0,385.0,662.0,695.0,7.0,1.0,1346.0,695.3333333333334,1.0
628,628,262314,1347.0,384.0,610.0,696.0,7.0,1.0,1347.0,695.3333333333334,0.4714045207909245
629,629,262315,1347.0,384.0,628.0,696.0,7.0,1.0,1347.3333333333333,695.6666666666666,0.0
630,630,262316,1348.0,385.0,628.0,695.0,7.0,1.0,1347.3333333333333,695.6666666666666,0.4714045207910853
631,631,262317,1348.0,385.0,610.0,695.0,7.0,1.0,1347.6666666666667,695.3333333333334,0.7453559924999638
632,632,262318,1348.0,386.0,575.0,694.0,7.0,1.0,1348.0,694.6666666666666,0.3333333333332575
633,633,262319,1348.0,386.0,542.0,694.0,7.0,1.0,1348.0,694.3333333333334,0.3333333333332575
634,634,262320,1349.0,385.0,557.0,695.0,7.0,1.0,1348.3333333333333,694.3333333333334,0.6666666666667425
635,635,262321,1350.0,386.0,558.0,694.0,7.0,1.0,1349.0,694.3333333333334,0.4714045207909245
636,636,262322,1349.0,385.0,588.0,695.0,7.0,1.0,1349.3333333333333,694.6666666666666,0.6666666666666288
637,637,262323,1349.0,387.0,546.0,693.0,7.0,1.0,1349.3333333333333,694.0,0.0
638,638,262324,1350.0,386.0,495.0,694.0,7.0,1.0,1349.3333333333333,694.0,0.6666666666666288
639,639,262325,1349.0,387.0,443.0,693.0,7.0,1.0,1349.3333333333333,693.3333333333334,0.4714045207911657
640,640,262326,1350.0,388.0,414.0,692.0,7.0,1.0,1349.6666666666667,693.0,0.7453559924998622
641,641,262327,1351.0,388.0,404.0,692.0,7.0,1.0,1350.0,692.3333333333334,0.9428090415821706
642,642,262328,1351.0,389.0,415.0,691.0,7.0,1.0,1350.6666666666667,691.6666666666666,0.4714045207909245
643,643,262329,1351.0,389.0,415.0,691.0,7.0,1.0,1351.0,691.3333333333334,1.054092553389436
644,644,262330,1352.0,391.0,396.0,689.0,7.0,1.0,1351.3333333333333,690.3333333333334,0.7453559925000655
645,645,262331,1352.0,391.0,378.0,689.0,7.0,1.0,1351.6666666666667,689.6666666666666,0.6666666666666288
646,646,262332,1351.0,391.0,378.0,689.0,7.0,1.0,1351.6666666666667,689.0,0.7453559925000147
647,647,262333,1350.0,390.0,387.0,690.0,7.0,1.0,1351.0,689.3333333333334,0.4714045207910048
648,648,262334,1351.0,392.0,394.0,688.0,7.0,1.0,1350.6666666666667,689.0,0.3333333333333712
649,649,262335,1351.0,390.0,359.0,690.0,7.0,1.0,1350.6666666666667,689.3333333333334,0.0
650,650,262336,1350.0,390.0,406.0,690.0,7.0,1.0,1350.6666666666667,689.3333333333334,1.0540925533895078
651,651,262337,1350.0,389.0,368.0,691.0,7.0,1.0,1350.3333333333333,690.3333333333334,1.4907119849997243
652,652,262338,1349.0,386.0,360.0,694.0,7.0,1.0,1349.6666666666667,691.6666666666666,1.7950549357116
653,653,262339,1348.0,385.0,350.0,695.0,7.0,1.0,1349.0,693.3333333333334,1.201850425154705
654,654,262340,1348.0,386.0,288.0,694.0,7.0,1.0,1348.3333333333333,694.3333333333334,1.4907119849998258
655,655,262341,1347.0,390.0,184.0,690.0,7.0,1.0,1347.6666666666667,693.0,4.346134936801798
656,656,262342,1349.0,398.0,130.0,682.0,7.0,1.0,1348.0,688.6666666666666,11.080513425729764
657,657,262343,1352.0,419.0,240.0,661.0,7.0,1.0,1349.3333333333333,677.6666666666666,14.85111293996363
658,658,262344,1354.0,434.0,663.0,646.0,7.0,1.0,1351.6666666666667,663.0,15.723301886760964
659,659,262345,1353.0,445.0,1138.0,635.0,,,1353.0,647.3333333333334,14.727148022916415
660,660,262346,1356.0,463.0,1313.0,617.0,,,1354.3333333333333,632.6666666666666,16.669999666733272
661,661,262347,1364.0,483.0,1409.0,597.0,,,1357.6666666666667,616.3333333333334,19.023377431173746
662,662,262348,1364.0,501.0,1769.0,579.0,,,1361.3333333333333,597.6666666666666,17.91957340762084
663,663,262349,1373.0,514.0,2020.0,566.0,,,1367.0,580.6666666666666,16.57977348726108
664,664,262350,1389.0,526.0,1482.0,554.0,,,1375.3333333333333,566.3333333333334,15.620499351813308
665,665,262351,1394.0,537.0,1154.0,543.0,,,1385.3333333333333,554.3333333333334,14.681810363696952
666,666,262352,1401.0,548.0,1681.0,532.0,,,1394.6666666666667,543.0,13.486618882762537
667,667,262353,1415.0,557.0,2099.0,523.0,,,1403.3333333333333,532.6666666666666,11.935009193312164
668,668,262354,1423.0,558.0,1712.0,522.0,,,1413.0,525.6666666666666,12.119772641798455
669,669,262355,1432.0,567.0,913.0,513.0,,,1423.3333333333333,519.3333333333334,8.25294560209335
670,670,262356,1433.0,574.0,953.0,506.0,,,1429.3333333333333,513.6666666666666,9.219544457292832
671,671,262357,1429.0,585.0,2281.0,495.0,,,1431.3333333333333,504.6666666666667,12.762793146051065
672,672,262358,1407.0,596.0,1531.0,484.0,,,1423.0,495.0,17.71690968789104
673,673,262359,1393.0,609.0,1658.0,471.0,,,1409.6666666666667,483.3333333333333,19.533447098644853
674,674,262360,1382.0,620.0,2036.0,460.0,,,1394.0,471.6666666666667,19.56470745443893
675,675,262361,1365.0,637.0,1128.0,443.0,,,1380.0,458.0,21.730674684008765
676,676,262362,1350.0,658.0,1121.0,422.0,,,1365.6666666666667,441.6666666666667,25.796209885261156
677,677,262363,1340.0,685.0,1010.0,395.0,,,1351.6666666666667,420.0,28.5987567717356
678,678,262364,1334.0,717.0,942.0,363.0,,,1341.3333333333333,393.3333333333333,29.89239962859376
679,679,262365,1339.0,747.0,1172.0,333.0,,,1337.6666666666667,363.6666666666667,32.87180487219337
680,680,262366,1351.0,783.0,1677.0,297.0,,,1341.3333333333333,331.0,31.77874901390696
681,681,262367,1359.0,809.0,1418.0,271.0,,,1349.6666666666667,300.3333333333333,30.899478600419368
682,682,262368,1371.0,834.0,1376.0,246.0,,,1360.3333333333333,271.3333333333333,26.60409325231321
683,683,262369,1372.0,860.0,2067.0,220.0,,,1367.3333333333333,245.66666666666663,21.35675797285511
684,684,262370,1356.0,873.0,2002.0,207.0,,,1366.3333333333333,224.33333333333331,16.465452046971212
685,685,262371,1345.0,876.0,1940.0,204.0,,,1357.6666666666667,210.33333333333331,13.43709624716431
686,686,262372,1343.0,888.0,1978.0,192.0,,,1348.0,201.0,8.969082698049133
687,687,262373,1338.0,893.0,1933.0,187.0,,,1342.0,194.33333333333331,9.944289260117596
688,688,262374,1322.0,895.0,1433.0,185.0,,,1334.3333333333333,188.0,11.925695879998749
689,689,262375,1311.0,904.0,1294.0,176.0,,,1323.6666666666667,182.66666666666663,16.66666666666679
690,690,262376,1298.0,923.0,1901.0,157.0,,,1310.3333333333333,172.66666666666666,20.518284528683196
691,691,262377,1280.0,940.0,1864.0,140.0,,,1296.3333333333333,157.66666666666666,25.22124325070259
692,692,262378,1257.0,957.0,2149.0,123.0,,,1278.3333333333333,140.0,25.15065715951671
693,693,262379,1236.0,966.0,2036.0,114.0,,,1257.6666666666667,125.66666666666669,29.044027881056024
694,694,262380,1206.0,986.0,2294.0,94.0,,,1233.0,110.33333333333331,25.614665937917497
695,695,262381,1194.0,1001.0,2206.0,79.0,,,1212.0,95.66666666666669,27.588242262078012
696,696,262382,1163.0,1005.0,2336.0,75.0,,,1187.6666666666667,82.66666666666667,22.533925041540822
697,697,262383,1147.0,1019.0,2138.0,61.0,,,1168.0,71.66666666666667,25.19479664092921
698,698,262384,1122.0,1024.0,2018.0,56.0,,,1144.0,64.0,22.16102685145962
699,699,262385,1101.0,1029.0,743.0,51.0,,,1123.3333333333333,56.0,26.936138467782488
700,700,262386,1068.0,1036.0,1367.0,44.0,,,1097.0,50.333333333333336,25.888650451930054
701,701,262387,1046.0,1040.0,1444.0,40.0,,,1071.6666666666667,45.0,25.772509040103685
702,702,262388,1024.0,1036.0,2190.0,44.0,,,1046.0,42.66666666666666,18.36058580522714
703,703,262389,1013.0,1039.0,2288.0,41.0,,,1027.6666666666667,41.66666666666666,14.035668847618313
704,704,262390,1004.0,1037.0,1853.0,43.0,,,1013.6666666666666,42.66666666666666,9.006170724070865
705,705,262391,997.0,1037.0,1548.0,43.0,,,1004.6666666666666,42.333333333333336,7.007932013876144
706,706,262392,994.0,1030.0,1470.0,50.0,,,998.3333333333334,45.333333333333336,6.4031242374328485
707,707,262393,989.0,1025.0,1634.0,55.0,,,993.3333333333334,49.333333333333336,6.368324391514269
708,708,262394,995.0,1018.0,1209.0,62.0,,,992.6666666666666,55.66666666666666,3.480102169636777
709,709,262395,984.0,1033.0,1591.0,47.0,,,989.3333333333334,54.66666666666666,12.133516482134254
710,710,262396,960.0,1047.0,1534.0,33.0,,,979.6666666666666,47.333333333333336,21.460558137093138
711,711,262397,951.0,1065.0,1036.0,15.0,,,965.0,31.666666666666668,12.207693384819992
